id,source,text,is_relevant,relevance_reason,retrieval_scenario,photo_type,cues_remembered,cues_forgotten,query_style,query_verbatim,failure_stage,failure_detail,workaround,time_since_photo,user_segment_hint,sentiment,key_quote,problem_class,memory_index_gap
dbe4a69c2471,app_store,"This app is great for organizing.  
A few upgrades it could use:
1. Need option to add a face - for when the app doesn’t recognize that there is one in the picture. 
2. It would be nice to select mult",False,"The user is requesting features for editing metadata (adding faces and batch location/description editing), not trying to retrieve a specific photo.",,not_specified,[],[],not_mentioned,,not_applicable,,none_mentioned,unknown,,neutral,Need option to add a face - for when the app doesn’t recognize that there is one in the picture.,,
cb5b5705dcac,app_store,"Tried again and it’s still an unorganized mess.

Update: Just cancelled my subscription. Not giving any more money when feedback is being ignored across all Google products. 

4 years and still no fix",False,"The user is complaining about subscription cancellation, media playback bugs, and scrolling UI/sorting limitations, not searching for a specific photo.",,not_specified,[],[],not_mentioned,,not_applicable,,none_mentioned,unknown,,frustrated,Tried again and it’s still an unorganized mess.,,
eee94264a8c1,app_store,"I’m retired.. and so very often I find comfort in just sitting and watching my so many friends and events and so many precious memories I’m thankful to have this close to me , it’s a blessing",False,General positive feedback about browsing memories and photos; no specific retrieval task mentioned.,,not_specified,[],[],not_mentioned,,not_applicable,,none_mentioned,unknown,retired,positive,I’m retired.. and so very often I find comfort in just sitting and watching my so many friends and events and so many precious memories,,
7c5dfa5f2a64,app_store,"Google Photos app on iPhone shows 736 photos for an album, but on the website shows only 84 photos.

No upload status is shown. 
No way to get help! “Help and feedback” just keeps going round and roun",False,Complaint about album syncing issues between iPhone app and web interface.,,not_specified,[],[],not_mentioned,,not_applicable,,none_mentioned,unknown,,frustrated,"Google Photos app on iPhone shows 736 photos for an album, but on the website shows only 84 photos.",,
584c82266747,app_store,I love him,False,Text consists of short transcript/OCR fragments with no photo retrieval context.,,not_specified,[],[],not_mentioned,,not_applicable,,none_mentioned,unknown,,positive,I love him,,
27fcebefd2ac,app_store,Just wanted to say I really enjoyed the Google photo albums. They really captured really great moments.,False,Generic praise for photo albums feature with no mention of photo search or retrieval.,,not_specified,[],[],not_mentioned,,not_applicable,,none_mentioned,unknown,,positive,Just wanted to say I really enjoyed the Google photo albums.,,
a77d64f29be4,app_store,"Remember photos are fun, and google’s photo app is a lot of fun, it reminds me to laugh more and worry less.",False,"Generic praise comparing Google Photos to Apple Photos, no specific photo retrieval task.",,not_specified,[],[],not_mentioned,,not_applicable,,none_mentioned,unknown,,positive,"Remember photos are fun, and google’s photo app is a lot of fun, it reminds me to laugh more and worry less.",,
5cdc16783df2,app_store,This is a very basic functionality that most photo apps have but for some reason Google can’t figure it out.,False,"Feature request for album shuffling capability, not a photo retrieval problem.",,not_specified,[],[],not_mentioned,,not_applicable,,none_mentioned,unknown,,frustrated,It’s 2026 and they still don’t have the ability to shuffle an album,,
378e61bb28f6,app_store,Google does not need full access to ALL my photos for me to make a sharable album with friends/family. Fix this or lose me,False,"Complaint about app permissions and sharing access requirements, not photo retrieval.",,not_specified,['none_stated'],['none_stated'],not_mentioned,,not_applicable,,none_mentioned,unknown,,frustrated,Google does not need full access to ALL my photos for me to make a sharable album with friends/family.,,
b741625d1f6f,app_store,This app forces you to back-up every single photo in your camera roll. I don’t want my Google Photos to have every single screenshot or bad photo I’ve ever taken. Just let users backup the photos they,False,Complaint about backup settings and all-or-nothing backup behavior.,,not_specified,['none_stated'],['none_stated'],not_mentioned,,not_applicable,,none_mentioned,unknown,,frustrated,This app forces you to back-up every single photo in your camera roll.,,
9b78439bf5c9,app_store,My review is simply a functionality situation where I want to be able to delete duplicate photos within an album and also see the photo count in the album,False,"Feature request for duplicate deletion and photo counts in albums, not retrieving missing photos.",,not_specified,['none_stated'],['none_stated'],not_mentioned,,not_applicable,,none_mentioned,unknown,,neutral,I want to be able to delete duplicate photos within an album and also see the photo count in the album,,
c633a2b1c53b,app_store,"Easy & fun, with special features like location detection on every photo.
I have been using this on my iPhone for over two years and I Love it.
Talk about photo storage...
It is easy to use and brainl",False,"General praise for location detection feature and app setup, not a retrieval scenario.",,not_specified,['none_stated'],['none_stated'],not_mentioned,,not_applicable,,none_mentioned,unknown,,positive,"Easy & fun, with special features like location detection on every photo.",,
007359e7e983,app_store,I don't want my memories to have music with lyrics. I am a Christian and I was watching a memory and the words to the song said if you go to hell I'll go there with you. That is absolutely insane that,False,Complaint about auto-generated Memories background music.,,not_specified,['none_stated'],['none_stated'],not_mentioned,,not_applicable,,none_mentioned,unknown,,frustrated,I don't want my memories to have music with lyrics.,,
5d2b1f997d5e,app_store,I can’t always find the videos I’m looking for but it is nice when they just pop up with a new video of memories or wanna make dogs. It’s kind of cool they put it to music. The only thing is I don’t k,True,User explicitly mentions difficulty looking for specific videos in their library.,Trying to find specific stored videos in the library.,video,['none_stated'],['none_stated'],not_mentioned,,app_misunderstands,User cannot consistently locate the specific videos they are looking for.,none_mentioned,unknown,pet owner,neutral,I can’t always find the videos I’m looking for but it is nice when they just pop up with a new video,vague_memory_retrieval,remembers specific videos exist; app search fails to locate them
2913d6bdf8be,app_store,I love how I can put a date in the search bar and all my photos will appear and bring awesome memories back to life!!,True,User describes successfully searching and retrieving photos by typing dates into the search bar.,Finding photos by searching for a specific date.,not_specified,['exact_date'],['none_stated'],date_only,,succeeded,,none_mentioned,unknown,,positive,I love how I can put a date in the search bar and all my photos will appear,general_praise_or_success,
98680b6d047d,app_store,I’m loving this Google Photos back up and edit series. I can do so many different things in view photos in different mini aspects. It’s a lot of fun and an easy way to find all of your photos. I stron,False,"Generic praise for backup, editing, and viewing features, not a specific retrieval problem or query.",,not_specified,['none_stated'],['none_stated'],not_mentioned,,not_applicable,,none_mentioned,unknown,,positive,It’s a lot of fun and an easy way to find all of your photos.,,
9a363d4dd2be,app_store,When I go to my Google photos and I take a screenshot after I edit it when I buy things at a store in different towns and different places why doesn’t it show up on top of the photo? Can you help me o,False,"The user is asking about screenshot location overlays/metadata settings after editing, not attempting to retrieve a missing or hard-to-find photo.",,not_specified,[],[],not_mentioned,,not_applicable,,none_mentioned,unknown,,frustrated,why doesn’t it show up on top of the photo?,,
350fdd7f269d,app_store,Last Thursday I drove 500 miles from my home to East Tennessee for my brothers celebration of life. I brought my 2 Pommies with me for company as this was my first trip to TN without my spouse who had,False,"This is a story/review about a pet boarding business and navigation, completely unrelated to searching for or retrieving personal photos.",,not_specified,[],[],not_mentioned,,not_applicable,,none_mentioned,unknown,pet owner,positive,When o arrived i quickly realized this was not what I had booked.,,
8873778482f4,app_store,"I enjoy how they categorize
 pics. Makes it easy to find a photo.",False,"Generic praise about categorizing photos making them easy to find, without any specific retrieval attempt or problem described.",,not_specified,[],[],not_mentioned,,not_applicable,,none_mentioned,unknown,,positive,I enjoy how they categorize pics. Makes it easy to find a photo.,,
e3c11aaedcee,app_store,"Not only does it store my photos in the Cloud, it does so much more!  Checking out all the fun things I can do with my photos--make collages, edit, cinematic photos, photo to video, search, and a lot ",False,"Generic positive feedback listing multiple features (collages, editing, cinematic photos, search) with no specific retrieval attempt.",,not_specified,[],[],not_mentioned,,not_applicable,,none_mentioned,unknown,,positive,"Checking out all the fun things I can do with my photos--make collages, edit, cinematic photos, photo to video, search, and a lot more.",,
e58259e01803,app_store,Love the way my memories are m being able to remember them through google Awesome job,False,"Generic praise about memory features, no photo search or retrieval scenario mentioned.",,not_specified,[],[],not_mentioned,,not_applicable,,none_mentioned,unknown,,positive,Love the way my memories are m being able to remember them through google,,
ec276db276a6,app_store,Slow uploads. New photos don’t show for people with shared album links. Takes an insanely long time to create a share link.,False,"Complaint about upload speeds and album sharing features, not photo search or retrieval.",,not_specified,[],[],not_mentioned,,not_applicable,,none_mentioned,unknown,iOS user,frustrated,Slow uploads. New photos don’t show for people with shared album links.,,
fbd03ce2a72c,app_store,Whenever I try to make shared albums with friends most of the photos end up stuck in a partial upload state and at low quality resolution. There doesn’t seem to be any way to fix this other than delet,False,"Complaint about photo upload failures and shared albums, not retrieval or search.",,not_specified,[],[],not_mentioned,,not_applicable,,none_mentioned,unknown,,frustrated,Whenever I try to make shared albums with friends most of the photos end up stuck in a partial upload state,,
4aee4c8669b2,app_store,The ONLY way to save all of your photos and videos in an organized and easy to find format is to,False,"Incomplete sentence containing generic praise for photo organization, not a specific retrieval attempt.",,not_specified,[],[],not_mentioned,,not_applicable,,none_mentioned,unknown,,positive,The ONLY way to save all of your photos and videos in an organized and easy to find format is to,,
9cd4567ba3ac,app_store,This app has become completely useless.,False,"Generic complaint about search being impossible without any details, specific scenario, or retrieval context.",,not_specified,['none_stated'],['none_stated'],not_mentioned,,not_applicable,,none_mentioned,unknown,,frustrated,This app has become completely useless.,,
95a5c5dcbfaa,app_store,"NEVER DOWNLOAD THIS. If you are an apple user like me and just wanted to download Google Photos because someone shared an album with you, IUST DONT DO IT. It is horrible. It took all my photos and imm",False,"Complaint about storage, backup, sync, and photo deletion across platforms.",,not_specified,['none_stated'],['none_stated'],not_mentioned,,not_applicable,,none_mentioned,unknown,Apple / iCloud user,frustrated,"If you try to delete the photos off of this app in hopes of clearing storage, you are wrong because it ALSO deletes them off of your iCloud to.",,
ef6632494152,app_store,"I really enjoy using Google Photos. It makes it easy to keep my pictures organized, find older memories, and have my photos backed up in one place. I especially like being able to search for photos wi",False,"Generic positive feedback praising general search, memories, and backup capabilities without describing a specific retrieval attempt.",,not_specified,['none_stated'],['none_stated'],not_mentioned,,not_applicable,,none_mentioned,unknown,,positive,I especially like being able to search for photos without scrolling through thousands of pictures.,,
3c47d47cdd98,app_store,"Finding, arranging photos and videos is an arduous task.  Google does it exceptionally well…with an appropriate sound track!  Mahalo",False,Generic praise for organizing photos/videos and slideshow memory features.,,not_specified,['none_stated'],['none_stated'],not_mentioned,,not_applicable,,none_mentioned,unknown,,positive,"Finding, arranging photos and videos is an arduous task. Google does it exceptionally well…with an appropriate sound track!",,
3deb3c1abe27,app_store,You can actually find stuff…..when you search and need to!,False,Generic praise comparing search functionality to iCloud without details of a specific retrieval attempt.,,not_specified,['none_stated'],['none_stated'],not_mentioned,,not_applicable,,none_mentioned,unknown,,positive,You can actually find stuff…..when you search and need to!,,
f862357df34f,app_store,"cant use it as all. 

edit: I should clarify that it’s one specific object in one image that doesnt work. It’s not an issue with the file itself because even in screenshots kt crashes my app. I’m be h",False,Complaint about Magic Eraser photo editing feature crashing the app.,,food_meal,['visual_detail'],['none_stated'],not_mentioned,,not_applicable,,none_mentioned,unknown,iPhone user,frustrated,The image is of a fruit stand and I’m trying to remove a chair,,
76fdc6a4eb6a,app_store,I love how Google Photos groups my pictures from an event so I can save them in an album. Apple photos are very disappointing,False,General praise for photo grouping and album organization.,,event_celebration,['context_event'],['none_stated'],not_mentioned,,not_applicable,,none_mentioned,unknown,,positive,I love how Google Photos groups my pictures from an event so I can save them in an album.,,
f8a865600f2e,app_store,This is the worst downgrade to an application feature I’ve seen in years. This new search is so bad I can’t imagine a human reviewed the feature at all. Total AI slop.,False,Generic complaint about Gemini search update without details of a specific photo retrieval task.,,not_specified,['none_stated'],['none_stated'],not_mentioned,,not_applicable,,none_mentioned,unknown,,frustrated,This new search is so bad I can’t imagine a human reviewed the feature at all.,,
53c93f29b616,app_store,"Time fly’s fast, so enjoy life each year and find a great church that you like and live for God!! So when this life is all most over you want have no regrets. I did, and still is when ever I can. Yes ",False,"Review is about church life and personal reflections, not finding a photo.",,not_specified,[],[],not_mentioned,,not_applicable,,none_mentioned,unknown,,positive,"Time fly’s fast, so enjoy life each year and find a great church that you like and live for God!!",,
077e4337d2e1,app_store,Thanks for improving and watching my hackers & dark web trafficking POs and documenting everything!Bro & sisters ✅🇺🇸,False,"Review is an incoherent rant about hackers and dark web trafficking, not about finding photos.",,not_specified,[],[],not_mentioned,,not_applicable,,none_mentioned,unknown,,positive,Thanks for improving and watching my hackers & dark web trafficking POs and documenting everything!,,
8cddd0a4eb58,app_store,I cannot navigate on an iPhone to any of my albums and links to them on safari crash,False,"Review is about app crashing when navigating albums on iOS, not about searching/retrieving a specific forgotten photo.",,not_specified,[],[],not_mentioned,,not_applicable,,none_mentioned,unknown,,frustrated,I cannot navigate on an iPhone to any of my albums and links to them on safari crash,,
919746c0f64a,app_store,I sure love the way they put your old memories together and make you remember good memories buried within thousands of pictures and videos.,False,"General praise for memories features, not a retrieval complaint or specific photo search.",,not_specified,[],[],not_mentioned,,not_applicable,,none_mentioned,unknown,,positive,I sure love the way they put your old memories together and make you remember good memories buried within thousands of pictures and videos.,,
929ca446bc51,app_store,"I am enjoying Google photos but there needs to be more AI functionality to create slide shows for specific dates, people or locations",False,"Feature request for AI slide shows, not about retrieving a specific photo.",,not_specified,[],[],not_mentioned,,not_applicable,,none_mentioned,unknown,,neutral,"I am enjoying Google photos but there needs to be more AI functionality to create slide shows for specific dates, people or locations",,
8f68cafe2bb5,app_store,This app has provided opportunities to reflect on life over the years. The memories are invaluable. Friendships are reinforced as we remember the time shared.,False,"General appreciation of memories, no specific photo retrieval issue.",,not_specified,[],[],not_mentioned,,not_applicable,,none_mentioned,unknown,,positive,This app has provided opportunities to reflect on life over the years.,,
e83f0e1a4dcd,app_store,"I used app all the time and it was much easier for me. Because I couldn’t pay for the subscription ones and it’s hard to find unlimited storage one purchases.   But when Covid hit, that’s when they st",False,"Complaint about subscription pricing and photo sync failures, not searching for a photo.",,not_specified,[],[],not_mentioned,,not_applicable,,none_mentioned,unknown,,frustrated,I wish they can bring back the unlimited storage again.  Also please fix because I tried adding all of my photo and they don’t fully sync.,,
2121ba5b84ff,app_store,"Google Photos shares these Spotlight videos with me and I really love them then they disappear and I can never find them again, I’m not technologically illiterate - promise!",True,User is trying to find Spotlight videos that disappear after being shown and cannot be found again.,Trying to find automated Spotlight/memory videos that disappeared from the app.,video,['source_channel'],"['approx_time', 'exact_date']",not_mentioned,,cannot_express,spotlight videos disappear with no direct search or retrieval path,none_mentioned,unknown,experienced user,frustrated,Google Photos shares these Spotlight videos with me and I really love them then they disappear and I can never find them again,vague_memory_retrieval,remembers spotlight videos created by app; app provides no search path to find them again
937d8c22b85e,app_store,"I love it because you can edit on the albums screen, added extra",False,Positive feedback about editing on the albums screen.,,not_specified,[],[],not_mentioned,,not_applicable,,none_mentioned,unknown,,positive,"I love it because you can edit on the albums screen, added extra",,
fd2bffacc347,app_store,"I wanted to use my tablet to look at my photos. Google forces you to enable your gallery to look at your past uploads! Makes no sense On top of that, explain why it takes sometimes minutes to load a s",True,User complains about video loading speeds and inability to jump to a date after searching an image.,"Trying to jump to a specific date after searching an image, but failing.",other,['exact_date'],['none_stated'],category_word,,cannot_refine,searching an image does not allow jumping directly to that date,none_mentioned,unknown,"tablet user, paying subscriber",frustrated,And why can’t you search up an image and jump to that date!,ui_navigation_regression,
aab138eb4df2,app_store,"I'm always having trouble synchronizing photos from my iPhone. A lot of time photoed look uploaded from my end, but others in a shared album just can't see them. When I logged onto my account on a bro",False,"Complaint about sync issues and shared album visibility, not photo search/retrieval.",,not_specified,[],[],not_mentioned,,not_applicable,,none_mentioned,unknown,iOS user,frustrated,I'm always having trouble synchronizing photos from my iPhone.,,
9971f28f4c3f,app_store,Woke up this morning to see Sherbet when he was a kitten. Made me laugh how I would find him in small places: serving bowl.  The video made the start of a wonderful day. Shared with my spouse.,False,"Positive review about viewing a memory video of a pet, not a retrieval failure or search complaint.",,pet_animal,[],[],not_mentioned,,not_applicable,,none_mentioned,3plus_years,pet owner,positive,Woke up this morning to see Sherbet when he was a kitten.,,
9df6c5cabcd7,app_store,"I like almost everything about Google Photos, but the search feature is particularly notable & puts Apple Photos to shame in that regard! I use it a lot & often compare the two systems. No comparison!",False,"Praise for the search feature, not a retrieval problem.",,not_specified,[],[],not_mentioned,,not_applicable,,none_mentioned,unknown,,positive,"I like almost everything about Google Photos, but the search feature is particularly notable & puts Apple Photos to shame in that regard!",,
95e14645a3f1,app_store,"This app has become completely unusable and invasive. First, the core delete feature is entirely broken. When trying to clean out old duplicate photos that live only in the cloud, the app visually hid",False,"Complaint about core delete feature and privacy violations regarding help tools, not photo search.",,not_specified,[],[],not_mentioned,,not_applicable,,none_mentioned,unknown,,frustrated,"This app has become completely unusable and invasive. First, the core delete feature is entirely broken.",,
7c9e0f1f00ac,app_store,"I got Google photos to share a photo album with my dad since the quality between iPhone and Android is awful over text. Not only did it not share the photo album, it translated all of my photos from m",False,"Complaint about unwanted photo translation/syncing filling up storage, not photo search.",,not_specified,[],[],not_mentioned,,not_applicable,,none_mentioned,unknown,,frustrated,"Not only did it not share the photo album, it translated all of my photos from my gallery into it, causing my Gmail storage to fill up.",,
49bd7190c13c,app_store,"Very surprised to see this app has such high reviews. It's extremely buggy. I spent hours collecting photos and videos to upload to an album, only to see that the album didn't sync between devices. Go",False,"Review is about syncing issues, storage limits, and inability to delete photos easily.",,not_specified,[],[],not_mentioned,,not_applicable,,none_mentioned,unknown,,frustrated,"Waste of time, don't download.",,
782ba07313ba,app_store,"They now require users to grant access to their entire 
Photo library to use Google Photos. Ummm…. No thank you.  

We were looking for a way share photos from vacation into a single source.",False,Review is about permission prompts to access the photo library.,,not_specified,[],[],not_mentioned,,not_applicable,,none_mentioned,unknown,,frustrated,They now require users to grant access to their entire Photo library to use Google Photos.,,
f7a79f4c0344,app_store,"My google photo auto backup all 18,000 of my phone photos after one accidental click. 

It immediately filled up all of my storage. Email, Google Docs, Sheets were all unusable because I had no storag",False,Review is about accidental bulk backup filling storage and difficulty deleting photos.,,not_specified,[],[],not_mentioned,,not_applicable,,none_mentioned,unknown,,frustrated,"My google photo auto backup all 18,000 of my phone photos after one accidental click.",,
3a94d03aba01,app_store,Love it that I can not only store all my pictures but also search them using keywords or events,True,User mentions searching for photos using keywords or events.,User searches for stored pictures using keywords or events.,other,"['context_event', 'text_content']",['none_stated'],category_word,,succeeded,none,none_mentioned,unknown,,positive,Love it that I can not only store all my pictures but also search them using keywords or events,general_praise_or_success,
03ae99239f39,app_store,I want to have albums in my hidden so i can organise thinks as of particular so i wont have to find one i can just have it in the separate album if u do that i think it would be a great improvement,False,User wants albums inside the hidden folder for organization.,,not_specified,[],[],not_mentioned,,not_applicable,,none_mentioned,unknown,,neutral,I want to have albums in my hidden so i can organise thinks as of particular so i wont have to find one,,
34ff17453b65,app_store,It’s always awesome to collect and compile sweet memories family photos and videos which give us a lasting memories and refreshes us again and again after long days repetitive works of exhaustive natu,False,General positive feedback about collecting memories.,,not_specified,[],[],not_mentioned,,not_applicable,,none_mentioned,unknown,,positive,It’s always awesome to collect and compile sweet memories family photos and videos,,
04be3ce33c82,app_store,"Lot of cusmization need 
Like old photos first backup 
And video",False,Feedback requesting preference settings for backups.,,not_specified,[],[],not_mentioned,,not_applicable,,none_mentioned,unknown,,neutral,Lot of cusmization need Like old photos first backup And video,,
ee3a2753e25e,app_store,"I want to SORT the files in locked folder as per size , or recent ,and not just with time stamp ..kindly allow it …
And face recognition part if I have multiple vedios shared or downloaded ..please al",True,User wants face recognition to label downloaded videos so they can find them easily.,User wants to find downloaded/shared videos easily using face labels.,video,"['people_present', 'source_channel']",['none_stated'],person_name,,cannot_express,app lacks face labeling for downloaded videos making them hard to find,none_mentioned,unknown,,frustrated,please allow to label their face …hence it would be great to find them easily,feature_request,
758e0f4a9ecd,app_store,"A pretty useful app for storing photos. I love how simple it is to use, and I also enjoy the way it resurfaces old photos and brings back memories.

The reason I reduced a star is that there is no opt",False,Feedback about deletion behavior between cloud and device gallery.,,not_specified,[],[],not_mentioned,,not_applicable,,none_mentioned,unknown,,neutral,"Deleting a photo from Google Photos also removes it from the gallery, which is frustrating.",,
b264f2266de2,app_store,Every time I login find some better experience from previous versions…. keep it up 💞.,False,Generic positive app review.,,not_specified,[],[],not_mentioned,,not_applicable,,none_mentioned,unknown,,positive,Every time I login find some better experience from previous versions,,
0fb473cf8da5,app_store,"After the recent update, I can no longer view my albums.
Although the albums are present on thr website",False,Bug report regarding albums not loading after an update.,,not_specified,[],[],not_mentioned,,not_applicable,,none_mentioned,unknown,,frustrated,"After the recent update, I can no longer view my albums.",,
8713b353865b,app_store,"I wanted this for specific features, but did not want to give Google access to every photo on my device. Unfortunately, they disable the ability to upload a single photo unless you give it full access",False,Privacy complaint about requiring full photo library access.,,not_specified,[],[],not_mentioned,,not_applicable,,none_mentioned,unknown,,frustrated,"Unfortunately, they disable the ability to upload a single photo unless you give it full access to every photo.",,
232f4cb59fef,app_store,Where are my photos. I just see a screen which is just stuck on “allow full access”.,False,App stuck on permission prompt screen.,,not_specified,[],[],not_mentioned,,not_applicable,,none_mentioned,unknown,,frustrated,Where are my photos. I just see a screen which is just stuck on “allow full access”.,,
4c54c48c0ec1,app_store,Would love if app layout could go back to monthly sections as photos are so hard to find now that they are all cluttered together which makes the app much harder to use,True,User complains that photos are hard to find because layout changed and things are cluttered.,User tries to find photos in the clutter without monthly sections.,other,['approx_time'],['none_stated'],not_mentioned,,cannot_express,cluttered layout without monthly sections makes photos hard to find,scroll_by_date,unknown,,frustrated,photos are so hard to find now that they are all cluttered together,ui_navigation_regression,
8762d1d6d391,app_store,For some reason the app has become super slow and is bugging. Gets stuck on the loading state multiple times where i have to restart the app and re do what i was trying in the first place - which can ,False,"Complaint about app slowness, freezing, and disappearing albums.",,not_specified,[],[],not_mentioned,,not_applicable,,none_mentioned,unknown,,frustrated,For some reason the app has become super slow and is bugging.,,
a5a75109829a,app_store,I tried to enter 2 phone numbers and no account found,False,"The user is talking about entering phone numbers to find an account, not searching for a photo.",,not_specified,[],[],not_mentioned,,not_applicable,not applicable,none_mentioned,unknown,,frustrated,I tried to enter 2 phone numbers and no account found,,
15f630d19abc,app_store,"The app now hides the file names of my photos. It might not matter to most people, but it does to me. Even when using my phone in landscape and tapping on the device name, the name is still truncated.",False,"The user wants to see and search by file names, but is not describing a retrieval attempt for a specific photo.",,not_specified,[],[],not_mentioned,,not_applicable,not applicable,none_mentioned,unknown,,frustrated,Please show the full file name! And use it when searching.,,
bb1709f1c5e9,app_store,"App is getting progressively worse. Search doesn't work well, photos don't open smoothly and albums I open are now multiple taps away",False,"Generic complaint about search not working well and UI performance, without a specific retrieval scenario.",,not_specified,[],[],not_mentioned,,not_applicable,not applicable,none_mentioned,unknown,,frustrated,"Search doesn't work well, photos don't open smoothly and albums I open are now multiple taps away",,
0bd753c32e0f,app_store,Please can you fix the search function? It used to be excellent and now it doesn’t work at all.,False,Generic complaint about the search function not working at all after an update.,,not_specified,[],[],not_mentioned,,not_applicable,not applicable,none_mentioned,unknown,,frustrated,It used to be excellent and now it doesn’t work at all.,,
364ce9f2d7a9,app_store,"Deleting app data, deleting the app, rebooting, reinstalling.  Using the search function still fully locks up the app. I really need to move away from all things Google because this isn't isolated.",False,"App crashes/locks up when using search, but no specific photo retrieval is described.",,not_specified,[],[],not_mentioned,,not_applicable,not applicable,none_mentioned,unknown,iPad user,frustrated,Using the search function still fully locks up the app.,,
4847153a0f95,app_store,Search is gone because there’s a gemini pop-up where the accept/reject buttons (i assume) don’t fit the screen and can’t be clicked,False,UI bug blocking the search interface due to a gemini pop-up.,,not_specified,[],[],not_mentioned,,not_applicable,not applicable,none_mentioned,unknown,,frustrated,Search is gone because there’s a gemini pop-up where the accept/reject buttons,,
59a3dcb41e74,app_store,Google photos used to be a fantastic app for iPad but since a recent update (?) the search function no longer works and the app simply locks up when you try to search. It’s not possible to interact wi,False,"App locks up when trying to search, generic performance complaint.",,not_specified,[],[],not_mentioned,,not_applicable,not applicable,none_mentioned,unknown,iPad user,frustrated,the search function no longer works and the app simply locks up when you try to search.,,
4d7941ecb970,app_store,When you do an AI search for a picture the App crashes. You have to close it down around three times before it actually works again,False,"App crashes when performing an AI search, but no specific photo or retrieval goal is described.",,not_specified,[],[],not_mentioned,,not_applicable,not applicable,none_mentioned,unknown,,frustrated,When you do an AI search for a picture the App crashes.,,
cf16af95739c,app_store,"I liked the old method of the photos being filed by date.You could clearly see the year, month and date of each photo.The photos were also grouped on the screen according to the date.
The photos are n",True,The user is complaining that photos are harder to find because the layout update removed clear date groupings and replaced them with an endless scroll.,Finding photos in the endless scroll layout without clear date groupings.,not_specified,['approx_time'],['exact_date'],date_only,,cannot_refine,endless scroll layout makes photos more difficult to find by date,scroll_by_date,unknown,,frustrated,"The photos are now filed in one endless scroll.There is no information concerning a group of photos, and they are more difficult to find.",ui_navigation_regression,
ca30baa47661,app_store,Photos just  hangs when I type in a search term. No results shown. Also I hate the new layout.,False,"App hangs when typing search terms, but no specific photo is mentioned.",,not_specified,[],[],not_mentioned,,not_applicable,not applicable,none_mentioned,unknown,,frustrated,Photos just hangs when I type in a search term.,,
ee6320f99a6c,app_store,"With the recent updates I increasingly find if I search for any photos, then issue a follow up query, it will completely ignore the initial search results and describe some random photo from my librar",True,"The user searches for photos and issues follow-up queries, but the app ignores initial results and returns random incorrect photos.","Searching for specific photos and using follow-up queries, but getting random unrelated photos.",other,['none_stated'],['none_stated'],natural_language_sentence,,app_misunderstands,follow-up query ignores initial search and returns random unrelated photos,none_mentioned,unknown,,frustrated,"if I search for any photos, then issue a follow up query, it will completely ignore the initial search results and describe some random photo",vague_memory_retrieval,remembers search query intent; app returns random unrelated photos
d1acfd514d96,app_store,My one major problem with the Google photos app is how clumsy it looks. Give us some options about how to set up the look of our albums. The one option of text for naming albums is very poor and it’s ,False,"Complaint about album naming font and layout options, not searching for a photo.",,not_specified,[],[],not_mentioned,,not_applicable,not applicable,none_mentioned,unknown,,frustrated,My one major problem with the Google photos app is how clumsy it looks.,,
750ffbcad190,app_store,Added my Live Photo and video as screenshot. I tried to undo as screenshot but does not work,False,"Issue with a Live Photo/video incorrectly categorized as a screenshot, not about retrieval.",,not_specified,[],[],not_mentioned,,not_applicable,not applicable,none_mentioned,unknown,,frustrated,Added my Live Photo and video as screenshot. I tried to undo as screenshot but does not work,,
5e922b6ae61e,app_store,"Got an invite to someone else's shared album and asked to contribute.  Great, I created an album on the iPhone and put all the photos I wanted to share in it BUT - you only have access to your camera ",False,"Difficulty sharing photos to an album and navigating the camera roll, not retrieving a lost photo.",,not_specified,[],[],not_mentioned,,not_applicable,not applicable,none_mentioned,unknown,iPhone user,frustrated,The only thing you can do is hunt through your pics again to select them.,,
a1a2142be75d,app_store,They have update and taken away the useful editing tools! I want to keep all my photos on my device! Can’t find out how to do this! When there is no signal I can’t see my photos. I feel scammed by Goo,False,"Complaint about removed editing tools, offline visibility, and local storage, not searching for a specific photo.",,not_specified,[],[],not_mentioned,,not_applicable,not applicable,none_mentioned,unknown,,frustrated,When there is no signal I can’t see my photos. I feel scammed by Google,,
857476ba0e49,app_store,"I downloaded the app because a friend of mine shared an album with me and almost lost all my photos !!! 

I cannot see the size of the album my friend shared with me before transferring/saving the con",False,"The user is complaining about shared album sizes, storage, and fear of losing local photos, not trying to find a specific photo.",,not_specified,[],[],not_mentioned,,not_applicable,,none_mentioned,unknown,,frustrated,I downloaded the app because a friend of meine shared an album with me and almost lost all my photos !,,
7c4f1def1f1a,app_store,"Still one of the best apps, but in recent updates if you use search it’ll cause the app to become unresponsive.. I don’t know how breaking a basic feature like this can get through testing. Why I need",False,"The user is complaining about the search feature causing the app to become unresponsive, not about failing to find a specific photo.",,not_specified,[],[],not_mentioned,,not_applicable,,none_mentioned,unknown,,frustrated,in recent updates if you use search it’ll cause the app to become unresponsive..,,
31df9df3a034,app_store,I can’t filter for multiple dates at a time to create an album from a set of dates. And I have to do this because Google Photos can’t sync my albums from iPhone.,False,"The user is complaining about album creation filtering and syncing issues, not retrieving a remembered photo.",,not_specified,[],[],not_mentioned,,not_applicable,,none_mentioned,unknown,,frustrated,I can’t filter for multiple dates at a time to create an album from a set of dates.,,
51e76565a6e4,app_store,"I have used Photos for years but the last few days can no longer Search on the app on my I phone. Tried all fixes, nothing works, it’s stuck on some Gemini screen that I never asked for. No issues at ",False,"The user is complaining about the search screen being stuck on Gemini and search not working generally, but does not describe trying to retrieve a specific photo.",,not_specified,[],[],not_mentioned,,app_misunderstands,search stuck on Gemini screen,none_mentioned,unknown,,frustrated,the last few days can no longer Search on the app on my I phone.,,
3b2c2d467066,app_store,Zooming in on a photo is a pain and doesn’t let me look at the picture with out the description coming up so annoying and I struggle to find stuff on there super annoying,True,The user mentions struggling to find stuff on the app alongside UI complaints when zooming.,User struggles to find miscellaneous items in their photo library.,not_specified,[],['none_stated'],not_mentioned,,gave_up,struggles to find stuff due to poor UI and navigation,none_mentioned,unknown,,frustrated,I struggle to find stuff on there super annoying,ui_navigation_regression,
4b0d3d5fc8d4,app_store,"Google photos team, one of the main things for a full photo app should be the ability to just go in and browse and enjoy your photos, just to sit and relax and look through old albums etc, unfortunate",False,"The user is complaining about UI elements (stickers) distracting them while browsing, not trying to retrieve a specific photo.",,not_specified,[],[],not_mentioned,,not_applicable,,none_mentioned,unknown,,frustrated,"Every photo you look at, you are immediately distracted by this silly squiggly ghost thing floating about",,
79fa4e29d97d,app_store,Pray helpful and a great way to remember things,False,Generic positive feedback about holiday snaps and remembering things.,,not_specified,[],[],not_mentioned,,not_applicable,,none_mentioned,unknown,,positive,Pray helpful and a great way to remember things,,
8e934f0b1f72,app_store,This has been a great app but right now it keeps freezing. The only fix I’ve found is to delete and reinstall which I’ve had to do four times in two days. Hope this is fixed soon.,False,"App freezing and crashing complaint, not about finding a photo.",,not_specified,[],[],not_mentioned,,not_applicable,,none_mentioned,unknown,,frustrated,This has been a great app but right now it keeps freezing.,,
e68cce45c2db,app_store,I love this app so much! It is so amazing! I use it regularly to back up photos keep in touch with old memories and share photos with my family and friends. It’s also really good at creating more stor,False,"General positive review and feature request for chatting/sharing, not about retrieving a lost photo.",,not_specified,[],[],not_mentioned,,not_applicable,,none_mentioned,unknown,,positive,I love this app so much! It is so amazing!,,
1780288baba7,app_store,"I’ve been using iCloud up to now but when I delete photos from my phone, it deletes them form the cloud too. That doesn’t happen with Google Photos. I can arrange pics into albums, everything is great",False,"App review discussing cloud deletion behavior, photo rotation, and pricing details.",,not_specified,[],[],not_mentioned,,not_applicable,,none_mentioned,unknown,,neutral,Can’t find details of prices once I get to my limit,,
7b7e423ce918,app_store,I love seeing these photos. Time goes by so quickly and it’s great to look back and remember. I enjoy it everyday.,False,Generic positive feedback about looking back at memories.,,not_specified,[],[],not_mentioned,,not_applicable,,none_mentioned,unknown,,positive,Time goes by so quickly and it’s great to look back and remember.,,
4ca615c745b0,app_store,It’s a great album to fill for photos it’s got a 4 because there is always something waiting to be released having a new model release every year.,False,Generic review about album filling and annual updates.,,not_specified,[],[],not_mentioned,,not_applicable,,none_mentioned,unknown,,positive,It’s a great album to fill for photos it’s got a 4 because there is always something waiting to be released,,
a893ca0cee05,app_store,I have finally found a useful use for A.I,False,Praise for Magic Eraser feature.,,not_specified,[],[],not_mentioned,,not_applicable,,none_mentioned,unknown,,positive,I have finally found a useful use for A.I,,
e15cde22380b,app_store,"This seems to be an issue that’s lasted for years now but when doing a custom order on albums, it keeps resetting the order of the images. It is extremely annoying as I like to have my photos set in a",False,Complaint about album custom ordering resetting.,,not_specified,[],[],not_mentioned,,not_applicable,,none_mentioned,unknown,,frustrated,"when doing a custom order on albums, it keeps resetting the order of the images.",,
decccb8485e6,app_store,I tried using it as a replacement to shared iCloud albums but this is a disaster. You cannot put a photo in an album unless you decide to backup an entire iCloud Photo Library! Truly an unhinged choic,False,Complaint about backup requirements for shared iCloud albums.,,not_specified,[],[],not_mentioned,,not_applicable,,none_mentioned,unknown,,frustrated,You cannot put a photo in an album unless you decide to backup an entire iCloud Photo Library!,,
f2e83b46138f,app_store,"I not happy at all right now I keep waiting to if it will change but no when asked anybody I if they 
have pay for more Storage they say no when deleted photos and video there still doesn’t make noSpa",False,"The user is complaining about storage space and billing, not searching for a specific photo.",,not_specified,[],[],not_mentioned,,not_applicable,,none_mentioned,unknown,,frustrated,I not happy at all right now I keep waiting to if it will change but no when asked anybody I if they have pay for more Storage they say no when deleted photos and video there still doesn’t make noSpace,,
f758c0aed052,app_store,I didn’t turn on the option for this app to sync my photos from my iPhone to this app. I never even opened it. But gmail kept telling me my storage is full and I’ll stop receiving emails. So I deleted,False,"The user is complaining about cloud sync and photo deletion across devices, not searching for a specific photo.",,not_specified,[],[],not_mentioned,,not_applicable,,none_mentioned,unknown,,frustrated,So I deleted 6gb of photos from this app which then caused them to be deleted to my IPhones own photo album.,,
0c80784a5d16,app_store,It makes all manner of fancy stuff - tells you it’s done it then hides it away never to be found.,True,The user generated content automatically (fancy stuff) and now cannot find where the app hid it.,User is trying to find a generated creation that the app hid away after making it.,other,[],['none_stated'],not_mentioned,,cannot_express,app creates content and hides it away with no clear way to locate it,none_mentioned,unknown,,frustrated,It makes all manner of fancy stuff - tells you it’s done it then hides it away never to be found.,vague_memory_retrieval,remembers app-generated content exists; app hides it with no retrieval path
52cd83875484,app_store,"I’ve been using Google Photos mainly to share albums with my friends, but it’s been extremely frustrating. We’ve been trying to share photos with each other, but none of us can see each other’s pictur",False,"The user is talking about sharing albums with friends and upload failures, not trying to find an existing photo in their own library.",,not_specified,[],[],not_mentioned,,not_applicable,,none_mentioned,unknown,,frustrated,"We’ve been trying to share photos with each other, but none of us can see each other’s pictures.",,
0c42a54ab0ed,app_store,I like the app and how google make little short movies from my photos although find that trying to setup backup from an  iPhone to google drive difficult to work out and rather complicated 😂,False,"The user is talking about setting up backup from iPhone to Google Drive, not searching for a photo.",,not_specified,[],[],not_mentioned,,not_applicable,,none_mentioned,unknown,,neutral,find that trying to setup backup from an iPhone to google drive difficult to work out and rather complicated,,
50b60882ca6c,app_store,"I have a number of photos in my Google photos library that I don’t mind being online, but I’m unable to view them in this app without finding Google full access to my iPhone photo library. That presen",False,"The user is complaining about local photo library permissions and access, not retrieval/search.",,not_specified,[],[],not_mentioned,,not_applicable,,none_mentioned,unknown,,frustrated,"I have a number of photos in my Google photos library that I don’t mind being online, but I’m unable to view them in this app without finding Google full access to my iPhone photo library.",,
350427945bcc,app_store,Tell me why everytime I go to save a photo the app freezes and CRASHES??? And none of my albums are loading?!??? Had to use the web version as save images from there and it doesn’t save them with the ,False,"The user is complaining about app freezing/crashing when saving photos and albums not loading, not searching for a specific photo.",,not_specified,[],[],not_mentioned,,not_applicable,,none_mentioned,unknown,,frustrated,Tell me why everytime I go to save a photo the app freezes and CRASHES??? And none of my albums are loading?!???,,
79b7fc83d5e5,app_store,Suddenly I find the keystone edit function is no longer available. I am paying money for this app and now a fundamental editing tool has been taken away without warning. Utterly disgraceful!!,False,"The user is complaining about a missing editing feature (keystone edit), not searching for a photo.",,not_specified,[],[],not_mentioned,,not_applicable,,none_mentioned,unknown,,frustrated,Suddenly I find the keystone edit function is no longer available.,,
cdd4dd9805b6,app_store,Love to go over old photos of the family the time goes so quickly,False,"Generic positive feedback about looking at old family photos, not a specific retrieval problem.",,not_specified,[],[],not_mentioned,,not_applicable,,none_mentioned,unknown,,positive,Love to go over old photos of the family the time goes so quickly,,
5b7ab3c8266f,app_store,"since the latest update was released the app seems broken, won’t display albums or moments and photos can’t be deleted. I’m archiving my photos somewhere else now",False,"The user is reporting app bugs (won't display albums or moments, can't delete photos), not performing a search.",,not_specified,[],[],not_mentioned,,not_applicable,,none_mentioned,unknown,,frustrated,"since the latest update was released the app seems broken, won’t display albums or moments and photos can’t be deleted.",,
881b30fc1799,app_store,"Not good, ok if you search for stuff on generic keys, such as boats or trains. Poor on specifics like serial numbers on trains. Used to be good on train serial numbers but not any more. Old versions w",True,The user is trying to search for specific text/numbers (serial numbers on trains) and complaining that the search fails.,User is trying to find train photos by searching for specific train serial numbers.,object_thing,['text_content'],['none_stated'],single_keyword,,app_misunderstands,search fails to find specific serial numbers on trains,none_mentioned,unknown,,frustrated,Poor on specifics like serial numbers on trains. Used to be good on train serial numbers but not any more.,vague_memory_retrieval,remembers specific text/numbers in photo; search fails on specific serial numbers
4f97883f7c6f,app_store,"29th August 2021 - since the latest update the app doesn't work on my iPad, just freezes constantly. Editing on a phone is a pain. Hope it gets fixed soon. 2nd September - you may have fixed some user",False,"The user is complaining about app crashes, UI elements (Play memory), and custom album sorting order, not search retrieval.",,not_specified,[],[],not_mentioned,,not_applicable,,none_mentioned,unknown,,frustrated,"I want to be able to put my photos in any order, not always arrange them by date etc. Please restore the Custom Order function.",,
0f86d317cfe3,app_store,this app fills me with rage and was clearly designed to force people into paying money to the supervillain who designed google photos. sometimes i dream about going back in time and slapping my past s,False,"The user is venting about camera roll syncing and storage capacity filling up their Gmail, not searching for a photo.",,not_specified,[],[],not_mentioned,,not_applicable,,none_mentioned,unknown,,frustrated,now i have “no gmail storage” and it has stopped me from being able to send and receive emails.,,
cc06c2b7ec4f,app_store,I’ve been using this app for quite a few years. I like that it has some image recognition capability to aid searching for photos of a particular subject. Given that ai image recognition has advanced c,True,The user is commenting on image recognition capabilities to aid searching for photos of a particular subject.,User wants to search for photos of a particular subject using image recognition.,other,['visual_detail'],['none_stated'],category_word,,app_misunderstands,ai image recognition is outdated for finding particular subjects accurately,none_mentioned,unknown,,neutral,I like that it has some image recognition capability to aid searching for photos of a particular subject.,feature_request,
4a8515919eea,app_store,"Please can you create a way of seeing which photos are NOT saved in any album?

It seems the only way to feedback this suggestion easily is as a review.",True,The user is trying to find photos that are not saved in any album.,User wants to identify and locate photos that are not currently included in any album.,other,[],['none_stated'],not_mentioned,,cannot_express,no feature or filter exists to find photos lacking album association,none_mentioned,unknown,,neutral,Please can you create a way of seeing which photos are NOT saved in any album?,feature_request,
57ee6088e9db,app_store,I’ve been using this app for years also paid extra storage but the latest update has made all the albums messy shared albums and my personal albums are now grouped together. I’d rather have them separ,False,"The review is about shared albums organization and slideshow features, not searching for a specific photo.",,not_specified,[],[],not_mentioned,,not_applicable,,none_mentioned,unknown,,frustrated,I’ve been using this app for years also paid extra storage but the latest update has made all the albums messy,,
483065bdc616,app_store,"App doesn’t allow me to add photos to my own album, but the web link works. 

Google QA working awesome as usual I see. 

Please fix it.",False,"The complaint is about being unable to add photos to an album, not finding an existing photo.",,not_specified,[],[],not_mentioned,,not_applicable,,none_mentioned,unknown,,frustrated,"App doesn’t allow me to add photos to my own album, but the web link works.",,
55b460505e28,app_store,Unable to see my photo albums and moments also not working. Unable to delete photos on app,False,"The user is complaining about missing photo albums and inability to delete photos, not retrieval.",,not_specified,[],[],not_mentioned,,not_applicable,,none_mentioned,unknown,,frustrated,Unable to see my photo albums and moments also not working.,,
e8dc1c04884a,app_store,"I google photos app just updated and the user interface looks like a 9 year old designed it. It was so cool before, I could search the image and copy text from images. But now all that’s left is share",False,"The user is complaining about a UI update removing features like copy text and layout tabs, but is not trying to find a specific photo.",,not_specified,[],[],not_mentioned,,not_applicable,,none_mentioned,unknown,,frustrated,I google photos app just updated and the user interface looks like a 9 year old designed it.,,
295e12799694,app_store,Just downloaded the latest version and all my albums have disappeared. I can still see them via a browser but not on the app,False,"The user mentions missing albums after an update, but is not searching for a specific photo.",,not_specified,[],[],not_mentioned,,not_applicable,,none_mentioned,unknown,,frustrated,Just downloaded the latest version and all my albums have disappeared.,,
c052d04d9555,app_store,"I only need this app to show photos on my Nest, it is so incredibly basic that you can’t even upload photos from a specific album on your iPhone. Was this app designed by a child? It has zero features",False,"The review is about casting photos to Nest and missing album upload features, not photo retrieval.",,not_specified,[],[],not_mentioned,,not_applicable,,none_mentioned,unknown,,frustrated,"I only need this app to show photos on my Nest, it is so incredibly basic that you can’t even upload photos",,
ae5780c39b39,app_store,"This app is ok for sharing photos when you are on a group trip, and unlike with google drive (which is horrible) at least here you know where the photos are saved. However, I find it a joke that once ",False,"The complaint is about sorting options in shared trips albums, not finding a specific lost photo.",,not_specified,[],[],not_mentioned,,not_applicable,,none_mentioned,unknown,,frustrated,"However, I find it a joke that once uploaded, there is only one default sorting option, which is by the time when the photo was taken.",,
3be1d83492ff,app_store,"I want to love this app, the search, the tagging, the upload quality etc is all great but I just can’t past the 2 way synch driving me crazy! 

I want to be able to delete photos from the app without ",False,The user praises search briefly as a side note but the core complaint is about 2-way sync and deletion.,,not_specified,[],[],not_mentioned,,not_applicable,,none_mentioned,unknown,,frustrated,I want to be able to delete photos from the app without them deleting on my phone!,,
63cb452bbf55,app_store,"Long story short: think twice before you use this app, you’ll loose lots of cool functionalities like map search (iPhone) and reverting is actually complicated

iPhone user: In fact google photo at fi",False,"The user complains about sync, internet dependency, and missing iPhone map view, but is not searching for a specific photo.",,not_specified,[],[],not_mentioned,,not_applicable,,none_mentioned,unknown,iPhone user,frustrated,you loose the map view that iPhone has to place your photo where you took them (which is actually very convenient to quickly find a photo),,
2f9a69265014,app_store,"I only downloaded this app to easily share an album of photos with someone who didn’t have an iphone like I do. Once I was done I deleted the app cause it was no longer needed, thinking the backed up ",False,"The review is about accidental storage limits and inability to delete backed up photos, not photo retrieval.",,not_specified,[],[],not_mentioned,,not_applicable,,none_mentioned,unknown,,frustrated,I can’t find a way to delete all the photos from google without deleting them from icloud.,,
2db0c7ca26bb,app_store,"Got the app to access a friend’s album, made the mistake of giving access to my device photos as the instructions weren’t clear and then didn’t realise it was syncing. Then it applied a storage limit ",False,"The review is about unintended syncing and accidental photo deletion, not trying to find a photo.",,not_specified,[],[],not_mentioned,,not_applicable,,none_mentioned,unknown,,frustrated,I have now accidentally deleted a large number of my photos and having to pay for storage to restore them.,,
d1fdad27427e,app_store,i like it i mean it’s really nice and easy to use . u can easily search dates or any word like idk um ‘wedding ` and pictures from weddings would come from weddings  . really good and recommend it !,True,The user is positively describing how easily they can search for photos using keywords like 'wedding'.,The user wants to find wedding pictures using the keyword 'wedding'.,event_celebration,['context_event'],['none_stated'],category_word,wedding,succeeded,none,none_mentioned,unknown,,positive,u can easily search dates or any word like idk um ‘wedding ` and pictures from weddings would come from weddings,general_praise_or_success,
7dc0a0273fb1,app_store,Would give no stars if possible. Stay far away from this horrible app. Luckily photos were not deleted and found them in my apple photos bin but this is appalling how intrusive it is. would not let me,False,"The review is about unauthorized backup and privacy concerns regarding device photo syncing, not retrieval.",,not_specified,[],[],not_mentioned,,not_applicable,,none_mentioned,unknown,,frustrated,Stay far away from this horrible app. Luckily photos were not deleted and found them in my apple photos bin,,
31f3e07e6b51,app_store,"don't need to pay £1 for space for more storage
I don't want to delete my pictures on Google drive
beacause it is memories of my old videos ""large files"" idc
it's annoying that it Beggs me, basically ",False,"The user is complaining about storage prompts and backup reminders, not photo search.",,not_specified,[],[],not_mentioned,,not_applicable,,none_mentioned,unknown,,frustrated,don't need to pay £1 for space for more storage,,
8f41e9738694,app_store,"they sync your google account to your camera roll, which completely fills up your google account storage. this means you cant do anything in google drive or documents, and you will stop receiving emai",False,"The review is about camera roll syncing filling up account storage and making deletion difficult, not photo retrieval.",,not_specified,[],[],not_mentioned,,not_applicable,,none_mentioned,unknown,,frustrated,"they sync your google account to your camera roll, which completely fills up your google account storage.",,
59a14c5c734c,app_store,"My photo albums are invisible. THEY HAVE NOT BEEN DELETED. THEY ARE NOT LOCKED. They simply do not appear to me when I access them. What can I do?

Other than that it's the perfect app.",False,"The user is complaining that their photo albums are invisible/missing in the UI, not trying to search for a specific photo within them.",,not_specified,[],[],not_mentioned,,not_applicable,,none_mentioned,unknown,,frustrated,My photo albums are invisible.,,
4a33341cb3bd,app_store,"Before a week ago I could type in a search for a photo and the relevant photos would be shown. Now I can type in exactly the same search and thousands appear, the vast majority of no relevance. For me",True,The user complains that searching for photos returns thousands of irrelevant results after an update.,"The user is trying to find photos using search terms that previously worked, but now only return irrelevant results.",other,[],[],not_mentioned,,too_many_results,search returns thousands of irrelevant results instead of the target photo,gave_up,unknown,subscriber,frustrated,"Now I can type in exactly the same search and thousands appear, the vast majority of no relevance.",vague_memory_retrieval,remembers specific query terms; search returns thousands of irrelevant results
892312e23d40,app_store,super slow to load albums compared to older versions,False,"Complaint is about albums loading slowly, not about finding a specific photo.",,not_specified,[],[],not_mentioned,,not_applicable,,none_mentioned,unknown,,frustrated,super slow to load albums compared to older versions,,
a71091d1f559,app_store,"Requires full access to iOS photos to function, and refuses to import already existing albums. Good luck re-adding all your photos to albums all over again.",False,"Complaint is about importing existing albums from iOS, not about searching for a photo.",,not_specified,[],[],not_mentioned,,not_applicable,,none_mentioned,unknown,,frustrated,"Requires full access to iOS photos to function, and refuses to import already existing albums.",,
0e9b42d00b37,app_store,"I stopped using Google Photos due to this infernal bug where the app keeps glitching and  makes it impossible to add photos last year. A year later to date, brand new phone and the bug is still there.",False,Complaint is about app bugs making it impossible to add photos to albums.,,not_specified,[],[],not_mentioned,,not_applicable,,none_mentioned,unknown,,frustrated,app keeps glitching and makes it impossible to add photos last year.,,
3a67436049ca,app_store,The most garbage app oh my lord. It's impossible to only choose certain photos to upload to google and if you want to let it have all your photos instead of completely breaking enjoy a 2-3+ hour backu,False,"Complaint is about upload controls, backup duration, and syncing.",,not_specified,[],[],not_mentioned,,not_applicable,,none_mentioned,unknown,,frustrated,enjoy a 2-3+ hour backup before you can access any of them.,,
b9f9720ac4c5,app_store,This app automatically jumps on all the photos in your phone or tablet and uploads them. Did not find a way  keep this from happening. You do not get to choose what you upload. As with everything with,False,Complaint is about automatic background uploading of all photos.,,not_specified,[],[],not_mentioned,,not_applicable,,none_mentioned,unknown,,frustrated,This app automatically jumps on all the photos in your phone or tablet and uploads them.,,
3781fd41e6b4,app_store,I’m wondering if you could have a special category to see which photos aren’t in albums. It would make life so much easier for me because I have two phones that save to my one account.,False,Feature request to see photos not currently in albums.,,not_specified,[],[],not_mentioned,,not_applicable,,none_mentioned,unknown,,neutral,I’m wondering if you could have a special category to see which photos aren’t in albums.,,
8c89e6cbb4cd,app_store,I always enjoy seeing. The photos through the years and remember the kid’s childhoods,False,Generic positive feedback about viewing childhood memories.,,not_specified,[],[],not_mentioned,,not_applicable,,none_mentioned,unknown,parent,positive,I always enjoy seeing. The photos through the years and remember the kid’s childhoods,,
b9a6b33688fb,app_store,Most useless app of all time ever to taint my phone. Downloaded this for a shared album and it backed up everything. Next thing it says my gmail won’t work and I’m out of space and I need to buy more ,False,Complaint about storage space limits and deletion behavior.,,not_specified,[],[],not_mentioned,,not_applicable,,none_mentioned,unknown,,frustrated,Next thing it says my gmail won’t work and I’m out of space and I need to buy more storage.,,
cd88f55e6141,app_store,I pay storage for this and I wasted money cause there's no point syncing if it also gets deleted on the app,False,Complaint about missing albums and syncing deletion.,,not_specified,[],[],not_mentioned,,not_applicable,,none_mentioned,unknown,,frustrated,Albums are missing,,
9a61db403ea1,app_store,"the app especially the search option is completely dysfunctional after the gemini integration into the search menu. if google keeps this up, photos will soon be headed to where the sun don’t shine and",True,The user explicitly states the search option is completely dysfunctional.,"The user is trying to search for photos using the search function, but finds it completely broken after a Gemini integration.",not_specified,[],[],not_mentioned,,app_misunderstands,search option is completely dysfunctional after update,none_mentioned,unknown,,frustrated,the app especially the search option is completely dysfunctional after the gemini integration into the search menu.,vague_memory_retrieval,remembers what photo they want; AI search integration makes retrieval dysfunctional
499464688ab0,app_store,"This app is wonderful it help me to remember and organize my photos, put collages or videos. Good choice.",False,Generic positive feedback about the app helping to remember and organize photos.,,not_specified,[],[],not_mentioned,,not_applicable,,none_mentioned,unknown,,positive,This app is wonderful it help me to remember and organize my photos,,
798c60602ebc,app_store,I don’t know how to get rid of my old photos,False,"User wants to delete old photos, not find them.",,not_specified,[],[],not_mentioned,,not_applicable,,none_mentioned,unknown,,frustrated,I don’t know how to get rid of my old photos,,
8001527439ce,app_store,2 days now and I haven’t been able to easily find where to update my new network information. Cameras have been offline and instructions are useless. This is far from user friendly.,False,"Complaint about updating Wi-Fi network information for connected home cameras, unrelated to Google Photos search.",,not_specified,[],[],not_mentioned,,not_applicable,,none_mentioned,unknown,,frustrated,Impossible to update new wifi information.,,
d26631d87f84,app_store,I have collections and shared albums through Google but primarily use Apple photos. This app will not allow me to view my collections and memories without providing it with full access to all my photo,False,"Complaint about app permissions and UI access to collections, not a specific photo retrieval issue.",,not_specified,[],[],not_mentioned,,not_applicable,,none_mentioned,unknown,,frustrated,This app will not allow me to view my collections and memories without providing it with full access to all my photos.,,
d27a1700fd3f,app_store,I never even knew or remembered the pics in Africa that was priceless,True,User rediscovered priceless pictures they forgot they had.,User rediscovered old priceless pictures taken in Africa.,place_venue_travel,['place_location'],"['approx_time', 'exact_date', 'visual_detail']",not_mentioned,,succeeded,App surfaced forgotten photos automatically.,none_mentioned,unknown,,positive,I never even knew or remembered the pics in Africa that was priceless,general_praise_or_success,
e3f3e664d898,app_store,Love Google Photos! I get to organize them in albums and search for what I want. I can share with family and friends the albums I want. I LOVE themes face detection option to look for pics of the peop,True,General praise for searching and face detection features to find photos.,User searches for photos of specific people for occasions using face detection.,person_face,"['people_present', 'context_event']",['none_stated'],category_word,,succeeded,Face detection and theme search successfully retrieved desired photos.,none_mentioned,unknown,,positive,"I LOVE themes face detection option to look for pics of the people I want for occasions like birthdays, Father’s Day, retirement parties etc",general_praise_or_success,
6aa6c79dea7d,app_store,Trying to find out who gives me better for my money..,False,Comparing pricing/value between cloud storage providers.,,not_specified,[],[],not_mentioned,,not_applicable,,none_mentioned,unknown,,neutral,Trying to find out who gives me better for my money..,,
5cab0ace98e7,app_store,"Well, they spam you with what they think you want as a video of your images. But if you think you want to save it, or find it later - good luck. You will NEVER be able to view the video again as it wi",True,User complains about inability to find or save generated summary videos of images later.,User tries to find and save a previously viewed automated highlights video.,video,['approx_time'],['visual_detail'],not_mentioned,,gave_up,Generated highlight video cannot be found again after initial viewing.,gave_up,unknown,,frustrated,You will NEVER be able to view the video again as it will be lost forever.,vague_memory_retrieval,remembers a generated highlight video; app cannot find it again after initial viewing
113858108f7a,app_store,"Love the albums, and I can delete what I don’t want in them.",False,General appreciation for albums and deletion management.,,not_specified,[],[],not_mentioned,,not_applicable,,none_mentioned,unknown,,positive,"Love the albums, and I can delete what I don’t want in them.",,
87db6bfc941b,app_store,good to see the old photos in form of collage,False,General positive feedback about collages.,,not_specified,[],[],not_mentioned,,not_applicable,,none_mentioned,unknown,,positive,good to see the old photos in form of collage,,
6f44455e9b55,app_store,"It used to be way better. Now my album takes 5 min more to even load, and it freeze all the time.",False,Complaint about app performance and freezing during loading.,,not_specified,[],[],not_mentioned,,not_applicable,,none_mentioned,unknown,,frustrated,"Now my album takes 5 min more to even load, and it freeze all the time.",,
daa19d77afb2,app_store,So love seeing the old pictures. Brings back my happy heart.,False,Expressing joy at viewing old pictures through memories.,,not_specified,[],[],not_mentioned,,not_applicable,,none_mentioned,unknown,,positive,So love seeing the old pictures. Brings back my happy heart.,,
12231b31344a,app_store,"Perfect, just needs a filter to single out types of files in an album. And something to sharpen images.",False,Feature request for file type filtering and image sharpening.,,not_specified,[],[],not_mentioned,,not_applicable,,none_mentioned,unknown,,neutral,"Perfect, just needs a filter to single out types of files in an album.",,
a679bb0b766e,app_store,"When I search based on date i don’t get all the pics that I took on that day. 
Also searching based on named photo doesn’t cater to spelling or similar words. Hence if I am using for some creative bus",True,"Search results are missing pictures taken on a specific date, and exact keyword/name matching fails.",User is trying to find specific photos by exact date and specific named terms for creative business use.,other,"['exact_date', 'text_content']",['none_stated'],combined_filters,Jathiswara,app_misunderstands,Date search misses photos and text search fails on partial or exact word matching.,none_mentioned,unknown,professional,frustrated,When I search based on date i don’t get all the pics that I took on that day.,vague_memory_retrieval,remembers date or photo name; search fails on partial matches or date ranges
b1016eabe23d,app_store,"Changed my 5 star to 2 star. I have trusted this since Picasa days but honestly I’m forced to explore other solutions because Google Photos has become SO SLOW.

Every time I open the app it takes fore",False,Complaint about app slowness and performance issues with large libraries.,,not_specified,[],[],not_mentioned,,not_applicable,,none_mentioned,unknown,,frustrated,Google Photos has become SO SLOW.,,
c398e6111f81,app_store,Thanks Google for such an easy way of managing our family photos! I love the ability to make specific albums and even add maps & narration. I have an album for each grandchild as well. This is not eve,False,Praise for album organization and sharing capabilities.,,not_specified,[],[],not_mentioned,,not_applicable,,none_mentioned,unknown,parent,positive,Thanks Google for such an easy way of managing our family photos!,,
5f818b95d7c4,app_store,"Latest update destroyed basic gallery navigation, removed date headers and forced random photo sizes with no toggle to disable. So difficult to find photos!!",True,Gallery UI changes removed date headers making it difficult to find photos.,User is trying to find photos in the timeline gallery view but lacks date headers.,not_specified,['approx_time'],['exact_date'],not_mentioned,,cannot_refine,Removal of date headers makes visual scanning and finding photos difficult.,scroll_by_date,unknown,,frustrated,"Latest update destroyed basic gallery navigation, removed date headers... So difficult to find photos!!",ui_navigation_regression,
bba821bab478,play_store,"Within the last 48 hours, I've probably uninstalled and reinstalled this apt close to 10 times. When the app finally backs-up photos, it's missing some (photos that are in my albums on my phone aren't",False,Issues regarding photo backup completeness and incorrect photo opening behavior.,,not_specified,[],[],not_mentioned,,not_applicable,,none_mentioned,unknown,,frustrated,"When the app finally backs-up photos, it's missing some... Also when I click on a photo in the app, it opens a different picture.",,
e714106f592e,play_store,"I HATE the new organization of Collections. Now I have to click through multiple menus to find my folders, it takes longer and I don't want or need it. I also wish I could default to open on my Device",False,"The user is complaining about the UI organization of Collections and unwanted backup pop-ups, not searching for a specific photo.",,not_specified,[],[],not_mentioned,,not_applicable,,none_mentioned,unknown,,frustrated,I HATE the new organization of Collections.,,
2f63dae11914,play_store,"This app is practically unusable anymore. The search engine doesn't ever freaking work when trying to find a specific photo, Even on Wi-Fi the page loads slow when trying to find a picture(Or doesn't ",True,The user explicitly states the search engine doesn't work when trying to find a specific photo.,Trying to find a specific photo using the search engine.,other,['none_stated'],['none_stated'],not_mentioned,,app_misunderstands,search engine fails to find specific photos and page loads slowly,none_mentioned,unknown,,frustrated,The search engine doesn't ever freaking work when trying to find a specific photo,vague_memory_retrieval,remembers specific photo; search engine fails to find it
2fb0a261c46a,play_store,"Service has steadily declined for years now. Lots of features just completely don't work, for example saving a new frame from a motion photo. They removed the ability to search your photos if they are",False,"The user complains about motion photo frame saving, lack of search for unbacked up photos, and memory effects ruining photo quality. Not about searching for a lost photo.",,not_specified,[],[],not_mentioned,,not_applicable,,none_mentioned,unknown,,frustrated,They removed the ability to search your photos if they aren't backed up.,,
515c87836eb0,play_store,"the new update makes zero sense, I likes it where I was able to just watch all my albums in one go, instead now it's all folder inside of folder?! I have bad memory and can't always remember if I've b",False,"Complains about album layout, backup status tracking, and unwanted reminders of people. Not about retrieval failure.",,not_specified,[],[],not_mentioned,,not_applicable,,none_mentioned,unknown,,frustrated,I have bad memory and can't always remember if I've backed up a photo already,,
541796c036fc,play_store,i really don't like this app. i don't like the 'moments' it randomly creates that can't be turned off. i don't like that albums aren't on the same level as the default categories (for example if you t,False,"Complains about 'moments', album levels, and facial detection grouping layout, not retrieval.",,not_specified,[],[],not_mentioned,,not_applicable,,none_mentioned,unknown,,frustrated,"i don't like the facial detection grouping, it rarely works and just adds to the already messy layout.",,
4c582b9f9d36,play_store,"this app used to be perfect, but the quality has gone downhill. the new ai search rarely finds the photos i want in comparison to the old search where i'd find my photos every time. there's also a rec",True,The user explicitly complains that the new AI search rarely finds the photos they want.,Trying to find desired photos using AI search.,other,['none_stated'],['none_stated'],not_mentioned,,app_misunderstands,AI search rarely finds desired photos compared to old search,none_mentioned,unknown,,frustrated,the new ai search rarely finds the photos i want in comparison to the old search,vague_memory_retrieval,remembers desired photos; new AI search fails to find them compared to old search
5e2839192393,play_store,"This app continues to get enshitified. In 2026 I thought I could send an album to Google photos without any issues but that's not supported. Instead, I selected each individual image and uploaded them",True,"The user uploaded individual images expecting them to be easy to find under recently uploaded, but they were mixed in and hard to find.",Trying to locate newly uploaded individual images in the library.,other,"['approx_time', 'source_channel']",['visual_detail'],not_mentioned,,gave_up,new uploads were mixed with thousands of pictures and not easy to find under recently uploaded,gave_up,days,,frustrated,"Instead, I selected each individual image and uploaded them thinking they'd be easy to find under recently uploaded. They were not.",vague_memory_retrieval,remembers recently uploaded pictures; app buries them among thousands instead of surfacing them
3cf27651ef03,play_store,"Fix Google Photos, PLZZZZ! It used to be my favorite, GO TO for photos until a few weeks ago. I'm an artist, photographer, and major ADHD - I have come to rely on GP so much it's almost 2nd skin, and ",True,The user spent over an hour trying to find a specific photo taken of an order to upload it.,Trying to find a specific photo of an order taken recently to attach it for a seller.,document_receipt_id,"['approx_time', 'context_event']",['exact_date'],not_mentioned,,gave_up,could not pull up or find the photo of the order taken recently,gave_up,days,"artist, photographer",frustrated,Just spent over 1 hr trying to find a photo I had taken of an order that the seller asked for me to upload a pic. (Still can't),vague_memory_retrieval,remembers taking a photo of an order; cannot pull up or find it anywhere
cfb3fa885841,play_store,Photos used to be the perfect photos app. it had the best search funding of any app. I used to race iphone users to see how far we could find the same photo and I always won. Now this near perfect sea,True,The user complains that the new AI search doesn't return the photos they are looking for.,Trying to find specific photos using the AI search function.,other,['none_stated'],['none_stated'],not_mentioned,,app_misunderstands,AI search doesn't return the photos looking for and acts as a stumbling block,none_mentioned,unknown,,frustrated,"Now this near perfect search function has been replaced by AI, which not only doesn't return the photos I'm looking for",vague_memory_retrieval,remembers specific photo; AI search fails to return it and acts as a stumbling block
e18f72f4359a,play_store,"I like Google photos but the mobile app is a bit of a cluster compared to the more straightforward, less clustered desktop/PC version. Also, is there a reliable way for duplicate images to be axed wit",True,The user complains about recent screenshots not showing up in the main page and having to dig for them.,Trying to locate recent screenshots that are missing from the main page.,screenshot,"['approx_time', 'source_channel']",['none_stated'],not_mentioned,,app_misunderstands,"photos not showing up in main page, forcing user to dig through recently added",scroll_by_date,days,heavy-screenshot user,frustrated,Having to go dig for my most recent screenshots is nuts,ui_navigation_regression,
13da991e6fed,play_store,"Even with the latest updates, it would not let you edit or add location to the backup photos. Some of the photos detected the wrong person or pet or face, and again, it would not let you edit with cor",False,"Complains about editing location/categories and incorrect facial detection tagging, not finding a lost photo.",,not_specified,[],[],not_mentioned,,not_applicable,,none_mentioned,unknown,,frustrated,"Some of the photos detected the wrong person or pet or face, and again, it would not let you edit with correct categories.",,
1e46e3a53e48,play_store,App freezes/crashes every time I go into collections. it's nearly completely unusable. I went online to find help and it's an issue other people are having but there's no workable solution and doesn't,False,App crashes and freezes when entering collections; not about searching or retrieving a photo.,,not_specified,[],[],not_mentioned,,not_applicable,,none_mentioned,unknown,,frustrated,App freezes/crashes every time I go into collections.,,
eec90316cd6c,play_store,"The photos aren't lost, they are 6 yr old photos that are present in the Google Photos Cloud. I restored them to a phone so I may edit them and use them. Restored images are sitting on their original ",True,The user complains about having to scroll through years of images to find restored 6-year-old photos because they sat on original calendar dates instead of the top.,Trying to find and use 6-year-old restored photos that are buried on their original calendar dates.,other,['approx_time'],['exact_date'],not_mentioned,,app_misunderstands,"restored images sat on original calendar dates instead of top, forcing endless scrolling",scroll_by_date,3plus_years,photo editing app user,frustrated,How can you expect anyone using a photo editing app or other app to spend time scrolling through 2026 to 2020 images when they have a lot of images?,ui_navigation_regression,
bcb758f90607,play_store,I am paying for Google photo storage for 3TB.... yet there is no customer support to help you when the features don't work. I finally got all my photos uploaded and the face recognition stopped workin,False,"Complains about face recognition stopping working and lack of customer support, not a photo retrieval failure.",,not_specified,[],[],not_mentioned,,not_applicable,,none_mentioned,unknown,,frustrated,I finally got all my photos uploaded and the face recognition stopped working.,,
5475ae8d9b92,play_store,"Google Photos makes it incredibly hard to organize my library when new photos come in from cloud sync tools like MultCloud. Every single new photo arrives “loose,” and I have to manually sort it into ",False,"Complains about organizing loose incoming photos from cloud sync tools into albums, not retrieving a specific photo.",,not_specified,[],[],not_mentioned,,not_applicable,,none_mentioned,unknown,,frustrated,"Every single new photo arrives “loose,” and I have to manually sort it into albums all over again",,
368309835a30,play_store,"I'm so flipping frustrated, every time I take a photo a little too similar to the last one or hold down the button, it stacks them. And every time I look for a button to unstack it, I can either never",False,"The user is complaining about photo stacking, storage usage, and AI features, not trying to find a specific photo.",,not_specified,[],[],not_mentioned,,not_applicable,,none_mentioned,unknown,,frustrated,"I'm so flipping frustrated, every time I take a photo a little too similar to the last one or hold down the button, it stacks them.",,
8f91732ef668,play_store,"Just Terrible for the Users. No adjustments can be made for my convenience. It's the Apps way or No Way! can't delete from Google storage from the app, and just a crazy incomprehensible organization o",False,"The user is complaining generally about storage deletion, app organization, and data privacy, without describing a retrieval attempt.",,not_specified,[],[],not_mentioned,,not_applicable,,none_mentioned,unknown,,frustrated,"ask yourself, when was the last time this app made finding my pics easier without paying a privacy price? Never is my answer.",,
149c0fc09707,play_store,"What a terribly oversimplified Android app, you can't select photos from anywhere but your camera roll. If I use a file application, there's ""upload to photos"" after tapping the share icon, but that d",False,The complaint is about photo upload restrictions and UI limitations from file managers and Drive.,,not_specified,[],[],not_mentioned,,not_applicable,,none_mentioned,unknown,,frustrated,"What a terribly oversimplified Android app, you can't select photos from anywhere but your camera roll.",,
834d17d19511,play_store,"Why can I download some stuff and other stuff, no. It'll just say downloading when I click on it but nothing. Sometimes I'll get a notification like 30 minutes later saying unsuccessful but it's compl",False,"The issue described is about downloading media files failing intermittently, not searching for photos.",,not_specified,[],[],not_mentioned,,not_applicable,,none_mentioned,unknown,,frustrated,"Why can I download some stuff and other stuff, no.",,
7aaf293ea527,play_store,"In the more section of the app, I can no longer send, print, email, etc. I have tried everything. Every time i download photos from google messages, it doesn't go in the same day I downloaded it. It d",True,"User mentions that downloaded photos get sorted by original capture date rather than download date, making them take forever to find.",Finding photos downloaded from messaging apps that were sorted by their original capture date instead of download date.,whatsapp_social_download,['approx_time'],['exact_date'],not_mentioned,,wrong_metadata,downloaded photos placed under original capture date rather than download date making them hard to locate,scroll_by_date,unknown,,frustrated,"Every time i download photos from google messages, it doesn't go in the same day I downloaded it. It downloads whatever month or year they took the photo, which is annoying. It takes take me forever to find it.",data_missing_sync,
cf3808321185,play_store,"Every update the app gets worse and worse. The options less and less. And AI slop more and more. I can no longer assign faces, the primary reason I enjoyed the app. Oh but I can steal art styles from ",False,"The user is complaining about AI features, disabled face assignment, and wanting duplicate/archive deletion tools.",,not_specified,[],[],not_mentioned,,not_applicable,,none_mentioned,unknown,,frustrated,"I can no longer assign faces, the primary reason I enjoyed the app.",,
75da0f703a9f,play_store,"This app DOES NOT duplicate photos, so if you plan on keeping your photos in the original app you were using, you won't. All of my albums are missing photos because they were taken and placed into goo",False,"The review is about transfer disorganization, missing albums, and stacked photos during migration, not a specific retrieval issue.",,not_specified,[],[],not_mentioned,,not_applicable,,none_mentioned,unknown,,frustrated,"All of my albums are missing photos because they were taken and placed into google photos, once restored all the photos are mixed together.",,
fcb8cf55f6a2,play_store,What happened to this app? Crashes every time I try to edit a video making the editing feature completely useless. Can't use any other apps at the same time (e.g. Spotify) because it will cause other ,False,The complaint is about app crashes when editing videos and using other apps simultaneously.,,not_specified,[],[],not_mentioned,,not_applicable,,none_mentioned,unknown,,frustrated,Crashes every time I try to edit a video making the editing feature completely useless.,,
b8a56b94ec29,play_store,Hate the feel of this app. won't let you set it up how you want it. more complicated does now mean better. also stop asking to send me notifications I don't want them on now that's stuck at the top as,False,"General UI and folder management complaint, not about finding a specific photo.",,not_specified,[],[],not_mentioned,,not_applicable,,none_mentioned,unknown,,frustrated,Hate the feel of this app. won't let you set it up how you want it.,,
cc58512b07b3,play_store,"Convenient, until it's not. It usually works pretty well, but I have encountered frustrating borderline-unsolvable syncing issues, leaving me unable to see my cloud photos on my device. And of course ",False,Complaint about cloud syncing issues and bulk management UI.,,not_specified,[],[],not_mentioned,,not_applicable,,none_mentioned,unknown,,frustrated,"It usually works pretty well, but I have encountered frustrating borderline-unsolvable syncing issues",,
8953fbbfedc5,play_store,Changes in app aren't reflected in Google photos on desktop. I only used the app because I can't see stacks of photos in the browser version. I thought this would be a good way to find and remove dupl,False,Complaint about lack of duplicate removal tool and lack of sync between app and desktop.,,not_specified,[],[],not_mentioned,,not_applicable,,none_mentioned,unknown,,frustrated,"I thought this would be a good way to find and remove duplicate photos, since Google still does not have a duplicate removal tool.",,
45ff21644350,play_store,"Locked Photos are unable to be shared or downloaded, and can only be moved back into their chronological place in your photos. So if you want more than to look at the photo, you have to go searching f",False,"The user is complaining about locked folder restrictions preventing sharing/downloading, not about finding a lost photo.",,not_specified,[],[],not_mentioned,,not_applicable,,none_mentioned,unknown,,frustrated,"Locked Photos are unable to be shared or downloaded, and can only be moved back into their chronological place in your photos.",,
a5daf6b56923,play_store,"Photos is forcing AI generated ""creations"" that use your photos. If you want to use the image search and ask questions about pictures, you have to have this enabled. There is no way to disable it. I h",False,Complaint about forced AI creations and imagery generation.,,not_specified,[],[],not_mentioned,,not_applicable,,none_mentioned,unknown,,frustrated,"Photos is forcing AI generated ""creations"" that use your photos.",,
4e3bfa8e12ff,play_store,"Search doesn't work like it used to, so it kind of makes this app worthless to me! With nearly 60k photos I can no longer search for SOME family and friends names in label descriptions I've make over ",True,The user cannot search for family and friends using custom label descriptions anymore due to broken search functionality.,Trying to search for photos of family and friends using custom label descriptions added over many years.,person_face,"['people_present', 'text_content']","['approx_time', 'place_location']",single_keyword,,app_misunderstands,search fails to return results for custom label descriptions of family and friends,none_mentioned,unknown,,frustrated,"With nearly 60k photos I can no longer search for SOME family and friends names in label descriptions I've make over many years, very frustrating.",vague_memory_retrieval,remembers custom label descriptions; search fails to find them
99085b2bceba,play_store,organization difficulty. it's great having folders but I wish they'd disappear from the main folder or something once organized into one otherwise they can get sorted into multiple folders and it's a ,True,"The user tries to find a specific photo using keywords, but keywords do not work, forcing them to scroll manually.",Trying to find a specific photo using keywords that fail to make it appear in search results.,other,['visual_detail'],"['approx_time', 'place_location']",single_keyword,,app_misunderstands,keyword search fails to surface the specific photo requested,scroll_by_date,unknown,,frustrated,the search for any of my Pic is difficult when I'm trying to find a specific one but any of the key words don't make it pop up so I end up just having to scroll.,vague_memory_retrieval,remembers keywords; search fails to surface specific photo
8bfa8469e960,play_store,"What have you done to this app? I noticed that a couple of my album covers have been changed; not by me, and the simple instructions for changing album covers seem to have disappeared. The instruction",False,"The user is complaining about album covers changing and missing instructions, not searching for a specific photo.",,not_specified,[],[],not_mentioned,,not_applicable,not_applicable,none_mentioned,unknown,,frustrated,What have you done to this app?,,
ca9667403424,play_store,"God, I Wish there was another app I could use as my primary. This has got to be THE MOST USELESS photo managing app I've EVER seen. It needlessly splits photos up arbitrarily between seperate albums i",False,"The user is complaining about app layout, popups, and random album splitting, not searching for a specific photo.",,not_specified,[],[],not_mentioned,,not_applicable,not_applicable,none_mentioned,unknown,,frustrated,This has got to be THE MOST USELESS photo managing app I've EVER seen.,,
f485b452e4df,play_store,"First of all, when people write a review, they are looking for a solution, not for an evasive reply (""yea, yeah, whatever. Next!) Your app has basically hijacked my pictures. Every time I open it, it ",False,"The user is complaining about popups regarding face grouping and losing access to graphic info, not retrieving a specific photo.",,not_specified,[],[],not_mentioned,,not_applicable,not_applicable,none_mentioned,unknown,,frustrated,"Basically, I no longer have access to any graphic information that was created, copied, downloaded, or produced.",,
cea0362302ac,play_store,"It's mostly good but some photos don't have my face highlighted or those of other ppl. There's no way to manually add a face so when I go to look up pictures of myself for sharing, etc. those photos a",True,The user is trying to find pictures of themselves for sharing but faces aren't highlighted and they have to scroll manually if date is unknown.,Trying to find pictures of myself for sharing when face isn't highlighted and date is unknown.,person_face,['people_present'],['exact_date'],person_name,,cannot_refine,missing face tag requires scrolling manually by date,scroll_by_date,unknown,social sharer,frustrated,those photos aren't available and I have to scroll to find them if I don't know the date.,feature_request,
8138bfdf082e,play_store,please stop the use of our photos for the pointless music videos. Everyone please Read the info that the app can read - we can't opt out of much of it. High resolution photos will lead to the app dema,False,"The review discusses music videos, storage pricing, and photo editing issues, not finding a specific photo.",,not_specified,[],[],not_mentioned,,not_applicable,not_applicable,none_mentioned,unknown,,frustrated,please stop the use of our photos for the pointless music videos.,,
26088e934d63,play_store,"UGH. Now every time I edit a photo, I can't access it from any apps for some time. Google, are you looking at all of these reviews? Things used to work well. Now I frequently can't find photos and you",False,The user is complaining about photo editing issues and edited photos not being accessible from other apps.,,not_specified,[],[],not_mentioned,,not_applicable,not_applicable,none_mentioned,unknown,,frustrated,"Now I frequently can't find photos and your links to ""help"" aren't helpful.",,
d0c9ad41907b,play_store,"Good for photo storage and searching, but it sends too many memories/themed notifications each day and there isn't an option to fine-tune this other than to disable them. I like the occasional one to ",False,"The user is complaining about notifications and popups, despite mentioning storage and searching generally.",,not_specified,[],[],not_mentioned,,not_applicable,not_applicable,none_mentioned,unknown,,frustrated,"Good for photo storage and searching, but it sends too many memories/themed notifications each day",,
41a569d1e28c,play_store,"AI search is slower, less accurate, and more presumptuous than the version we had before. When AI search first came out, we even had a choice between the two, no longer. It's forced AI that interests ",True,The user is trying to find work-related location maps in photos but AI search hijacks the query to Google Maps.,"Trying to look up work photos of maps of serviced locations, but search redirects to Google Maps.",place_venue_travel,"['text_content', 'context_event']",['exact_date'],single_keyword,maps,app_misunderstands,search for maps triggers external map app instead of library photos,none_mentioned,unknown,professional,frustrated,"For work, I'd look up ""maps"" to pull up maps of locations I service, but the AI assumes I want Google Maps",ui_navigation_regression,
e39a548f3d5f,play_store,"Their is a lot to like about the photo app. the editing tools are great and very easy to use. The new AI edits are quite impressive. However, facial recognition! This used to work well but has become ",True,"The user is trying to search for family members by name, but facial recognition fails and assigns wrong people.","Trying to search for key family members by name, but facial recognition mixes up people and ignores foreground faces.",person_face,['people_present'],[],person_name,,app_misunderstands,facial recognition assigns wrong people and ignores relevant faces,none_mentioned,unknown,,frustrated,Random people in backgrounds are being assigned key family members. It ignores 50% of the people clearly in the foreground.,feature_request,
fee36e4f6cd3,play_store,"Used to be a good, March update ruined it. Moved all the editing options. onto different categories, no makes little sense. won't let you re-edit a photo you've already edited. instead makes you rever",True,The user is trying to find an edited copy of a photo that became almost impossible to locate after saving.,Trying to find an edited photo copy that was saved separately and disappeared from expected sorting positions.,other,"['approx_time', 'visual_detail']",['exact_date'],not_mentioned,,wrong_metadata,edited copy not sorted next to original or top of gallery,browse_albums,days,,frustrated,once you then save a copy that becomes almost impossible to find.,ui_navigation_regression,
9e9869161c2b,play_store,"I've been thinking about writing a review since the change in the way I can edit my own photos, but I thought it'd be fine. It's not. This sucks. Google lens is no longer in the suggested actions at t",False,"The review complains about UI changes like Lens placement, the editor, and tapping albums opening search, rather than a specific retrieval failure.",,not_specified,[],[],not_mentioned,,not_applicable,not_applicable,none_mentioned,unknown,,frustrated,everytime I want to look through my albums it opens the search function.,,
22093c190370,play_store,"This app is great but something isn't working with the backup, albums and syncing across devices/platforms at the moment. I created an album on another device and the album didn't show up on this devi",False,"The user is complaining about backup, syncing issues, and albums not showing across devices.",,not_specified,[],[],not_mentioned,,not_applicable,not_applicable,none_mentioned,unknown,,neutral,"This app is great but something isn't working with the backup, albums and syncing across devices",,
7786aca82cd4,play_store,They added search to the Add To Album popup! Someone *is* reading all those feedbacks I send!!! Easy backup of photos and videos. Nice interface for browsing photos and videos. Sometimes fails or erro,False,"Positive feedback mentioning search added to Add To Album popup, backup, and browsing.",,not_specified,[],[],not_mentioned,,not_applicable,not_applicable,none_mentioned,unknown,,positive,They added search to the Add To Album popup!,,
048424774a1f,play_store,"Loved Google Photos. Always demonstrating to people how easy it was to find a photo i.e. 'Dog in a hat'. Now the search has changed to AI and it's terrible. Even changing to classic, the same search w",True,"The user is trying to find a specific photo using description like 'Dog in a hat', but AI search fails and shows nothing.",Trying to search for a specific photo using a descriptive query like 'Dog in a hat' but AI search returns nothing or random garbage.,pet_animal,['visual_detail'],['exact_date'],natural_language_sentence,Dog in a hat,app_misunderstands,descriptive search flashes photo briefly then shows nothing found,none_mentioned,unknown,,frustrated,Always demonstrating to people how easy it was to find a photo i.e. 'Dog in a hat'. Now the search has changed to AI and it's terrible.,vague_memory_retrieval,remembers descriptive elements like 'Dog in a hat'; AI search shows nothing found
4deec7514f63,play_store,"Change is sometimes difficult. Finding specific photos varies between easy and challenging, depending on both Google's and your interpretation of search words. The latest changes have made it more dif",True,"The user is trying to find specific photos by people's names, but recent changes made person albums difficult to find.","Trying to find specific photos by people's names, but person albums disappeared from easy view.",person_face,['people_present'],['exact_date'],person_name,,cannot_refine,person albums disappeared from easy view after updates,none_mentioned,unknown,,neutral,The latest changes have made it more difficult to find photos by people's names.. Those albums have disappeared from easy view,ui_navigation_regression,
aeb3f6d88ae0,play_store,I would very much appreciate it if the out of storage display (for backed up documents) would stop appearing. My photos are automatically backup without my say so. I'm not interested in having most of,False,Complaint about storage and automatic backup behavior.,,not_specified,[],[],not_mentioned,,not_applicable,,none_mentioned,unknown,,frustrated,I would very much appreciate it if the out of storage display (for backed up documents) would stop appearing.,,
fd88a63214d1,play_store,"Google Photos is one of the best apps for storing and organizing photos. It automatically backs up your images, offers powerful search features, and groups faces and places accurately. The editing too",False,"General positive review mentioning search features among other things, but no specific retrieval problem.",,not_specified,[],[],not_mentioned,,not_applicable,,none_mentioned,unknown,,positive,Google Photos is one of the best apps for storing and organizing photos.,,
f2c65b276e84,play_store,"Used to love Google Photos, especially the Perspective tool that let me fix slanted angles and straighten lines. Now it's gone with the new update, and there's no substitute. Please bring it back. Thi",False,Complaint about a removed editing tool (Perspective tool).,,not_specified,[],[],not_mentioned,,not_applicable,,none_mentioned,unknown,,frustrated,"Used to love Google Photos, especially the Perspective tool that let me fix slanted angles and straighten lines.",,
67df483225b7,play_store,"I would give this 5 stars for being easy to use and easy to find my pictures, but it keeps insisting on backing up to the cloud. It seems like every other week it asks me if I want to turn on backup, ",False,Complaint about backup prompts and cloud storage.,,not_specified,[],[],not_mentioned,,not_applicable,,none_mentioned,unknown,,frustrated,"I would give this 5 stars for being easy to use and easy to find my pictures, but it keeps insisting on backing up to the cloud.",,
1a5aafe3f8df,play_store,"My favorites on my Motorola keep getting removed from that folder for no reason! This is the second time it has happened and as an artist, i use the favorites folder to save my references from my scre",True,User has to manually scroll through thousands of screenshots because favorites folder reset and they need to find a specific reference drawing.,User needs to find a specific reference screenshot after it disappeared from the favorites folder.,screenshot,['visual_detail'],"['approx_time', 'exact_date']",not_mentioned,,gave_up,had to manually scroll through 4k screenshots after favorites folder reset,scroll_by_date,unknown,artist,frustrated,i have to spend an hour diving into the ocean of my almost 4k screenshots to find the reference im looking for.,ui_navigation_regression,
4fb90775bb76,play_store,Poor usability. Can't select a bunch of photos to move them to an album AND archive at same time. (Photos have to be reselected for subsequent actions.) App insists on labelling my dog as one that die,False,"Feedback about UI usability, pet labeling inaccuracy, and regional search biases without a specific retrieval failure.",,not_specified,[],[],not_mentioned,,not_applicable,,none_mentioned,unknown,,frustrated,Search terms and results are biased towards North American norms.,,
371c45361e33,play_store,"Within the past couple weeks, I'm unable to use search - all searches return no results. App no longer grabs search terms from the 'commenting' area where I label important photos or screenshots from ",True,"User is trying to search for important past photos/screenshots using search terms from the commenting area, but search returns no results.","User is trying to search for previously labeled photos or screenshots using custom search terms, but search is completely broken.",text_in_image,['text_content'],[],single_keyword,,app_misunderstands,all searches return no results and app ignores commenting area labels,gave_up,unknown,,frustrated,"Within the past couple weeks, I'm unable to use search - all searches return no results.",vague_memory_retrieval,remembers commented labels; all searches return no results
23e8c46f87ef,play_store,I went into the app looking for something to send my sister only to discover that it's missing. Just before that I had asked the app to back up my photos to clear up space and it seems a handful had b,True,"User is looking for a photo to send to their sister, but it is missing after a backup/deletion issue.","User is trying to find a specific photo to send to their sister, but discovers it is missing from the library.",other,"['people_present', 'context_event']",[],not_mentioned,,gave_up,photo was missing/erased entirely and could not be found via help suggestions,gave_up,unknown,,frustrated,I went into the app looking for something to send my sister only to discover that it's missing.,data_missing_sync,
036b3e8e19c5,play_store,You ruined a perfectly great app with your recent 2 updates. Collections? They're albums. Memories (here) useless. I don't need the reminders. You keep trying to find ways to force location and place ,False,"Complaint about app updates, memories, collections, and forced location identification.",,not_specified,[],[],not_mentioned,,not_applicable,,none_mentioned,unknown,,frustrated,You keep trying to find ways to force location and place identification.,,
0d74fa5e8628,play_store,UPDATED TO 4 STARS I like this app but one thing I wish will be implemented is a private album (like on many android devices) or some sort of other security feature. I don't like the fact that pics I ,False,Complaint about lack of private albums and MMS attachment issues.,,not_specified,[],[],not_mentioned,,not_applicable,,none_mentioned,unknown,,neutral,I like this app but one thing I wish will be implemented is a private album.,,
45cf36c853a4,play_store,"App is broken. It used to work fine until a recent update. When you attach an image to a text message about 60% of the image does not appear in the preview, which makes the preview completely worthles",False,Complaint about image preview bugs when attaching to text messages.,,not_specified,[],[],not_mentioned,,not_applicable,,none_mentioned,unknown,,frustrated,When you attach an image to a text message about 60% of the image does not appear in the preview,,
28affa69ad28,play_store,I haven't updated the app for at least a year because every review I read indicates that it has gotten worse. Finally I was forced to do so because no matter what I could not edit photos anymore. Inst,False,Complaint about editing tools functionality and UI changes after update.,,not_specified,[],[],not_mentioned,,not_applicable,,none_mentioned,unknown,,frustrated,Instantly it is worse- a cropped image now no longer magnifies to fit the frame once the crop is made,,
29994c8d3438,play_store,"Can we stop adding unnecessary features no one asked for??? I just noticed there are ""Automatic albums"" where it also allows you to archive photos after 30 days, while it may be useful in some aspects",False,Complaint about automatic albums and auto-sorting feature.,,not_specified,[],[],not_mentioned,,not_applicable,,none_mentioned,unknown,,frustrated,"I DON'T WANT my photos to be sorted like that in unnecessary albums named ""Documents"".",,
57e74a7b625a,play_store,"It would be really great if we had an option to see ""unsorted"" photos - photos that are NOT in an album. OR see a label on the photo which states the album it is in (maybe on a toggle). It would also ",False,Feature request for viewing unsorted photos and custom album auto-backup options.,,not_specified,[],[],not_mentioned,,not_applicable,,none_mentioned,unknown,,neutral,"It would be really great if we had an option to see ""unsorted"" photos - photos that are NOT in an album.",,
ec97f3d5193c,play_store,"Since last update, the app messed up with my photos a lot, deleted some of my memories. Is that so hard not to delete photos that I probably have there for a reason? Separate issue, is how much that a",False,Complaint about deleted memories and poor AI face grouping/sorting.,,not_specified,[],[],not_mentioned,,not_applicable,,none_mentioned,unknown,,frustrated,"Since last update, the app messed up with my photos a lot, deleted some of my memories.",,
9bff03f0c62d,play_store,"Motorola user here 👋🏻! Us people don't have a built-in photo gallery, and Google photos is our first reliable go-to. However, it seems to lack a few basic features, such as: 1. flipping a photo withou",False,"The review focuses on photo editing features (flipping photos), order inversion in albums, and editing tools, not on retrieving a photo.",,not_specified,[],[],not_mentioned,,not_applicable,,none_mentioned,unknown,Motorola user,neutral,"Motorola user here 👋🏻! Us people don't have a built-in photo gallery, and Google photos is our first reliable go-to.",,
efeb7f8ca421,play_store,The app is so nice as far..I even purchased storage..but it would be nice if we get the option to enlist faces manually as well because sometimes it doesn't automatically recognise faces of the photo ,True,"The user wants to find photos based on faces, but automatic face recognition fails for angled or dim photos, making retrieval difficult.","The user wants to find photos of specific people whose faces are turned away or in dim light, but face recognition fails.",person_face,['people_present'],[],person_name,,app_misunderstands,auto recognition fails for side/back/dim faces so face search misses them,none_mentioned,unknown,,frustrated,"sometimes it doesn't automatically recognise faces of the photo taken either from back , side or in dim light . hence if we can manually add face it would be easier for us to find out photos based on face",feature_request,
beb2dcff9777,play_store,Please put the monthly view back to small thumbnails only. The random large photos are incredibly annoying and you can't see the chronological order clearly. Please!! - You have responded to my review,False,"The review is a UI complaint about thumbnail sizes and grid layouts, not a photo retrieval failure.",,not_specified,[],[],not_mentioned,,not_applicable,,none_mentioned,unknown,,frustrated,Please put the monthly view back to small thumbnails only.,,
8f4f8b4080d8,play_store,"the app is actually good. you can do a lot of things to edit photos or videos, the search bar and the app automatically selects photos of different people and store in one place. my problem is the nee",False,"The user complains about storage limits, lack of deletion, and requiring internet access to view photos, not retrieval search issues.",,not_specified,[],[],not_mentioned,,not_applicable,,none_mentioned,unknown,,neutral,"my problem is the need for data/wifi connection to access/view the photos and videos, also the very small storage is very annoying",,
a51f6c1f56af,play_store,"The latest forced update has totally ruined the interface and usability. I pay for additional storage and have over 20,000 photos stored, and have always been able to set all thumbnails the same size ",True,The user explicitly states that random large thumbnail sizing changes make it much harder to scroll and find desired photos.,"The user is trying to scroll through a large library of 20,000 photos to find a specific one, but UI layout changes hinder the process.",not_specified,['none_stated'],['none_stated'],not_mentioned,,cannot_refine,random large thumbnails disrupt visual scanning and scrolling for specific photos,scroll_by_date,unknown,"heavy-user with over 20,000 photos and paid storage",frustrated,This change is pointless and makes it much harder to find the photo I want.,ui_navigation_regression,
c0a064f6f64c,play_store,"They removed the ability to see photo information. it used to be if you clicked the ""about"" button it would tell you the format of the photo for example. now it's been replaced with an AI slop search ",False,"The complaint is about metadata and format info being replaced by an AI search bar, not an inability to find an existing photo.",,not_specified,[],[],not_mentioned,,not_applicable,,none_mentioned,unknown,,frustrated,"They removed the ability to see photo information. it used to be if you clicked the ""about"" button it would tell you the format of the photo for example.",,
d7a082066760,play_store,Baffling UI choices continue. Want to easily find a photo from a certain date using easy visuals? Tough. It's now a homogeneous mess that just dumps all your photos together with no separation. It giv,True,The user complains about failing to easily find a photo from a certain date due to a homogeneous layout dump.,"The user wants to find a photo from a certain date using visual separation, but the app dumps photos together without clear separation.",not_specified,['approx_time'],['exact_date'],date_only,,cannot_refine,photos are dumped together without clear date separation making visual search hard,scroll_by_date,unknown,,frustrated,Want to easily find a photo from a certain date using easy visuals? Tough.,ui_navigation_regression,
26583a435629,play_store,"Incredibly tedious, barely fit for purpose, frustratingly slow. • Often takes 30-60 seconds to change a photo's tag. • Can't manually add people or pets if Auto-tag fails. • Can't see long photo names",False,"The review lists general workflow and tagging frustrations (slowness, tag editing, batch actions), not finding a lost photo.",,not_specified,[],[],not_mentioned,,not_applicable,,none_mentioned,unknown,,frustrated,"Incredibly tedious, barely fit for purpose, frustratingly slow.",,
51f438881a86,play_store,I have my photos and videos in the Locked folder and backup was disabled. it was running perfectly from last 1 year. Now last week suddenly I found my locked folder empty and all my data disappeared. ,False,"The user is reporting data loss (photos disappearing from the locked folder), not trying to retrieve an existing, accessible photo via search.",,not_specified,[],[],not_mentioned,,not_applicable,,none_mentioned,unknown,,frustrated,Now last week suddenly I found my locked folder empty and all my data disappeared.,,
834255370ad2,play_store,Google Photos is the most useless app ever. It's so slow uploading photos to an album even on 5G connection. I can't create a link to share the album because it says not all photos were uploaded. I ca,False,"The text discusses upload speeds, album creation errors, and save delays, which are backup and sync issues.",,not_specified,[],[],not_mentioned,,not_applicable,,none_mentioned,unknown,,frustrated,Google Photos is the most useless app ever. It's so slow uploading photos to an album even on 5G connection.,,
9a47bea177b1,play_store,"I really like how easy Google Photos makes it to share photos with friends and family. One thing I dont really like is the music they use when showing Memories. In the past, the music was often instru",False,"The review talks about music preferences in Memories features, not photo retrieval.",,not_specified,[],[],not_mentioned,,not_applicable,,none_mentioned,unknown,,neutral,One thing I dont really like is the music they use when showing Memories.,,
e68a73391226,play_store,"Ongoing issue for some time now. It fails to recognise pets in a lot of photos. If I type in search bar ""dogs"", those pet photos appear, however if I just go through People and Pets, photos do not app",True,"The user is trying to find pet photos using the People and Pets section, but the app fails to recognize pets properly despite face groups being turned on.","The user is trying to locate photos of their pets through the People and Pets section, but the photos do not appear there.",pet_animal,['visual_detail'],[],single_keyword,dogs,app_misunderstands,face groups / People and Pets section fails to show pet photos even though keyword search finds them,search_multiple_terms,unknown,,frustrated,"If I type in search bar ""dogs"", those pet photos appear, however if I just go through People and Pets, photos do not appear despite turning on the pets function.",vague_memory_retrieval,remembers specific pets; People and Pets section fails to show them
3e120a2b0959,play_store,"AVOID USING AT ALL COST!!! FIND A DIFFERENT PROGRAM AT ALL COST!! they have removed the ability to create albums on your own phone. they store somewhere else, and it tricks you into thinking they are ",False,"The review complains about album creation and local phone storage synchronization, not searching for a photo.",,not_specified,[],[],not_mentioned,,not_applicable,,none_mentioned,unknown,,frustrated,they have removed the ability to create albums on your own phone.,,
11725104c320,play_store,"love it! Google Photos has been my go to for as long as I can remember! it's got many new overhauls and totally cool additions such as AI, although AI can definitely flub some photos or assignments 😂 ",False,"General positive review praising the app, sharing, memories, and storage pricing.",,not_specified,[],[],not_mentioned,,not_applicable,,none_mentioned,unknown,,positive,love it! Google Photos has been my go to for as long as I can remember!,,
f9084679220f,play_store,Terrible to use. Ideally saving photos & creating albums should be easy to do & view. Albums shouldn't triplicate the photos. Where photos go when downloaded - who designed this?! The functionality- d,False,"The review is a general complaint about album creation, photo downloading destination, and basic editing bugs.",,not_specified,[],[],not_mentioned,,not_applicable,,none_mentioned,unknown,,frustrated,Ideally saving photos & creating albums should be easy to do & view.,,
4e58639e6752,play_store,"The last time I was facing an issue where the ""Places"" folder in the collections tab would vanish from the app a few seconds after opening Google Photos. A new update has fixed that but has now broken",False,"The user is complaining about UI bugs where the Documents and Places folders disappear in the collections tab, not about searching or trying to find a specific photo.",,not_specified,[],[],not_mentioned,,not_applicable,,none_mentioned,unknown,,frustrated,"It's now the ""Documents"" folder in the collections tab that keeps disappearing a few seconds after.",,
2fb34076f8dc,play_store,"It does the job but I can't believe it doesn't support tags. Why can't I add tags to individual photos to tag my dog, my friends or family so that I can later find all photos that include them? Seems ",True,"The user explicitly complains about the inability to add custom tags to photos of pets, friends, or family so they can later find them.","The user wants to find all photos of their dog, friends, or family using custom tags.",pet_animal,"['people_present', 'people_present']",[],category_word,,cannot_express,app lacks tagging feature to organize and find specific photos of people and pets,none_mentioned,unknown,,frustrated,"Why can't I add tags to individual photos to tag my dog, my friends or family so that I can later find all photos that include them?",feature_request,
d7da0b259e53,play_store,"I only find one thing annoying, and that's the day/time arrangement. Let me explain: For instance, I downloaded a pic at 12:55am on the 27th of July. Then I go to Photos and find it saved all the way ",False,"The user is complaining about incorrect date/time ordering of downloaded photos in the timeline, not about searching or retrieving a specific photo.",,not_specified,[],[],not_mentioned,,not_applicable,,none_mentioned,unknown,,frustrated,"For instance, I downloaded a pic at 12:55am on the 27th of July. Then I go to Photos and find it saved all the way in 5:32pm on the 5th of May, 2012.",,
35ebdcf0729a,play_store,"Honestly the worst app ever, I've never had an app where time after time, something different goes wrong every time, the backup makes absolutely no sense and works terribly and 15gb of storage is path",False,"The review is a general complaint about backup, storage limits, album disappearance, and layout issues.",,not_specified,[],[],not_mentioned,,not_applicable,,none_mentioned,unknown,,frustrated,when you add photos to an album they just randomly disappear all the time,,
a9e76555a578,play_store,"Excellent Photo Management App! Google Photos is one of the most useful apps for safely storing, organizing, and accessing photos and videos. The automatic backup, powerful search, easy sharing, and s",False,This is a positive review praising the overall photo management and search capabilities without describing a retrieval failure.,,not_specified,[],[],not_mentioned,,not_applicable,,none_mentioned,unknown,,positive,"I especially like how easily I can find old photos and memories by date, location, or people.",,
7e30a0c8a373,play_store,It works but the UX is not great: - When I try to create an album nothing happens so I click several times and then it duplicates the album - I cannot see my favorites in the favorites view - I cannot,False,"The review covers UX issues regarding album creation, favorites view, and bulk selection limitations, not photo search/retrieval.",,not_specified,[],[],not_mentioned,,not_applicable,,none_mentioned,unknown,,frustrated,When I try to create an album nothing happens so I click several times and then it duplicates the album,,
11da957976ba,play_store,"It's rubbish that when you've opted to backup WhatsApp photos automatically, Google Photos saves them in a separate album to the Camera folder by default, with no option of changing their default albu",False,"The user complains about WhatsApp photo backup organization and editing copy behaviors, not about trying to find a lost photo.",,not_specified,[],[],not_mentioned,,not_applicable,,none_mentioned,unknown,,frustrated,"It's rubbish that when you've opted to backup WhatsApp photos automatically, Google Photos saves them in a separate album to the Camera folder by default",,
443cc6a6c3b8,play_store,"The App Was Good For Sending GIF And Photos In Games, But Forbids Me From Sending Any GIF to certain games I have currently, which currently they are not inappropriate, there been updates with that an",False,"The user is complaining about sending GIFs in games, completely unrelated to photo retrieval.",,not_specified,[],[],not_mentioned,,not_applicable,,none_mentioned,unknown,,frustrated,"The App Was Good For Sending GIF And Photos In Games, But Forbids Me From Sending Any GIF to certain games I have currently",,
2814591d7f53,play_store,"whatever you did with the last update, undo it. selecting images to delete or create a collage, it doesn't matter what, open both menus at the same time - to share or to edit - and that covers half of",False,The user is complaining about overlapping UI menus when selecting images for deletion or collages.,,not_specified,[],[],not_mentioned,,not_applicable,,none_mentioned,unknown,,frustrated,"selecting images to delete or create a collage, it doesn't matter what, open both menus at the same time - to share or to edit - and that covers half of the screen",,
7975b596932d,play_store,"One of the main things I really like about this app and use it for is face grouping and that is getting worse and worse. I've followed all the steps to refresh and allow the app to process the faces, ",True,"The user complains that clear faces are not being grouped or registered, making it impossible to find or organize photos of specific people.","The user is trying to group and find photos by face, but clear faces are not being recognized or indexed.",person_face,['people_present'],[],person_name,,wrong_metadata,face grouping fails to recognize and register clear faces,none_mentioned,unknown,,frustrated,pictures with very clear faces aren't getting grouped and aren't getting registered as faces so I can't even manually add them.,other,
f0d58fbb352f,play_store,"edit: I fixed the problem, used an apk to download version 7.90! the last update to the UI has made this app unusable. I cant find any of the photos im looking for, things are no longer grouped by dat",True,The user explicitly states they cannot find the photos they are looking for due to UI updates where things are no longer grouped by date and photos disappear from the main grid.,The user is trying to find various photos in their library after an update changed date grouping and grid visibility.,not_specified,['approx_time'],[],not_mentioned,,app_misunderstands,"UI update broke photo visibility and date grouping, making photos hard to locate",third_party_tool,unknown,,frustrated,"I cant find any of the photos im looking for, things are no longer grouped by date, some photos dont show up at all in the main grid and now i have to dig in collections to find them",ui_navigation_regression,
aa1ace301580,play_store,"Google Photos is an excellent app for storing, organizing, and backing up photos and videos. The search and automatic organization features are very useful, and it makes finding old memories easy. Ove",False,"A positive general review praising storage, organization, search, and backup features.",,not_specified,[],[],not_mentioned,,not_applicable,,none_mentioned,unknown,,positive,"The search and automatic organization features are very useful, and it makes finding old memories easy.",,
e8356144d7b9,play_store,"It's terrible, it backs the pics up before I get a chance to edit them, then I can't find then again to save my storage space. Worst app ever, shame on you google. Thanks for the advice on how to use ",True,"The user complains that photos are backed up before they can edit them, making them unable to find them again to manage storage.",The user is trying to locate recently taken photos in order to edit and manage them.,not_specified,['approx_time'],[],not_mentioned,,app_misunderstands,automatic backup hides or alters workflow before user can find and edit photos,none_mentioned,days,,frustrated,"it backs the pics up before I get a chance to edit them, then I can't find then again to save my storage space.",data_missing_sync,
542ef260d7d0,play_store,Unable to separate folders and the continued invasion of privacy. I have a few folders/albums on my hard drive that operate as my client's photoshoots. Saved as a backup in case my main laptop dies. W,False,The user is complaining about folder permission boundaries and privacy access regarding client photoshoots vs personal albums.,,not_specified,[],[],not_mentioned,,not_applicable,,none_mentioned,unknown,professional,frustrated,"Google Photos won't let me see my own backed up photos because I don't give it UNLIMITED access to ALL of my folders, including my client's.",,
08a7f8d7c3a9,play_store,"it took several hours to upload 60 photos and the Magic Eraser app has never completed a task. s26 phone and up to date... gonna keep trying, wish me luck! I would like to add, many thanks to the team",False,"The user mentions upload speed and Magic Eraser functionality, not photo retrieval or search.",,not_specified,[],[],not_mentioned,,not_applicable,,none_mentioned,unknown,,positive,it took several hours to upload 60 photos and the Magic Eraser app has never completed a task.,,
16537d5cd404,play_store,used to be great photo program. now garbage. other friends also saying same thing. even tried uninstalling and reinstalling. now wants access to everything and ability control phone settings. for what,False,"The review is a general complaint about app performance, editing tools failing, and permissions, not about searching for a lost photo.",,not_specified,[],[],not_mentioned,,not_applicable,,none_mentioned,unknown,,frustrated,now get circle of death and nothing adjusts.,,
d28597ea02ef,play_store,"Great app, but please improve metadata preservation. When I edit the date/time or location of a photo in Google Photos, those changes should remain when I download the photo. Please add an option to p",False,"The user is talking about metadata preservation upon download and editing, not searching for a photo.",,not_specified,[],[],not_mentioned,,not_applicable,,none_mentioned,unknown,,neutral,"When I edit the date/time or location of a photo in Google Photos, those changes should remain when I download the photo.",,
99ee2f185f15,play_store,"I'm not too excited about how it groups my pictures together. Then, I have a video of my two cats playing with a new toy and it no longer has a play availability and that was recorded a month before o",False,"The user is complaining about grouping, archived albums disappearing, and a video losing playback capability, not searching for a photo.",,not_specified,[],[],not_mentioned,,not_applicable,,none_mentioned,unknown,,frustrated,And my albums keep getting archived and sometimes disappear.,,
328c4fcc2452,play_store,Stop deleting my photos without my permission!I checked my trash and archive and the photos im looking for aren't there and i'm not close to the storage limit. I pay $3 a month for extra storage so yo,False,"The user is complaining about deleted photos and incorrect pet facial recognition, not an active photo retrieval search issue.",,not_specified,[],[],not_mentioned,,not_applicable,,none_mentioned,unknown,,frustrated,literally every single photo of my black cats is under the wrong profile!,,
7b1fe4d5c2f5,play_store,this f***ing app keeps backing up albums even though I explicitly have backup turned off. and this is after it spent years asking me if I wanted to turn back up on every single time I opened it even t,False,"The user is complaining about unwanted cloud backups happening automatically, not searching for photos.",,not_specified,[],[],not_mentioned,,not_applicable,,none_mentioned,unknown,,frustrated,this f***ing app keeps backing up albums even though I explicitly have backup turned off.,,
3e33cc910470,play_store,"app never wants to open all I see when I open it ,is Google organizes your photos by face i dont want that it wont show me my photos i have to close the app reopen and hope this time i can see them pl",False,"The user is complaining about app startup issues, face grouping preferences, and missing photos, not performing a retrieval search.",,not_specified,[],[],not_mentioned,,not_applicable,,none_mentioned,unknown,,frustrated,it wont show me my photos i have to close the app reopen and hope this time i can see them,,
20373ffbd42f,play_store,"Unable to share photos or videos with permissions set to share to other installed apps (under security & privacy settings), if I select any album from my ""Collections"" it always opens to a blank page ",False,"The user is reporting a blank page bug when sharing albums to other apps, not searching for a specific photo.",,not_specified,[],[],not_mentioned,,not_applicable,,none_mentioned,unknown,,frustrated,"if I select any album from my ""Collections"" it always opens to a blank page",,
2c803edb0bb3,play_store,"photos is great, but the new update they put in for music playing over the ""memories"" is very annoying! I can't hear the original audio and I can't find an option to turn the music off. I'd be giving ",False,"The user is complaining about background music playing over memories, not a photo retrieval issue.",,not_specified,[],[],not_mentioned,,not_applicable,,none_mentioned,unknown,,frustrated,"the new update they put in for music playing over the ""memories"" is very annoying!",,
bcbcee3aa175,play_store,"I love the new Ai additional help in the search bar. However, when I request a search using words I know are included in what I'm looking for, it comes up empty. I know with time this would be improve",True,"The user is trying to find a photo using known words in the search bar, but the search returns empty results.","User tries to search for a photo using specific words known to be in the photo, but the search comes up empty.",text_in_image,['text_content'],['none_stated'],single_keyword,,app_misunderstands,search using words included in target photo comes up empty,none_mentioned,unknown,,neutral,"when I request a search using words I know are included in what I'm looking for, it comes up empty.",vague_memory_retrieval,remembers words included in target photo; keyword search comes up empty
832bc0c24bd9,play_store,"I don't like how the app constantly rearrange photos, making them very difficult to find. I also don't appreciate the app creating slide shows on its own. For example, the app took pictures of my mom ",False,"The user is complaining about unwanted automatic slideshows and photo rearrangement, not searching for a specific lost photo.",,not_specified,[],[],not_mentioned,,not_applicable,,none_mentioned,unknown,,frustrated,"I don't like how the app constantly rearrange photos, making them very difficult to find.",,
1ed7173e98e8,play_store,"Can you believe ?? This app is from a big world company !! In today's era, where HEIC is trending, this app can't open/ play that file type. Can you give the option to rearrange (at least default shor",False,"The user is complaining about HEIC file compatibility, album sorting, and backup limitations, not active photo retrieval.",,not_specified,[],[],not_mentioned,,not_applicable,,none_mentioned,unknown,,frustrated,"In today's era, where HEIC is trending, this app can't open/ play that file type.",,
7d190035849e,play_store,"It's missing something! I want to move my pictures to an album and those photos get deleted from the main photos. I have so many photos it takes days to find one photo cause the search sucked. So, I g",True,"The user has so many photos and states that search sucks, forcing them to browse manually to find a single photo.",User is trying to find a specific photo in a massive library but has to go through them one by one because search fails.,other,['none_stated'],['none_stated'],not_mentioned,,app_misunderstands,"search function is poor, forcing manual one-by-one photo browsing",scroll_by_date,unknown,,frustrated,I have so many photos it takes days to find one photo cause the search sucked.,vague_memory_retrieval,remembers target photo exists; search fails forcing manual one-by-one browsing
3719780acc34,play_store,"Found a photo via search, edited and saved a copy. It didn't show in the search after I closed the initial image. It didn't show as a new photo in overall photo feed. I either have to search again for",True,"The user finds a photo via search, edits it, and then struggles to locate the edited copy because it fails to appear in search or the main feed immediately.","User tries to locate a newly edited copy of a found photo, but it does not appear in search results or the overall feed.",other,['approx_time'],['none_stated'],not_mentioned,,content_not_indexed,newly edited photo copy does not immediately appear in search or feed,scroll_by_date,days,,frustrated,"Found a photo via search, edited and saved a copy. It didn't show in the search after I closed the initial image.",vague_memory_retrieval,remembers edited photo exists; search and feed fail to index it immediately
1ee9e5c0037e,play_store,I used to love google photos and drive but now it is not working as I set it to! I keep turning the backup OFF and it magically turns itself back ON within a month. cluttering the photos I would actua,False,"The user is complaining about backup toggling back on automatically and unwanted deletion behavior across device and cloud, not searching for a photo.",,not_specified,[],[],not_mentioned,,not_applicable,,none_mentioned,unknown,,frustrated,I keep turning the backup OFF and it magically turns itself back ON within a month,,
860a46b6e7af,play_store,"Miss the old separation of photos by dates that left a break. This new continuous scrolling is messy, and annoying to locate photos based on date. Also, when trying to add locations to photos, when ty",True,"The user complains that continuous scrolling makes it annoying to locate photos based on date, and location adding is broken.","User is trying to locate photos based on date using continuous scrolling, finding it messy and difficult.",other,['approx_time'],['exact_date'],not_mentioned,,cannot_refine,continuous scrolling layout without date breaks makes chronological location difficult,scroll_by_date,unknown,,frustrated,"This new continuous scrolling is messy, and annoying to locate photos based on date.",ui_navigation_regression,
86500054f7a9,play_store,This app is a hot mess. Takes so long to perform any action on my Pixel 8 Pro. Freezing frequently and such. Photos that are just taken show up as blank and take 30-40 seconds before they actually app,False,"Review is about app performance, freezing, and slow photo appearance upon taking.",,not_specified,[],[],not_mentioned,,not_applicable,,none_mentioned,unknown,,frustrated,Photos that are just taken show up as blank and take 30-40 seconds before they actually appear in the gallery.,,
7d1816e403d5,play_store,When the Screenshots folder is opened it displays ‘photos missing from search Turn on backup’ message. All taken screenshots now appear in the Camera folder instead. I don’t use ‘backup’ & don’t want ,False,Review is about backup prompts and folder organization issues (screenshots in camera folder).,,not_specified,[],[],not_mentioned,,not_applicable,,none_mentioned,unknown,,frustrated,When the Screenshots folder is opened it displays photos missing from search Turn on backup message.,,
a9af6550de10,play_store,the new update is the worst thing that has ever happened. why can't I see my old pictures? What's the point of being able to see only what's already on the device? where did my albums go??? on the web,False,Review is about cloud sync/visibility of old pictures in the app vs web version.,,not_specified,[],[],not_mentioned,,not_applicable,,none_mentioned,unknown,,frustrated,why can't I see my old pictures? What's the point of being able to see only what's already on the device?,,
243cc924e60f,play_store,Great editing features. It would be improved hugely if the facial organisation allowed efficient manual rearrangement. Removing faces takes a really long time as well as not being able to delete categ,True,User explicitly complains that the search function constantly fails and shows blanks.,User was trying to use suggested searches to find photos.,not_specified,['none_stated'],['none_stated'],category_word,,app_misunderstands,suggested search showed blanks and didn't work,none_mentioned,unknown,,frustrated,The worst feature however is the search function constantly never working and showing blanks for even the suggested search.,vague_memory_retrieval,remembers target photos exist; search function shows blanks and fails
5c623726d661,play_store,"now what the heck happened again I left a review saying how the edit button was missing on the videos, 2 Days later the edit button was back on and I edited my post and give you guys a core stars and ",False,Review is about missing edit buttons on videos.,,not_specified,[],[],not_mentioned,,not_applicable,,none_mentioned,unknown,,frustrated,now what the heck happened again I left a review saying how the edit button was missing on the videos,,
e7c26278287b,play_store,"the absolute worst photo album app. invasive AI garbage scanning all your private photos. even with backup turned on, there is no way to view ALL your photos in a single gallery. messages, camera, scr",False,Review is a complaint about AI scanning and gallery view separation.,,not_specified,[],[],not_mentioned,,not_applicable,,none_mentioned,unknown,,frustrated,"even with backup turned on, there is no way to view ALL your photos in a single gallery.",,
a2b29c5f1ef6,play_store,"I spent 15 or 20 minutes looking for the sync button to restore from a backup on my new device, and you know what? IT'S NOT THERE! There's simply no way to restore the backup to the device. Why should",False,Review is about restoring backups on a new device.,,not_specified,[],[],not_mentioned,,not_applicable,,none_mentioned,unknown,,frustrated,"I spent 15 or 20 minutes looking for the sync button to restore from a backup on my new device, and you know what? IT'S NOT THERE!",,
d1e6dfa9b6f0,play_store,"Worst update ever. Very difficult to get to the animations (now highlights). I never complained when you moved the ""Add to album"" outside the share option, but all these new modifications make the app",False,Review is about UI navigation difficulty to find animations/highlights.,,not_specified,[],[],not_mentioned,,not_applicable,,none_mentioned,unknown,,frustrated,Very difficult to get to the animations (now highlights).,,
248021f6aadc,play_store,"Does at of the things you'd expect a photos app to do. Basic edits are easily done, back ups are quick and easy, and organising what photo goes where is simple. However, the latest update seems to arb",False,"Review complains about dynamic grid layout sizing making sequential browsing hard, but is not about retrieving a specific remembered photo.",,not_specified,[],[],not_mentioned,,not_applicable,,none_mentioned,unknown,,neutral,the latest update seems to arbitrarily choose a photo or video to enlarge compared to everything else in the grid layout,,
9116a8e62cf7,play_store,Google photos has been an excellent and useful app. It had been the reason why i still have my old pictures. But one problem i have with this app is you can't separate pictures from videos. There's a ,False,Review requests separating pictures from videos in tabs.,,video,[],[],not_mentioned,,not_applicable,,none_mentioned,unknown,,neutral,one problem i have with this app is you can't separate pictures from videos.,,
7cfe73c0918c,play_store,"Google removed the ability to zoom out to uniform tiny thumbnails in the last update for no reason, instead forcing a dynamic view where random photos/videos are taking up excessive grid space It is n",False,"Review complains about thumbnail size changes making it harder to scan older photos, but not searching for a specific remembered photo.",,not_specified,[],[],not_mentioned,,not_applicable,,scroll_by_date,unknown,,frustrated,"It is now much harder to quickly scan and find older photos, and I've had to roll back to an old version",,
9b2de19f79c5,play_store,I take a screenshot and it doesn't go into photos. I email the screenshot to myself and press add to Google photos. now I edit the photo then press save as copy and then it SAVES TO DOWNLOADS FOLDER A,False,Review is about screenshot saving behavior and backup storage warnings.,,screenshot,[],[],not_mentioned,,not_applicable,,none_mentioned,unknown,heavy-screenshot user,frustrated,I take a screenshot and it doesn't go into photos.,,
341663e77ab2,play_store,Their photo-to-video filter is excessively strict. My wife and I tried a photo of us together and it was blocked. Yes we were fully clothed. We disabled Google photos and currently looking for a repla,False,Review is about photo-to-video AI generation filter restrictions.,,other,[],[],not_mentioned,,not_applicable,,none_mentioned,unknown,,frustrated,Their photo-to-video filter is excessively strict.,,
b8f6e74222ff,play_store,"Photo to video editor's model Veo2 is way to strict. Blocks 90% of my appropriate photos. Google AI says the filter needs replaced, it's inconsistent and over cautious. GP needs customizable features ",False,Review is about photo-to-video editor model being too strict.,,other,[],[],not_mentioned,,not_applicable,,none_mentioned,unknown,,frustrated,Photo to video editor's model Veo2 is way to strict. Blocks 90% of my appropriate photos.,,
b656f7734452,play_store,New updates are absolutely horrible! Also so obnoxious I can't delete or move photos by selecting the select all button anymore... I have to select each and every one I have to select each and everyon,False,Review is about batch selection removal and annoying album suggestion popups.,,not_specified,[],[],not_mentioned,,not_applicable,,none_mentioned,unknown,,frustrated,Also so obnoxious I can't delete or move photos by selecting the select all button anymore,,
224d5b48fe88,play_store,Puts row of creepy figures bottom of every screenshot so I have to take more screenshot of team stats and lists. Is not helpful! Now it's 8/24/26 and is big lagging delay before will take my screenpri,False,"The user is complaining about screenshot UI bugs and lagging capture times, not searching for an existing photo.",,not_specified,[],[],not_mentioned,,not_applicable,not_applicable,none_mentioned,unknown,gamer or sports fan taking team stats screenshots,frustrated,Puts row of creepy figures bottom of every screenshot so I have to take more screenshot of team stats and lists.,,
70600c10991a,play_store,"Guys, why don't you provide a direct download feature in the application so that it is easier to use without having to go back to the browser?If you can access it via a browser, don't spend too much t",False,"The user is talking about downloading files from a browser/app, not searching for a photo in their library.",,not_specified,[],[],not_mentioned,,not_applicable,not_applicable,none_mentioned,unknown,,frustrated,It's really a hassle just to find the file you want.,,
7238c5ecab91,play_store,"Google Photos is an excellent app for storing, organizing, and managing photos and videos. The automatic backup, powerful search, easy sharing, editing tools, and smart organization features make it e",False,"General positive review praising search and memories, not a specific retrieval failure.",,not_specified,[],[],not_mentioned,,not_applicable,not_applicable,none_mentioned,unknown,,positive,I especially like how easy it is to find old memories and access them across devices.,,
7bd57a16860b,play_store,"Next to impossible to search for a photo. AI is just hopeless & worthless ! Have 5TB storage in Google cloud/ account/ drive/ photos/ mails, and 100% uploading settings for photos. But, after uploadin",True,User explicitly complains about being unable to search for desired photos by any means provided in the app.,User cannot find desired and actual photos in their large uploaded library using date search or AI search.,other,['exact_date'],['none_stated'],date_only,,app_misunderstands,search by date or AI returns not a single photo,none_mentioned,unknown,heavy cloud storage user with 5TB,frustrated,Can't search for the desired and actual photo by any means provided in the app.,vague_memory_retrieval,remembers specific uploaded photos exist; date and AI search return nothing
8c409d0d9072,play_store,"Generally love Google, but the recent update of combining RAW/Jpeg as one image and then displaying the RAW by default is a horrible user experience. Also, when I used to make albums to share with peo",False,"Complaint about RAW/JPEG combination and album creation UI friction, not retrieval of a lost photo.",,not_specified,[],[],not_mentioned,,not_applicable,not_applicable,none_mentioned,unknown,photographer using RAW files,frustrated,So unbelievably frustrating having to do this 200 times just to share 200 jpeg photos instead of selecting a day.,,
03d7ffe92a2f,play_store,"The people & pet grouping and then auto-updating albums are fantastic features, if they actually worked. Has not id'ed a person in months despite being on latest version and reaching out for support. ",False,"Complaint about people and pet auto-grouping/face identification failing, not about searching for a specific photo.",,not_specified,[],[],not_mentioned,,not_applicable,not_applicable,none_mentioned,unknown,,frustrated,Has not id'ed a person in months despite being on latest version and reaching out for support.,,
d4376bc5d48a,play_store,"Its Greate for Personnel use but its Not Good for Business Media content organise. because it doesn't super powerful identify, search & organise products and services photographs & their Data. it iden",False,"Complaint about business media organization and inability to identify products/services, not a specific photo retrieval attempt.",,not_specified,[],[],not_mentioned,,not_applicable,not_applicable,none_mentioned,unknown,business user,frustrated,"its Not Good for Business Media content organise. because it doesn't super powerful identify, search & organise products and services photographs",,
17d68442bc61,play_store,"One thing that should be addressed is, the circle that you click to check mark if you want to select all photos within a day. Because those of us using dark mode, can't see it. Not an issue if you kno",False,UI complaint regarding dark mode visibility of selection circles.,,not_specified,[],[],not_mentioned,,not_applicable,not_applicable,none_mentioned,unknown,dark mode user,neutral,"Because those of us using dark mode, can't see it.",,
48d12affcd22,play_store,"The new layout for browsing images now expands images at random to take up the space of six or even nine images, even at the furthest zoom out. Makes it look really cluttered and unorganized. I get th",False,Complaint about layout grid expansion and AI editing features.,,not_specified,[],[],not_mentioned,,not_applicable,not_applicable,none_mentioned,unknown,,frustrated,The new layout for browsing images now expands images at random to take up the space of six or even nine images,,
8cb80cdd4cf8,play_store,"Search used to be effortless, but the latest updates ruined it. It can't locate anything anymore even obvious photos that I know are right there in my library. Frustrating to see a core feature stop w",True,User states search cannot locate obvious photos that they know are in the library.,"User tries to locate known photos in their library using search, but search fails to find them.",other,['visual_detail'],['none_stated'],single_keyword,,app_misunderstands,search fails to locate obvious photos present in the library,none_mentioned,unknown,,frustrated,It can't locate anything anymore even obvious photos that I know are right there in my library.,vague_memory_retrieval,remembers obvious photos in library; search fails to locate them
0bb9c55ee1a1,play_store,"Since my last review the app has improved dramatically. However, there is still one niggle. The taskbar could do with being able to modify to suit. I would rather organise that to Collections, Photos,",False,UI complaint about taskbar ordering.,,not_specified,[],[],not_mentioned,,not_applicable,not_applicable,none_mentioned,unknown,,neutral,The taskbar could do with being able to modify to suit.,,
e23a8f91a470,play_store,"used to be alright but every update changes something for the worse. always trying to push backup for every screenshot. Could edit photos, now you need to upload it first and the magic eraser just scr",False,Complaint about backup prompts and magic eraser editing functionality.,,not_specified,[],[],not_mentioned,,not_applicable,not_applicable,none_mentioned,unknown,,frustrated,always trying to push backup for every screenshot.,,
6973f449e008,play_store,"I'm kinda having trouble with this app, it started like 3-4 days ago, albums take too long to fully load or simply don't load, moving photos to other albums also takes a lot of time even if it's only ",False,"Complaint about slow album loading times and performance, not photo search/retrieval.",,not_specified,[],[],not_mentioned,,not_applicable,not_applicable,none_mentioned,unknown,,frustrated,"albums take too long to fully load or simply don't load, moving photos to other albums also takes a lot of time",,
6f67383b116b,play_store,Pros: * Photos and videos are backed up securely and automatically. * Smart search helps you find photos of people or places within seconds. * The 'Memories' feature surfaces past special moments. * S,False,General app review listing pros and cons.,,not_specified,[],[],not_mentioned,,not_applicable,not_applicable,none_mentioned,unknown,,positive,Smart search helps you find photos of people or places within seconds.,,
76aa3c32ed0c,play_store,"like the older one better, this one is set up different than before, have to look for a picture for awhile,before I could find it in my sleep.. should give us a choice instead you automatically update",True,User complains about app redesign making it hard to look for pictures compared to before.,User has to spend a long time looking for a specific picture after the app layout changed.,other,['none_stated'],['none_stated'],not_mentioned,,cannot_refine,redesigned layout makes users hunt for pictures for a while,scroll_by_date,unknown,,frustrated,"have to look for a picture for awhile,before I could find it in my sleep..",ui_navigation_regression,
6a317c4740b4,play_store,I can't find any of my photos that they took off of my gallery. I hate Google photos. this app takes my well organized photos off of my phone and organizes them in a way that I can't find anything. I ,False,"Complains about app organization and storage, not searching for a specific lost photo.",,not_specified,[],[],not_mentioned,,not_applicable,,none_mentioned,unknown,,frustrated,this app takes my well organized photos off of my phone and organizes them in a way that I can't find anything.,,
80e85c89c0e1,play_store,"I'd like to control how I have my photos. This album concept is different from actual folders where I can put what I want. Sometimes I don't want a photo in the cloud or in the ""main"" folder.",False,Complaint about album concept and cloud storage vs local folders.,,not_specified,[],[],not_mentioned,,not_applicable,,none_mentioned,unknown,,neutral,This album concept is different from actual folders where I can put what I want.,,
72da9c890824,play_store,"why can't I find more than half of my photos? wth is going on? I have been using the app for years via many devices, without losing those photos. now they gone and you are blaming me for not backing u",False,Complains about missing/lost photos entirely rather than a specific retrieval search failure.,,not_specified,[],[],not_mentioned,,not_applicable,,none_mentioned,unknown,,frustrated,why can't I find more than half of my photos? wth is going on?,,
1ee72af60131,play_store,"Locked Folder is missing from my Google Photos app. I checked Collections, but there is no Locked Folder option at all. I also checked the settings, but I cannot find the Locked Folder or its backup o",False,Complaint about missing Locked Folder feature after update.,,not_specified,[],[],not_mentioned,,not_applicable,,none_mentioned,unknown,,frustrated,Locked Folder is missing from my Google Photos app.,,
dd52dc578778,play_store,"A recent update broke the very useful ""Select all for today"" option. It no longer appears, making it much more tedious to move photos from a specific day into an album because I now have to select the",False,Complaint about missing UI selection option and storage prompts.,,not_specified,[],[],not_mentioned,,not_applicable,,none_mentioned,unknown,,frustrated,"A recent update broke the very useful ""Select all for today"" option.",,
e9b9ff2f295c,play_store,"albums REQUIRE cloud storage. it never mentions this anywhere in the app, but if you're using your phones storage for photos and videos, and want to create albums, it will upload those photos and vide",False,Complaint about cloud storage requirements for albums.,,not_specified,[],[],not_mentioned,,not_applicable,,none_mentioned,unknown,,frustrated,albums REQUIRE cloud storage.,,
9b8a62fd9ae8,play_store,Recent updates have introduced a bunch of bugs that make it really inconvenient to use daily. The grid view has random large or elongated photos making it hard to scan photos and follow their chronolo,False,Complaint about UI grid view bugs and edit tools layout.,,not_specified,[],[],not_mentioned,,not_applicable,,none_mentioned,unknown,,frustrated,The grid view has random large or elongated photos making it hard to scan photos,,
a4ec67ee5904,play_store,"2026.08.20- still not fixed/changed, already on show in grid form. 2026.05.18- newest update for phones is making the main photos view to be irregular sized. It was previously uniform grid squares thr",False,Complaint about irregular grid sizing and multi-select issues.,,not_specified,[],[],not_mentioned,,not_applicable,,none_mentioned,unknown,,frustrated,newest update for phones is making the main photos view to be irregular sized.,,
6361ff1a2f4d,play_store,"app works great, so much storage. But it would be nice to see folders for albums. For so much storage it's hard to keep up with organizing key media from the overall mass, and I'm accumulating a lot o",False,Feedback requesting folders for albums to better organize media.,,not_specified,[],[],not_mentioned,,not_applicable,,none_mentioned,unknown,,neutral,it would be nice to see folders for albums.,,
aeed5bab657d,play_store,PLEASE FIX ASAP! WHERE DO THE EDITED PHOTOS GO? As soon as you finish editing and click SAVE it's GONE and you can only search for the original photo again! PLEASE FIX THIS! Also still need to make th,True,"User cannot find edited photos after saving them, needing to search for the original instead.",User trying to find recently edited photos that disappear or cannot be located after clicking save.,other,['visual_detail'],"['place_location', 'approx_time']",single_keyword,,wrong_metadata,saving edited photo results in only original photo being searchable,none_mentioned,unknown,not_specified,frustrated,As soon as you finish editing and click SAVE it's GONE and you can only search for the original photo again!,vague_memory_retrieval,remembers edited photo exists; saving makes it unsearchable except original
18efae1029ef,play_store,"used to love this, but everything is always changing and sometimes it ends up cutting my pics in half when i see them in my gallery and I cant fix them even if I go back to Google Photos and try to fi",True,User is trying to search for locations but search suggestions fail to complete or show results.,User trying to search for past locations in the app but location search fails to complete or return options.,place_venue_travel,['place_location'],['none_stated'],location_only,,app_misunderstands,location typing stops halfway and search options do not appear,none_mentioned,unknown,not_specified,frustrated,"the location doesn't work, I start typing in somewhere and 95% time nothing comes up",other,
aae1142f34f9,play_store,"-3 stars for Remix slop, -4 stars for opting me into Remix memories. Photos View settings are too hidden! Missing ""Create Panorama"" tool. AI edits are much slower than non-ai. Previous Auto-crop auto-",False,"Complaint about Remix memories, missing panorama tool, and unsharing conversations photos.",,not_specified,[],[],not_mentioned,,not_applicable,,none_mentioned,unknown,,frustrated,Photos View settings are too hidden!,,
f07c2addeeae,play_store,"I keep my photos organized on my phone into albums. Google Photos completely ignores my albums on backup, so if I want everything organized in Photos, I have to do double the work. Very obnoxious. In ",False,Complaint about backup ignoring pre-existing device photo albums.,,not_specified,[],[],not_mentioned,,not_applicable,,none_mentioned,unknown,,frustrated,Google Photos completely ignores my albums on backup,,
95498891950d,play_store,It is not is good after recent update.. The photo were didn't categorized according to face even my face group is turned on still it didn't categorised my images according to face and photo labelling ,False,Complaint about face grouping and categorization not working automatically.,,not_specified,[],[],not_mentioned,,not_applicable,,none_mentioned,unknown,,frustrated,The photo were didn't categorized according to face even my face group is turned on,,
6e0d4201501e,play_store,why the hell does it automatically sort photos into different folders that I DONT WANT. I have to open different folders to find a photo because it puts photos in hidden places. just put them one spot,False,Complaint about automatic folder sorting and UI organization.,,not_specified,[],[],not_mentioned,,not_applicable,,none_mentioned,unknown,,frustrated,why the hell does it automatically sort photos into different folders that I DONT WANT.,,
84b56370c087,play_store,"okay why is my Locked folder not accessible? I've been using this app for years now. Not really been having problems lately, there was a time when Google lenses were unavailable now I can't access my ",False,"The user is complaining about not being able to access the Locked folder, not searching for a specific photo.",,not_specified,[],[],not_mentioned,,not_applicable,,none_mentioned,unknown,,frustrated,okay why is my Locked folder not accessible?,,
8ea8078e6cf6,play_store,"Completely messed up the search function. It used to be really simple to search, now there's about 3 more unnecessary steps added for no upside as far as I can see. Please reinstate the old UI.",False,"The review is a general complaint about UI changes in the search function, not about retrieving a specific photo.",,not_specified,[],[],not_mentioned,,not_applicable,,none_mentioned,unknown,,frustrated,Completely messed up the search function.,,
cfaaf18c5b36,play_store,there is so many features which annoy me yet i cant turn them off. auto album is one of them. it takes photos what kind of resemble something and stuff them into a folder. which is inside some group f,False,"The user is complaining about auto-album categorization putting a document into the receipt folder, not about trying to find a photo.",,not_specified,[],[],not_mentioned,,not_applicable,,none_mentioned,unknown,,frustrated,"intook a photo of an important paper of mine, and the app stuffed it into ""Receipt"" folder.",,
1eac598258f2,play_store,"Uploaded over 4.5 Gig of my Photos to a Cloud that I don't trust without my permission after an Update. A Major Privacy threat, that made it very difficult to also find the settings to stop it. While ",False,The review is about unwanted cloud backup and privacy concerns.,,not_specified,[],[],not_mentioned,,not_applicable,,none_mentioned,unknown,,frustrated,Uploaded over 4.5 Gig of my Photos to a Cloud that I don't trust without my permission after an Update.,,
ff90b14a658c,play_store,"Hate it. I cant stand how it automatically stores my photos in Numerous different folders without asking me where I want them, it makes it SO much more difficult to easily find what I'm looking for wh",False,"The user complains about automatic folder sorting making it difficult to find things generally, rather than searching for a specific photo.",,not_specified,[],[],not_mentioned,,not_applicable,,none_mentioned,unknown,,frustrated,it makes it SO much more difficult to easily find what I'm looking for when they're scattered in 12 different places,,
0d7f6026d8a2,play_store,"""Google Photos needs to add a proper selective backup feature. Currently, it backs up everything automatically, including downloaded images, screenshots, and videos, without allowing users to choose o",False,The review is a feature request for selective backup controls.,,not_specified,[],[],not_mentioned,,not_applicable,,none_mentioned,unknown,,frustrated,Google Photos needs to add a proper selective backup feature.,,
7843945657bc,play_store,still a horror show of usability for editing (no I'm not going to use Gemini to create AI slop) and the timeline doesn't show all photos even if they're tagged with location and timestamp (same on bro,False,"The review is a complaint about editing tools and missing photos in the timeline, not a retrieval search scenario.",,not_specified,[],[],not_mentioned,,not_applicable,,none_mentioned,unknown,,frustrated,still a horror show of usability for editing... and the timeline doesn't show all photos,,
511b475cb8e3,play_store,"It used to be a great app that worked seamlessly with my phones for as long as I can remember, but now with all the data price gouging and buggy updates, I can't give it the stars I used to sadly.",False,The user is complaining about data pricing and buggy updates.,,not_specified,[],[],not_mentioned,,not_applicable,,none_mentioned,unknown,,frustrated,"now with all the data price gouging and buggy updates, I can't give it the stars I used to sadly.",,
031971da3c89,play_store,"Using Google Android Pixel with updated app (as I do not believe others with iPhones have this bug): I have many Google Photos albums and sort by ""newest."". Despite this setting, they are often jumble",False,"The user is complaining about album sorting order issues, not photo search/retrieval.",,not_specified,[],[],not_mentioned,,not_applicable,,none_mentioned,unknown,,frustrated,"I have many Google Photos albums and sort by ""newest."". Despite this setting, they are often jumbled and incorrect",,
fc0284e00cb4,play_store,"I've loved Google Photos for the longest time, I've even upgraded my Google One so my family can have more storage, since we are both starting our own businesses we are required to take a lot of photo",False,The user is complaining about slow photo loading times after an update.,,not_specified,[],[],not_mentioned,,not_applicable,,none_mentioned,unknown,business owner,frustrated,There was recently an update that drastically slowed how quickly our photos load even on device photos.,,
7e58ccc0092c,play_store,"I've been using this app for years, and overall haven't had any problems. 1 thing I've recently been having to deal with is running out of free storage space (for backed up photos). I very much wish I",False,The user is complaining about storage space and wants manual backup selection.,,not_specified,[],[],not_mentioned,,not_applicable,,none_mentioned,unknown,,neutral,1 thing I've recently been having to deal with is running out of free storage space,,
23501d4ad8e2,play_store,"automatic backup is nice, although it is very annoying that there is no easy way to un-backup an image once uploaded. Random large images on the photos view is a terrible eyesore, it was fine before t",False,"The user is complaining about automatic backup, UI layout, and collections tab features.",,not_specified,[],[],not_mentioned,,not_applicable,,none_mentioned,unknown,,frustrated,"automatic backup is nice, although it is very annoying that there is no easy way to un-backup an image once uploaded.",,
02d3def6c5c1,play_store,"Specifically purchased the type of phone I have for this photos app. For years I have been thrilled. However, with AI (just like Gmail app now) I'm exhausted, frustrated, and disappointed. SO much tim",True,"The user is trying to find a simple photo they know exists using basic search terms, but failed due to AI integrations.",The user is trying to find a specific existing photo using basic search terms but cannot find it anymore.,other,[],[],single_keyword,,app_misunderstands,basic search terms fail to find known photos due to AI integrations,gave_up,unknown,,frustrated,What good is the app (and especially AI) if I can't find photos I know exist (and used to be able to find) using basic search terms.,vague_memory_retrieval,remembers specific photos exist; basic search terms fail to find them
6ffd0f306e41,play_store,"very bad navigation. whenever I have to send or share a photo I never find it in photos, because it never show recently downloaded photos on top. it uses some metadata which is useless. example if I h",True,"The user is trying to find and share a recently downloaded photo from Gmail within the photos app, but cannot locate it because it is not shown on top.","The user is trying to locate a recently downloaded photo from Gmail to send it, but cannot find it in the photos app view.",whatsapp_social_download,['approx_time'],[],not_mentioned,,wrong_metadata,sorting does not put recently downloaded photos at the top,check_other_app,days,,frustrated,"whenever I have to send or share a photo I never find it in photos, because it never show recently downloaded photos on top.",ui_navigation_regression,
aad5eff0b27d,play_store,I like google photos a lot. I don't really get why anyone would use anything else. I find every other app frustrating to some degree. Many apps don't play nicely with other operating systems. That iss,False,The user expresses general positive sentiment and satisfaction with Google Photos.,,not_specified,[],[],not_mentioned,,not_applicable,,none_mentioned,unknown,,positive,I like google photos a lot. I don't really get why anyone would use anything else.,,
e8f04369e9cc,play_store,Far too many changes behind the scenes. A while back my pictures were backed up from my phone and then available in Google Photos on my phone and laptop as well as Photoscan by Google. Now it is uncle,True,"User complains about the new search replacing keyword search with AI and mislabeling faces, preventing them from finding specific photos.","Trying to search for photos of themselves or using keywords, but search returns mislabeled people and scatter-gun AI results.",person_face,['people_present'],['none_stated'],category_word,,app_misunderstands,search shows people who are distinctly not the user because photos of them are labeled me,none_mentioned,unknown,not_specified,frustrated,The new search cannot be jigged. it shows people who are distinctly not me as photos of me are labelled me.,ui_navigation_regression,
159d6bbefab1,play_store,"Stop changing this goddamn app. it was good the way it was before, it does not need a change in design. It does not need the Tabs suddenly be floating, it doesn't need not being able to sort through a",False,"Complaint is about UI design changes, tabs, dates, and Material You, not about failing to find a specific photo.",,not_specified,[],[],not_mentioned,,not_applicable,,none_mentioned,unknown,,frustrated,Stop changing this goddamn app.,,
c6e24e9f8b29,play_store,"Automatically gets added to your device with backing up automatically turned on. Meaning all of my photos/videos immediately filled up the storage, making it so I couldn't receive emails anymore. And ",False,Complaint is about storage being filled by automatic backups and deletion behavior linking cloud and local device.,,not_specified,[],[],not_mentioned,,not_applicable,,none_mentioned,unknown,,frustrated,Automatically gets added to your device with backing up automatically turned on.,,
040497ae732e,play_store,IT'S TERRIBLE - constant updates and changes - you can't put photos in albums without them backing up - automatic albums THAT YOU CAN'T DELETE - useless memories section - useless create section - too,False,"Complaint is about forced backups, automatic albums, memories section, and app clutter, not photo retrieval.",,not_specified,[],[],not_mentioned,,not_applicable,,none_mentioned,unknown,,frustrated,IT'S TERRIBLE - constant updates and changes - you can't put photos in albums without them backing up,,
b854b22c42d8,play_store,"this update is awful, even though I didn't update it. it's one block of photos with no clear month or day organisation until you go in to collections. before you could pinch in and out to change from ",False,"Complaint is about layout and lack of month/day organization in the main gallery view, not a specific retrieval search issue.",,not_specified,[],[],not_mentioned,,not_applicable,,none_mentioned,unknown,,frustrated,"this update is awful, even though I didn't update it. it's one block of photos with no clear month or day organisation",,
4457c5d7465b,play_store,"Giant memory carousel takes up more than 1/4 of the screen. should be its own tab, not on the main page. no way to shrink the GIANT images without losing every memory you've created (as I've sadly dis",False,"Complaint is about UI elements like the memory carousel, thumbnail sizing, and album grid layout.",,not_specified,[],[],not_mentioned,,not_applicable,,none_mentioned,unknown,,frustrated,Giant memory carousel takes up more than 1/4 of the screen.,,
2e6c1a842363,play_store,"Once loved this for photo storing and basic manipulation, but the updates are terrible for any kind of photo editing. Cropping now showing curved corners instead of straight, pushy AI, and the inabili",True,User states that UI is covered with floating menus and mismatched image sizes making it hard to find pictures while browsing.,Trying to browse and find pictures in the gallery while hindered by floating menus and mismatched image sizes.,not_specified,['none_stated'],['none_stated'],not_mentioned,,cannot_refine,UI covered with floating menus and mismatched image sizes making pictures hard to find,none_mentioned,unknown,not_specified,frustrated,"now even browsing your pictures, the UI is covered with needless floating menus and mismatched image sizes making it hard to find pictures.",ui_navigation_regression,
5479d3e887ed,play_store,"very poor design with very limited control of your own files. Auto sorting if heavily flawed, sending videos and photo to random locations and searching for individual files by name does not work prop",True,User complains that searching for individual files by name does not work properly because it reads file contents instead of names.,"Trying to search for individual files by their file name, but search ignores names and reads content instead.",other,['text_content'],['none_stated'],single_keyword,,wrong_metadata,"searching by file name does not work because search only reads content, not file names",none_mentioned,unknown,not_specified,frustrated,searching for individual files by name does not work properly because it does read file names it ONLY READ THE CONTENT IN THE FILES.,ui_navigation_regression,
7f29ea64b79a,play_store,"App is great. Lots of things are better then before and the team have listened to feedback regarding search, especially for searching albums. Huge improvement! It would be great to have ' switch faces",False,"Positive feedback praising search and albums improvement, with a feature request for face swapping.",,not_specified,[],[],not_mentioned,,not_applicable,,none_mentioned,unknown,,positive,"App is great. Lots of things are better then before and the team have listened to feedback regarding search, especially for searching albums.",,
b50a723b9e86,play_store,I don't know what you did to this app but it's all screwed up. I had the same problem a couple of years ago of downloads and screenshots showing in the Camera section. I was told to make sure I have t,False,Complaint is about AI automatically putting downloads and screenshots into the camera section rather than a retrieval failure.,,screenshot,[],[],not_mentioned,,not_applicable,,none_mentioned,unknown,,frustrated,Everything is all mixed up because your AI puts photos where it thinks they should go regardless of the source.,,
f45dc34157a4,play_store,"app is not bad, i use lot's of great features, but i can't see all the images - i need to make like 3 taps to see screenshots i made. or some images i save are in some folder somewhere. i use google p",True,User complains about having to make multiple taps to see screenshots or find saved images hidden in folders.,Trying to locate screenshots or saved images that require multiple taps or are buried in folders.,screenshot,['source_channel'],['none_stated'],category_word,,cannot_refine,user has to make multiple taps to see screenshots or find images saved in hidden folders,none_mentioned,unknown,Pixel user,frustrated,i can't see all the images - i need to make like 3 taps to see screenshots i made. or some images i save are in some folder somewhere.,ui_navigation_regression,
b0973e0f3e3f,play_store,"Not sure when it began, but the recent prompt that forces users to actively choose between backing up and not, with no way to close the menu and a ""Backup now, clean up later"" message is predatory; ho",False,Complaint is about predatory backup prompts and payment verification methods.,,not_specified,[],[],not_mentioned,,not_applicable,,none_mentioned,unknown,,frustrated,"Not sure when it began, but the recent prompt that forces users to actively choose between backing up and not... is predatory",,
15e16c6f2189,play_store,"Your search became useless a few months ago. I was using Google Photos from the beginning, having switched from Picasa to Google Photos! I upgraded to Google One solely because of your search capabili",True,"User states search became useless and searching for terms like tyre, home, or cat fails to properly display anything from the collection.","Trying to search for specific items like tyres, home, or cats, but search fails to display relevant results from the collection.",object_thing,['text_content'],['none_stated'],single_keyword,"tyre, home, or cat",app_misunderstands,"searching for keywords like tyre, home, or cat does not properly display anything from collection",none_mentioned,unknown,long-time user,frustrated,"Now, when I search for something like; tyre, home, or cat, it does not properly display anything from my collection.",vague_memory_retrieval,"remembers specific query terms like tyre, home, or cat; AI search returns nothing"
0a6505d1bd11,play_store,"Very useful feature ""Conversation"" is hidden God knows where... UI became extremely poor for the multi trillion-dollar company. By pure luck I was able to locate it: My profile->phone settings->Sharin",True,"User complains about face recognition mixing people up or creating many identities from one face, making it hard to find people.","Trying to find people using face recognition, but the feature mixes up people or creates multiple identities for a single face.",person_face,['people_present'],['none_stated'],person_name,,app_misunderstands,face recognition mixes people or creates many identities from one face,none_mentioned,unknown,not_specified,frustrated,"Face recognition feature is horrible, mixing people or creating many identities from the one face.",ui_navigation_regression,
9f272b9493ee,play_store,This latest update to remove the months is awful. I can't find the pictures I want because they are all combined together and the 'months' floating on top does not help because I can't tell where one ,True,User states they cannot find the pictures they want because months view was removed and photos are combined without clear month boundaries.,"Trying to find pictures using chronological month separation, but the update removed month distinction making photos hard to find.",not_specified,['approx_time'],['exact_date'],not_mentioned,,cannot_refine,removal of distinct months makes it impossible to tell where months end and find pictures,none_mentioned,unknown,paying subscriber,frustrated,I can't find the pictures I want because they are all combined together and the 'months' floating on top does not help,ui_navigation_regression,
5e5c125f0be9,play_store,Old look is gone and not possible to go it back. (daily separation). no favorites like it was before. (no i do not want to play in the menus and spend my time to search) This is the 3rd-4th time when ,False,"The user is complaining about UI changes and favorites disappearing, not actively trying to retrieve a specific photo.",,not_specified,[],[],not_mentioned,,not_applicable,,none_mentioned,unknown,,frustrated,no favorites like it was before. (no i do not want to play in the menus and spend my time to search),,
93f84b366528,play_store,"Your update info ALWAYS says this! ""We are introducing a new storage management tool to help you easily manage the photos that count toward your storage quota. This tool will surface photos or videos ",False,The user is complaining about update release notes and storage management tool descriptions.,,not_specified,[],[],not_mentioned,,not_applicable,,none_mentioned,unknown,,frustrated,How about telling us what is actually changing or updating for once?!,,
6da50f768956,play_store,"To be honest,I appreciate you guys for creating such a wonderful app, kudos to you guys, the app has made it easier to recover back forgotten,past and saved photo memories very easier,now I can access",True,The user is praising the app's ability to recover and access saved photo memories and albums.,The user is accessing backed up past photo memories and albums after losing a phone.,other,['none_stated'],['none_stated'],not_mentioned,,succeeded,none,none_mentioned,unknown,,positive,"now I can access my saved photo album whenever I want even if my phone got lost, misplaced or stolen",general_praise_or_success,
caa82f132eaf,play_store,"Facial recognition works great. Searching for objects or places also works well. However, the sync and backup fails by not organizing your backed up photos within the same albums as your phone's galle",False,"The user mentions facial recognition and search working well, but the core complaint is about backup and sync scattering photos into one main album.",,not_specified,[],[],not_mentioned,,not_applicable,,none_mentioned,unknown,,neutral,"Facial recognition works great. Searching for objects or places also works well. However, the sync and backup fails by not organizing your backed up photos",,
6e3c5a6f409a,play_store,"Coming from the Samsung ecosystem, I find my new Moto doesn't even have a gallery app (a primitive file browser that's just for images), instead it has this. This scans all folders (I only need the de",False,The user is complaining about data collection and local folder scanning instead of a dedicated DCIM browser.,,not_specified,[],[],not_mentioned,,not_applicable,,none_mentioned,unknown,,frustrated,This scans all folders (I only need the dedicated DCIM) with no option to exclude the noise.,,
929f04800e0b,play_store,Every update now encures a problem. I edit a photo unavailable for use anywhere else. done all the steps advised I found uninstalling the updates worked until they the infinite update gurus decide to ,False,"The review is about photo editing issues, AI features, and auto-rotate problems.",,not_specified,[],[],not_mentioned,,not_applicable,,none_mentioned,unknown,,frustrated,I edit a photo unavailable for use anywhere else. done all the steps advised I found uninstalling the updates worked,,
d2d79614bb71,play_store,"This app used to be a life saver for when I didn't want to delete my old photos but still wanted to save space. Starting a month ago, I haven't been able to back up my photos and instead the app tells",False,The user is complaining about photo backup failing due to a false wifi error.,,not_specified,[],[],not_mentioned,,not_applicable,,none_mentioned,unknown,,frustrated,"Starting a month ago, I haven't been able to back up my photos and instead the app tells me I have no wifi",,
bc580505d789,play_store,latest update not good. ui was fine before now just looks like the iOS photos app. much preferred how it looked before and the lack of separation by date between photos makes it a lot harder to find t,True,"The user complains that UI changes lack date separation, making it harder to find things.",The user is trying to find photos in the timeline stream but struggles due to lack of separation by date.,not_specified,['approx_time'],['exact_date'],not_mentioned,,cannot_refine,timeline lacks date separation making manual scanning difficult,scroll_by_date,unknown,switched from iOS to pixel,frustrated,the lack of separation by date between photos makes it a lot harder to find things as they all just blend together.,ui_navigation_regression,
5f8e6178557f,play_store,The app layout used to be so good...but now all the photos appear together... without the photos of one date being separated from another date. Please change back to the previous one. Edit: Another is,True,The user complains about finding photos due to lack of date separation and issues with searching/setting locations.,The user is trying to search for photos by location but the search terms do not bring up the correct results.,place_venue_travel,['place_location'],['none_stated'],location_only,,app_misunderstands,location search query does not return desired results,none_mentioned,unknown,,frustrated,"Setting Locations for each photo has become a nightmare, what I want to search for doesn't come up",vague_memory_retrieval,remembers location associated with photo; location search query fails
a872c1fe9773,play_store,"this is very disappointing.. while trying to find some old pics which already uploaded a long time ago, I can't find them now. very sure I don't delete those because they are very pretty good memories",True,The user is trying to find old uploaded pictures that have seemingly disappeared from their library.,The user is trying to find old uploaded pictures in sections of images that disappeared on their own.,other,"['approx_time', 'emotion_significance']","['exact_date', 'place_location']",category_word,,content_not_indexed,old pictures disappeared or cannot be found in sections,gave_up,3plus_years,subscriber,frustrated,"while trying to find some old pics which already uploaded a long time ago, I can't find them now.",data_missing_sync,
62214f1be964,play_store,"1) The interaction with mobile devices is frustrating. Can't easily remove photos from Photos without also deleting them off your device, and the workarounds are extremely clunky. 2) has really slowed",False,"The user is complaining about deletion restrictions between mobile devices and cloud, and slow performance creating/sharing albums.",,not_specified,[],[],not_mentioned,,not_applicable,,none_mentioned,unknown,,frustrated,Can't easily remove photos from Photos without also deleting them off your device,,
ddc321e1f9ae,play_store,"""please select at most up to 500 items"" Tell me that BEFORE I spend two hours tapping check marks to add stuff to an album for Gods sake. Or at least stop me at the maximum! Or even then, give me an o",False,The user is complaining about album item selection limits and lack of local folder to album conversion.,,not_specified,[],[],not_mentioned,,not_applicable,,none_mentioned,unknown,heavy-screenshot user,frustrated,please select at most up to 500 items,,
a442998e525c,play_store,I've been using this app for many years now!! and I'm disappointed to say that the new update actually made me want to yeet my phone. the update really sucks this year and I hate that the videos and p,True,The user mentions disappointment with the search and album feature placement changes following an update.,The user is attempting to use the search feature after its UI location was moved.,not_specified,[],[],not_mentioned,,cannot_express,search and album options moved to bottom causing UI friction,none_mentioned,unknown,,frustrated,"I was also disappointed with the album, search etc moved to bottom, hope this gets fixed!",ui_navigation_regression,
cd9ace36c801,play_store,"every time this updates it gets more difficult to find photos. Response isn't helpful. I sort my photos into albums, but the album titles vanish and I'm left with sorting through thousands of files to",True,The user states it is difficult to find photos because album titles vanish and files are only named by download numbers.,The user is trying to find a specific file among thousands of similarly numbered downloaded files after album titles vanished.,screenshot,['source_channel'],"['exact_date', 'visual_detail']",not_mentioned,,cannot_refine,album titles vanish leaving only download numbers making sorting impossible,scroll_by_date,unknown,,frustrated,"I sort my photos into albums, but the album titles vanish and I'm left with sorting through thousands of files to find one",ui_navigation_regression,
17268d7713f8,play_store,"(Once great) basics buried under an awful UI. For some inexplicable reason, Google seems obsessed with recreating the wheel, except every time they do, it becomes less functional. Their useless AI is ",False,"The user is complaining about general UI layout, editing behavior creating copies, and AI features, not a photo retrieval failure.",,not_specified,[],[],not_mentioned,,not_applicable,,none_mentioned,unknown,,frustrated,"basics buried under an awful UI. For some inexplicable reason, Google seems obsessed with recreating the wheel",,
37fd23649650,play_store,Has a bug on Pixel phones that they've not fixed in an age. If you edit a photo then try to import that edited image into another app it will throw up an error message. The workaround is to remove all,False,"The review is about an error when importing edited photos into another app and app updates, not searching for an existing photo.",,not_specified,[],[],not_mentioned,,not_applicable,,none_mentioned,unknown,Pixel phone user,frustrated,If you edit a photo then try to import that edited image into another app it will throw up an error message.,,
2daf5ccf5efc,play_store,"great photos app! I would like to suggest an option for users to customize the default screen upon launching the app. Personally, I would prefer the app to open directly to the Collections/Albums tab ",False,The review is a feature request for setting the default launch screen to the Collections/Albums tab.,,not_specified,[],[],not_mentioned,,not_applicable,,none_mentioned,unknown,Pixel 10 Pro user,positive,"Personally, I would prefer the app to open directly to the Collections/Albums tab instead of displaying all photos.",,
79b83ffb26c3,play_store,"Cannot do basic functions properly without getting stuck with the loading icon: Deleting a photo, Editing and saving a photo. If I just rotate a photo and save it, it saves it as a copy, but not exact",False,"The review complains about app freezing/loading icons when deleting or editing photos, not about finding a lost photo.",,not_specified,[],[],not_mentioned,,not_applicable,,none_mentioned,unknown,,frustrated,"Cannot do basic functions properly without getting stuck with the loading icon: Deleting a photo, Editing and saving a photo.",,
beab350833e5,play_store,"Last 2 updates have ruined this app for me, Im sick of having to fight this app to find & do basic things & try & find where an image has been saved or moved to by Ai😡. Want to select 2 or images to b",True,The user complains about fighting the app to find and locate where an image has been saved or moved by AI.,Trying to find where an image has been saved or moved by AI.,other,[],"['place_location', 'approx_time']",not_mentioned,,app_misunderstands,AI moves or saves images to unknown locations making them hard to find,none_mentioned,unknown,,frustrated,Im sick of having to fight this app to find & do basic things & try & find where an image has been saved or moved to by Ai,ui_navigation_regression,
82399fdaaaeb,play_store,1. Album management is not easy. There is no option to see only those photos which are NOT in any album. There should be a filter to do this. 2. If space is not available in device & you have to bin a,False,"The review discusses album management filters, deletion behavior, and file names, not photo retrieval.",,not_specified,[],[],not_mentioned,,not_applicable,,none_mentioned,unknown,,frustrated,Album management is not easy. There is no option to see only those photos which are NOT in any album.,,
c9462f940154,play_store,"October 17, 2025: most recent update took away a feature that I used or had more of a preference. when searching for key words, it gave the option for ""most recent"" or ""best match"", that is still ther",True,The user discusses the search feature's behavior when searching for keywords and organizing results.,Searching for photos using keywords and needing to break them down into chronological order.,other,['text_content'],['approx_time'],single_keyword,,app_misunderstands,Search results lack direct chronological organization under search terms without extra gestures,none_mentioned,unknown,,frustrated,"when searching for key words, it gave the option for ""most recent"" or ""best match"", that is still there but under most recent it showed searched key words and organized it by date.",ui_navigation_regression,
37d7428431e3,play_store,"I do not like this update. The lack of separation from date to date makes it difficult to find anything in my camera roll. Everything looks cluttered and personally, I find the rows on 4 to be a bette",True,The user complains that the lack of date separation makes it difficult to find anything in their camera roll.,Browsing the camera roll to find a photo by date and finding it difficult due to lack of separation.,other,['approx_time'],['visual_detail'],date_only,,cannot_refine,Lack of visual separation between dates makes browsing and finding photos difficult,scroll_by_date,unknown,,frustrated,The lack of separation from date to date makes it difficult to find anything in my camera roll.,ui_navigation_regression,
020d5ba042e3,play_store,"Absolutely love Google Photos! The automatic backup gives me peace of mind that I’ll never lose my pictures. Plus, the memories and collages it creates automatically are beautiful. A must-have app! ⭐⭐",False,"General positive feedback praising backup, memories, and smart search without describing a retrieval failure or specific search struggle.",,not_specified,[],[],not_mentioned,,not_applicable,,none_mentioned,unknown,,positive,"The best app to keep memories safe. The cloud backup is seamless, and the smart search feature makes it so easy to find old photos.",,
46b6823917b6,play_store,"I tried to tolerate this app but I can't anymore. Firstly, I'm tired of the stupid AI Create. I don't want it! Second, I didn't like the new 'Collections' layout and its unwanted 'documents' folder, w",False,"Complains about AI Create, collections layout, and removal of date separators making navigation and selection harder, but not a specific search or retrieval issue.",,not_specified,[],[],not_mentioned,,not_applicable,,none_mentioned,unknown,,frustrated,THEY GOT RID OF SEPARATING BY DATES! So now my device's gallery is clumped together.,,
0b0f09de3775,play_store,"When I edit photos, it always saves it twice! What a waste of storage. When I put photos in albums they sometimes disappear again. Finding it all very frustrating. It used to be great for storing all ",False,"Complains about photo editing duplication and photos disappearing from albums, not searching for a lost photo.",,not_specified,[],[],not_mentioned,,not_applicable,,none_mentioned,unknown,,frustrated,"When I edit photos, it always saves it twice! What a waste of storage. When I put photos in albums they sometimes disappear again.",,
c769125b14aa,play_store,"Latwst update no longer allows me to add albums to Shutterfly! Not happy at all. Now Google photos forces me to download each photo, one at a time, to my phone again, in order to upload it to Shutterf",False,"The issue is about adding albums to Shutterfly for printing, not searching for a photo.",,not_specified,[],[],not_mentioned,,not_applicable,,none_mentioned,unknown,,frustrated,Latwst update no longer allows me to add albums to Shutterfly! Not happy at all.,,
6508bc30ac8e,play_store,"Looks like you've finally fixed the screenshot folder access. Recent updates were a mess but now when you go in 'collections' and 'screenshots' they're all there. Prior to this, you had to go all roun",False,"Feedback about screenshot folder access being fixed, describing previous navigation steps rather than a specific retrieval failure.",,screenshot,[],[],not_mentioned,,succeeded,,none_mentioned,unknown,,positive,"Prior to this, you had to go all round the houses to find it (such as selecting 'this device' first). Anyway, seems ok now.",,
af3babadc059,play_store,terrible user interface for use on social media if you shoot with a REAL camera. There is absolutely no reason for me to not be able to download from albums to physical devices while in the app. I alr,False,Complains about inability to download from albums to physical devices for social media when using a real camera.,,not_specified,[],[],not_mentioned,,not_applicable,,none_mentioned,unknown,Photographer,frustrated,terrible user interface for use on social media if you shoot with a REAL camera.,,
13a7651fba96,play_store,"It works good but it annoys me that you cant zoom out much. They also automatically hide half of your photos on the mainstream, I wish this was something you could turn off, the button that lets you u",True,The user states they cannot find their own pictures because photos are automatically hidden and the unhide button moved.,Trying to find own pictures that were automatically hidden by the app.,other,[],"['visual_detail', 'approx_time']",not_mentioned,,app_misunderstands,App automatically hides photos and makes unhide button hard to find,none_mentioned,unknown,,frustrated,i cant even find my own pics i dont want this app.,ui_navigation_regression,
40f2a47c9eb6,play_store,"Every time I backup photos, it automatically removes groups of them from my device and I lose days to months worth of photos on my phone. They're all still on my Google account, but I can't see them o",True,The user cannot see backed up photos on the app after they are automatically removed from the device storage.,Trying to view photos on the app that were removed from device storage after backup.,other,['approx_time'],['visual_detail'],not_mentioned,,content_not_indexed,Photos removed from device after backup are no longer visible in the app interface,check_other_app,days,,frustrated,it automatically removes groups of them from my device and I lose days to months worth of photos on my phone.,data_missing_sync,
0bccc5faf2e9,play_store,"the new update is horrible, I can only see photos I've taken rather than every photo I have on my phone, give me back my gallery, I need to be able to view everything including photos I've downloaded ",False,"User is complaining about folder visibility (downloaded photos and screenshots not showing in the main view), not searching for a specific photo.",,not_specified,[],[],not_mentioned,,not_applicable,,none_mentioned,unknown,,frustrated,I need to be able to view everything including photos I've downloaded and screenshots.,,
6fb469ed86e2,play_store,"The new storage policy sucks, most of my space is already gone after it was updated to the new policy. It doesn't make sense to include emails together with my photo storage. Also why cluster ALL of m",False,"Complaint about storage policy and home page organization/sorting by month, not a photo retrieval issue.",,not_specified,[],[],not_mentioned,,not_applicable,,none_mentioned,unknown,,frustrated,It doesn't make sense to include emails together with my photo storage.,,
966c2f796a11,play_store,"The latest change to land makes it look like a wannabe for the iPhone. Suddenly all my photos were crammed together in little square tiles, cropped so they were harder to distinguish. At least I found",False,"UI complaint about square tiles, cropping, scrolling vibrations, and layout changes.",,not_specified,[],[],not_mentioned,,not_applicable,,none_mentioned,unknown,,frustrated,"Suddenly all my photos were crammed together in little square tiles, cropped so they were harder to distinguish.",,
4f03eff34f76,play_store,Google brought back the perspective tool for cropping images so I'm bringing my review back up to 5 stars. Magic eraser tool works surprisingly well. Editing an image using prompts to Gemini has been ,False,"Positive review about editing tools like the perspective crop, magic eraser, and Gemini prompts.",,not_specified,[],[],not_mentioned,,not_applicable,,none_mentioned,unknown,,positive,Google brought back the perspective tool for cropping images so I'm bringing my review back up to 5 stars.,,
7661551de4bc,play_store,"update after Dev response: it's not working guys. there is a bug and I can prove it even though I have some backed up photos, clean the uploaded ones option doesn't clean or delete any photos. can't f",False,Complaint about a backup cleaning bug where uploaded photos are not deleted from the device.,,not_specified,[],[],not_mentioned,,not_applicable,,none_mentioned,unknown,,frustrated,clean the uploaded ones option doesn't clean or delete any photos.,,
07db945200b1,play_store,updated 2026 - google photos are getting greedy they have slowly over time made it impossible to have storage without paying a subscription and now they are adding more stuff that counts toward ur sto,False,Complaining about storage pricing and subscription changes over time.,,not_specified,[],[],not_mentioned,,not_applicable,,none_mentioned,unknown,,frustrated,google photos are getting greedy they have slowly over time made it impossible to have storage without paying a subscription,,
d7f6c2f8ca08,play_store,"Revert the crop tool to how it was before, it worked perfectly fine and there was zero reason to change it, now it is much harder to use. Edit: Somehow they manage to make it worse with every update, ",False,Complaint about the crop tool and the downloads album failing to update properly.,,not_specified,[],[],not_mentioned,,not_applicable,,none_mentioned,unknown,,frustrated,now the downloads album does not properly update to show the latest downloaded photos.,,
b9e98a5bbe52,play_store,"Since changing my text app to Google messages back at the beginning of July, I am unable to attach photos/videos to texts from the photos app. I have to go to the Google messages app and add photos or",False,Issue with attaching photos to texts in Google Messages and default app sharing preferences.,,not_specified,[],[],not_mentioned,,not_applicable,,none_mentioned,unknown,,frustrated,I am unable to attach photos/videos to texts from the photos app.,,
83c90045fc84,play_store,"Missing star icons on album grids and no predictive back gestures make album navigation clunky. Need a better way to pick videos for highlights, plus a shuffle play/view mode for albums. Please add al",False,"Feature requests and UI navigation feedback regarding albums, star icons, and back gestures.",,not_specified,[],[],not_mentioned,,not_applicable,,none_mentioned,unknown,,neutral,Missing star icons on album grids and no predictive back gestures make album navigation clunky.,,
e7a84b64749d,play_store,"When searching for photos for other apps using search at a certain point scrolling breaks and list jumps up. and it happens at the same spot every time. EXTREMELY ANNOYING. Check your ai code, indian ",True,"User is actively searching for photos to use in other apps, but complains that search is censored and requires query reformulation to find things.","Trying to find and select photos via search for other apps, but struggling because search terms are heavily restricted or censored.",not_specified,[],[],single_keyword,,app_misunderstands,search is censored and requires query reformulation to return results,search_multiple_terms,unknown,,frustrated,Also search is VERY censored. Can't find tons of things because of it. I must reformulate quarries to get results.,vague_memory_retrieval,remembers specific subject; search is censored and requires query reformulation
e2c04485b2ef,play_store,Google's insistence on trying to get you away from just a normal file system is insane. It's basically impossible to find or organize anything anymore. Navigating the file system manually via files is,True,User is complaining that it is basically impossible to find or organize anything due to lack of a normal file system.,Trying to find or organize photos using the app's system instead of a traditional file structure.,not_specified,[],[],not_mentioned,,cannot_express,app lacks normal file system making it impossible to find or organize items,check_other_app,unknown,,frustrated,It's basically impossible to find or organize anything anymore.,ui_navigation_regression,
e54c78cb98a7,play_store,even though I paid for the cloud I get messages that my cloud is not backing up. I cannot find any support for the problem at all. they appear to have changed the way my photos in the cloud display an,True,User explicitly states they cannot find photos they are looking for after cloud display changes.,Trying to locate specific photos in the cloud library after display changes made finding them difficult.,not_specified,[],[],not_mentioned,,cannot_express,ui changes made finding photos too complex for the user,none_mentioned,unknown,,frustrated,I can't find photos that I'm looking for.,ui_navigation_regression,
932f3798927e,play_store,This new update is horrible!! My photos aren't in chronological order when I took them or downloaded them to my device. I have certain albums grayed out and can't share and the only troubleshoot guide,False,"Complaint about chronological ordering of photos/downloads and grayed out albums, not a photo retrieval/search issue.",,not_specified,[],[],not_mentioned,,not_applicable,,none_mentioned,unknown,,frustrated,My photos aren't in chronological order when I took them or downloaded them to my device.,,
e76d75c24fca,play_store,"Google Photos is an excellent app for storing, organizing, and sharing photos and videos. The backup feature is reliable, and the search and editing tools are very useful. The interface is clean, fast",False,"General positive praise for Google Photos storage, search, and editing tools.",,not_specified,[],[],not_mentioned,,not_applicable,,none_mentioned,unknown,,positive,"Google Photos is an excellent app for storing, organizing, and sharing photos and videos.",,
3ef3647df7dd,play_store,Please give people a choice of how they want their photos laid out. The random choice of big photos influenced behind the scenes w/ai that I didn't ask for and should have been my choice... Downloadin,True,"User is trying to find family photos they downloaded, but cannot find them because they are sorted by EXIF date (when taken) rather than download date.",Trying to find downloaded family photos that end up placed in the gallery by the date they were taken instead of when they were downloaded.,person_face,"['source_channel', 'approx_time']",['exact_date'],category_word,,wrong_metadata,downloaded photos placed by EXIF date taken instead of download date making them hard to find,scroll_by_date,1_2_years,,frustrated,"Very bad, can't find family photos downloaded cause they end up being the year it was taken...",ui_navigation_regression,
37615ef87c4a,play_store,"I really wish I could manual tag people, especially when someone is wearing a mask. I would love to be more organized with that feature. updated 7/17/26! the new updates are terrible. My grouped photo",False,"The user is complaining about face grouping order and location tagging bugs, not trying to retrieve a specific photo.",,not_specified,[],[],not_mentioned,,not_applicable,not_applicable,none_mentioned,unknown,,frustrated,My grouped photos order changed where people who I haven't seen in a year are showing on the first rows and the people I see daily are on the bottom.,,
a54507f246a0,play_store,"exceptionally buggy. stopped grouping faces. instructions online are to turn it off and on again, and now its completely stuffed. won't turn on. won't group faces. time to find another option, save a ",False,"Complaint about face grouping breaking and app bugs, not a specific photo retrieval task.",,not_specified,[],[],not_mentioned,,not_applicable,not_applicable,none_mentioned,unknown,,frustrated,exceptionally buggy. stopped grouping faces.,,
e6ab29c7191f,play_store,WTH... Why have you changed the interface?? It was good before when photos were separated by dates. Please don't merge all the photos together. It's difficult to look for photos without them being sep,False,"UI complaint about date separation in the main view, not a specific search or retrieval issue.",,not_specified,[],[],not_mentioned,,not_applicable,not_applicable,none_mentioned,unknown,,frustrated,It's difficult to look for photos without them being separated by dates.,,
88ce9cdff0d2,play_store,Recently accepted update and the disappointment in this former great app continues. Suddenly collections and photos appear blank. App is crashing often during attempts to edit images. I used to love u,False,"Feedback focuses on blank collections, crashing while editing, and backup concerns.",,not_specified,[],[],not_mentioned,,not_applicable,not_applicable,none_mentioned,unknown,,frustrated,Recently accepted update and the disappointment in this former great app continues.,,
d5d2ae5a2ebb,play_store,"I think it's alright but it shouldn't cost me money inorder for me to add more storage space, plus it's frustrating to find out that I can't download previous photos or videos I edited because of my G",False,Complaint is about storage limits and inability to download edited photos/videos due to space.,,not_specified,[],[],not_mentioned,,not_applicable,not_applicable,none_mentioned,unknown,,frustrated,it shouldn't cost me money inorder for me to add more storage space,,
727a8270dbd6,play_store,"I hate the smart folders I want all my pictures on my device (pixel, this is the default photos app) to be what I see FIRST when I open the app like it used to be. I can't edit the folders at all in t",False,"Complaint about folder organization and UI default view, not searching for a specific photo.",,not_specified,[],[],not_mentioned,,not_applicable,not_applicable,scroll_by_date,unknown,Pixel user,frustrated,I hate the smart folders I want all my pictures on my device... to be what I see FIRST,,
e455e30bf98f,play_store,It started randomly making AI edits of my own face without my permission. This is really disturbing to me and there is no way to turn it off. This is on top of them replacing normal editing features w,False,Complaint about unwanted AI edits and features.,,not_specified,[],[],not_mentioned,,not_applicable,not_applicable,none_mentioned,unknown,,frustrated,It started randomly making AI edits of my own face without my permission.,,
a2ddf0d5d2b0,play_store,"generally speaking great app until you use ""free up phone storage"" and the photos disappear from the Google photos tab only to be found when searched by date. i did everything chatgpt could think of a",True,The user is trying to find photos that disappeared from the main tab after using 'free up phone storage' and can only find them via date search.,User trying to find photos that vanished from the main Photos tab after freeing up phone storage.,not_specified,['exact_date'],['none_stated'],date_only,,wrong_metadata,photos disappear from main tab after freeing up storage and require date search,scroll_by_date,unknown,,frustrated,photos disappear from the Google photos tab only to be found when searched by date.,data_missing_sync,
33bfd70ff256,play_store,"I would really like to be able to label my horse under the people and pets categories. Why isn't there an option to select a face on a photo to add a label? Sadly, it only detects human faces. I can p",False,"Feature request to manually label pets (horses) in face grouping, not a photo retrieval failure.",,not_specified,[],[],not_mentioned,,not_applicable,not_applicable,none_mentioned,unknown,,neutral,I would really like to be able to label my horse under the people and pets categories.,,
55f87dd1103a,play_store,"The app lags too much(even though my phone has enough storage around 100gb), whenever I try to upload/delete/want to share any photo or media it lags very much, I end up closing app the always. If I h",False,"General app lagging issue when trying to perform actions like uploading, deleting, sharing, or finding media due to performance lag.",,not_specified,[],[],not_mentioned,,not_applicable,not_applicable,gave_up,unknown,,frustrated,"If I have to find any photo/video or any media I have to wait for around 5 mins, it makes me frustrated.",,
4aa0c0d350e9,play_store,"Google is well on the way to destroying what used to be very good app with their censorship BS. NSFW photos are here to stay, and as long as editing and searching with Lens don't go outside of each pe",False,Complaint about content censorship and AI/Lens editing restrictions.,,not_specified,[],[],not_mentioned,,not_applicable,not_applicable,none_mentioned,unknown,semi-professional photographer,frustrated,It is very frustrating as a semi-professional photographer to have the AI editing restricted and Lens restricted,,
69d1d522f8f1,play_store,It's not possible for my partner to share back only photos of our child. She can only share all her photos via Partner sharing. Edit: Still not able to enable this customized Partner Sharing from my p,False,"Complaint about partner sharing limitations and location search bugs when adding locations, not retrieving existing photos.",,not_specified,[],[],not_mentioned,,not_applicable,not_applicable,none_mentioned,unknown,Galaxy S24 user,frustrated,The location search when adding a location to a photo that has none is completely broken.,,
ea20253c579c,play_store,used to be easy to navigate and locate pictures based on day and month. now everything is just one big clump and far less intuitive to navigate to the pictures you want to see. what was the reason oth,False,"General UI navigation complaint about timeline layout changes, not a specific photo retrieval task.",,not_specified,[],[],not_mentioned,,not_applicable,not_applicable,none_mentioned,unknown,,frustrated,now everything is just one big clump and far less intuitive to navigate to the pictures you want to see.,,
7d824a005b65,play_store,"Worst app in the Google ecosystem. I think the developer team is different from others and they suck. They always try terrible ideas, circling things in the editing panel for AI regeneration, the bloo",False,"UI layout and editing panel complaints, not photo search or retrieval.",,not_specified,[],[],not_mentioned,,not_applicable,not_applicable,none_mentioned,unknown,,frustrated,now floating icons with labels for each tab which makes it impossible to find other tab icons,,
5512bc732cf5,play_store,"u know its a good app and i actually i work so much with it , it helps me a lot , but recently when i download some pictures , and i wanna find it in my gallery , it doesn't show it up , its like i di",True,"The user is trying to find recently downloaded pictures in the gallery, but they do not show up or disappear immediately.",User trying to find recently downloaded pictures in the gallery that fail to appear or immediately disappear.,whatsapp_social_download,['approx_time'],['none_stated'],not_mentioned,,content_not_indexed,downloaded pictures do not show up in gallery or immediately disappear,none_mentioned,days,,frustrated,"when i download some pictures , and i wanna find it in my gallery , it doesn't show it up , its like i didn't download it",data_missing_sync,
3690dc191a72,play_store,"No longer grouped by dates! And navigation is so much worse. Features harder to find. Just the opposite of intuitive. After a decade, I'm having to shop around for an alternate gallery app. Just so an",False,"Complaint about app navigation and layout changes, not about searching or retrieving a specific photo.",,not_specified,[],[],not_mentioned,,not_applicable,,none_mentioned,unknown,,frustrated,No longer grouped by dates! And navigation is so much worse.,,
6b3983f8976d,play_store,used it for photo editing until the recent update. made the ui much harder to navigate and removed some features that I found useful (the ability to turn each slider from edited to unedited by pressin,False,"Complaint about photo editing features and UI, not about finding a photo.",,not_specified,[],[],not_mentioned,,not_applicable,,none_mentioned,unknown,,frustrated,used it for photo editing until the recent update.,,
b66bc76dffe5,play_store,"Google Photos SEEMED to have improved but took a downward turn when, in back-up, it no longer includes screenshots as a folder to back up. The app says continuously ""all folders backed-up"" when they a",False,"Complaint about backup functionality for screenshots, not photo retrieval.",,not_specified,[],[],not_mentioned,,not_applicable,,none_mentioned,unknown,,frustrated,"Google Photos SEEMED to have improved but took a downward turn when, in back-up, it no longer includes screenshots",,
f772a269ee7d,play_store,Problem with albums after I installed the last update on 11/26/2025. Can't view the individual photos in my albums. App crashes! Updates - 01/30/2026: Tried all suggested fixes. Original problem conti,False,"Complaint about album viewing crashes and app updates, not searching for a photo.",,not_specified,[],[],not_mentioned,,not_applicable,,none_mentioned,unknown,,frustrated,Can't view the individual photos in my albums. App crashes!,,
18e49d589d53,play_store,photos losing the genuine direction from memories app and photo backup tool into AI photo editing app... also the face grouping is not reliable as other available options. With more than 90k photos of,False,"Complaint about face grouping reliability and shift towards AI editing, not a specific photo retrieval task.",,not_specified,[],[],not_mentioned,,not_applicable,,none_mentioned,unknown,parent / family archivist,frustrated,"With more than 90k photos of my family and my extended family, im giving up and seriously thinking to go with different option",,
9c464733b634,play_store,"Mike Moto g13 running Android 14 (01/09/26) It works ok. BUT use it with backup turned off or it will back up everything, Wasting cloud storage. Be very careful with delete if backup is turned on or y",False,"Complaint about cloud storage, backup settings, and deletion behavior.",,not_specified,[],[],not_mentioned,,not_applicable,,none_mentioned,unknown,,neutral,"BUT use it with backup turned off or it will back up everything, Wasting cloud storage.",,
70c1f0dc1fe9,play_store,Great application experience in looking for this app to not withdraw consents of folders of pictures that you don't want to be seen or separate on same web browser without having to change your profil,False,Generic positive feedback regarding folder consent and device privacy.,,not_specified,[],[],not_mentioned,,not_applicable,,none_mentioned,unknown,,positive,Great application experience in looking for this app to not withdraw consents of folders of pictures,,
dd2f956a33a6,play_store,I really wish I could find a better app for my pictures. You all go in and do these updates that doesn't need them. I HATE this new update! Took out daily and now GROUP all pictures under the MONTHS 😡,False,"Complaint about UI layout (grouping by months instead of days) and renaming friction, not search/retrieval failure.",,not_specified,[],[],not_mentioned,,not_applicable,,none_mentioned,unknown,,frustrated,Took out daily and now GROUP all pictures under the MONTHS,,
adc0a138f777,play_store,"No matter how I sort an album, when I actually click on a photo then swipe to switch to the next photo it never goes to the next one that it should according to how I organized the photos. Let's say I",False,"Complaint about swiping order within an album view, not photo search.",,not_specified,[],[],not_mentioned,,not_applicable,,none_mentioned,unknown,,frustrated,"No matter how I sort an album, when I actually click on a photo then swipe to switch to the next photo it never goes to the next one",,
3927428f2093,play_store,"You need to bring the rewind and fast forward buttons back! Also, it's getting very difficult to search for pics and videos when you type in words now because it won't accept the words with or without",True,"User is trying to search for pictures and videos by typing words, but search fails to accept the query terms correctly.",Trying to search for specific pictures and videos by typing keywords into the search bar.,not_specified,['text_content'],"['approx_time', 'place_location', 'people_present']",single_keyword,,app_misunderstands,search rejects typed words with or without quotation marks,none_mentioned,unknown,,frustrated,it's getting very difficult to search for pics and videos when you type in words now because it won't accept the words with or without quotation marks now.,vague_memory_retrieval,remembers keywords; search rejects terms with or without quotation marks
cf49034c7b15,play_store,"I can't drag to select multiple items anymore. They still haven't added back quick scroll to the albums page that they removed ages ago, so if you have a lot of albums like me you have to scroll repet",False,"UI/navigation complaint about multi-select, quick scroll removal, and thumbnail sizing.",,not_specified,[],[],not_mentioned,,not_applicable,,none_mentioned,unknown,,frustrated,I can't drag to select multiple items anymore.,,
f90cf48a9820,play_store,No more backup/upload progress notifications????? WHY??????? Why is it so difficult to find the photos I've sent other people? The navigation on this app is awful. Memory snaps are done terribly. Emba,True,User explicitly complains about the difficulty of finding photos sent to other people.,Trying to find photos that were previously sent to other people.,whatsapp_social_download,['source_channel'],"['approx_time', 'place_location']",not_mentioned,,cannot_express,navigation makes sent photos too difficult to locate,none_mentioned,unknown,,frustrated,Why is it so difficult to find the photos I've sent other people?,ui_navigation_regression,
f9e4a9c512b7,play_store,"one of the best photo apps out there, especially around managing the mass amount of photos anyone has, and the customizable options is the chery on top, like which folder are allowed to be backed up, ",False,Positive review praising app features like backup controls and face identification.,,not_specified,[],[],not_mentioned,,not_applicable,,none_mentioned,unknown,,positive,"one of the best photo apps out there, especially around managing the mass amount of photos anyone has",,
bef012f7a238,play_store,"I have been a lifelong Samsung user, and this is my first pixel, While it is great and the highest storage device but Google Photos makes my media experience so bad There is are many Basic feature tha",False,"Feature request/complaint about album rearrangement, layout customization, and default opening page.",,not_specified,[],[],not_mentioned,,not_applicable,,none_mentioned,unknown,,frustrated,There is are many Basic feature that are lacking 1. No option to rearrange the Albums according to own preferences,,
4288569e485e,play_store,"As of last week I seem to be unable to favorite photos, without them immediately being removed from favorites. I have combed reddit, tech sites, google help pages, and cant find any solutions. I tried",False,Bug report regarding favoriting photos where they are immediately removed from favorites.,,not_specified,[],[],not_mentioned,,not_applicable,,none_mentioned,unknown,,frustrated,"As of last week I seem to be unable to favorite photos, without them immediately being removed from favorites.",,
ce973ab28ef6,play_store,You cant move a photo you can only copy it and you have to keep the original? so if i want to organize 2000 photos i end up with 4000 at the end of it because it only copies and links to the original ,False,Complaint is about album organization copying behavior rather than searching for a specific photo.,,not_specified,[],[],not_mentioned,,not_applicable,,none_mentioned,unknown,,frustrated,You cant move a photo you can only copy it and you have to keep the original?,,
35e233e0f615,play_store,"The app is good, but I wish the photos in albums could be zoomed out like in the overview or favorites view; they feel too close, and some of my albums are too big, making it difficult to find what I'",True,User complains about difficulty finding photos within large albums due to thumbnail zoom and sorting issues.,Finding a photo inside a large album where thumbnails feel too close and difficult to scan.,other,['none_stated'],['none_stated'],not_mentioned,,cannot_refine,large albums are difficult to scan due to lack of zoom and sorting controls,scroll_by_date,unknown,heavy album user,neutral,"some of my albums are too big, making it difficult to find what I'm looking for.",ui_navigation_regression,
0c36eeb754ac,play_store,It's great to back up photos and albums in full quality. There are some slight frustrating bits to it though like the fact that you don't have the option to set the photos by last edited or modified. ,False,"Review is about backup quality and missing sort by last edited feature, not retrieving a lost photo.",,not_specified,[],[],not_mentioned,,not_applicable,,none_mentioned,unknown,professional photographer,positive,There are some slight frustrating bits to it though like the fact that you don't have the option to set the photos by last edited or modified.,,
2a6de6af797f,play_store,ai ruined the app. can't look at a photo without some ai putting an outline around the people in the photos. can't find a way to disable it. I'm definitely not giving it permission to use facial recog,False,"Complaint is about AI facial outlines appearing when viewing photos, not searching for a photo.",,not_specified,[],[],not_mentioned,,not_applicable,,none_mentioned,unknown,,frustrated,can't look at a photo without some ai putting an outline around the people in the photos.,,
9c7bb8a8f975,play_store,"this app is so frustrating, and I always struggle to find the feature I want. today I just wanted to switch between the 2 Google accounts so that I can try and create an album on my other account and ",False,"Complaint is about account switching UI, not finding a photo.",,not_specified,[],[],not_mentioned,,not_applicable,,none_mentioned,unknown,,frustrated,"this app is so frustrating, and I always struggle to find the feature I want.",,
aa3e91dda108,play_store,this app is the worst app ever! how do you guys save one video I recorded yesterday?? I record another video today and it just doesn't save what what is this logic I screenshot an image twice nothing ,False,"Complaint is about media saving/backup issues, not retrieving an existing photo.",,not_specified,[],[],not_mentioned,,not_applicable,,none_mentioned,unknown,,frustrated,how do you guys save one video I recorded yesterday?? I record another video today and it just doesn't save,,
a1233e74f494,play_store,"google ""ask"" in photos app was enabled to my account. turned it off by mistake. it vanished and following up with support for over a month and nothing happens no support! update1: the option was there",False,Complaint is about a missing AI feature ('ask' in photos) rather than finding a photo.,,not_specified,[],[],not_mentioned,,not_applicable,,none_mentioned,unknown,,frustrated,"google ""ask"" in photos app was enabled to my account. turned it off by mistake. it vanished",,
c6e803b8f156,play_store,"ever since I got the new update, no photo that I take will load and show up. it glitches out really bad. and there are things that I take pictures of for reference. please fix this. or I may have to u",False,"Complaint is about recent photos failing to load/show up after an update, not a specific retrieval task.",,not_specified,[],[],not_mentioned,,not_applicable,,none_mentioned,unknown,,frustrated,"ever since I got the new update, no photo that I take will load and show up.",,
9278f1c4990e,play_store,Not initiative or easy. Lacking ability to save screen shots directly to main photo storage for ease of finding. There's no option to save to photos after doing a screenshot and this is confusing to s,False,"Complaint is about screenshots not saving directly to main storage, not search retrieval.",,screenshot,[],[],not_mentioned,,not_applicable,,none_mentioned,unknown,,frustrated,Lacking ability to save screen shots directly to main photo storage for ease of finding.,,
d4b100cafec7,play_store,I cannot backup my photos at all! I have a 2tb subscription and have to keep deleting apps because I have 64gb of memories that won't upload. I have used Gemini (another Google service) to help me go ,False,Complaint is strictly about photo backup failures and subscription storage issues.,,not_specified,[],[],not_mentioned,,not_applicable,,none_mentioned,unknown,,frustrated,I cannot backup my photos at all! I have a 2tb subscription and have to keep deleting apps,,
13b4b4a57d68,play_store,"This app has had ups and downs. I remember complaining about a functionality change on Twitter many years ago, chatted to the product manager who implemented a neat twist to give folks like me what th",False,"Complaint is about constant prompts to enable Gemini, not photo retrieval.",,not_specified,[],[],not_mentioned,,not_applicable,,none_mentioned,unknown,,frustrated,I am sick of being constantly nagged to enable Gemini.,,
dc10ad999a19,play_store,"Great app, awesome! It really helps, now I shared a link, easy to find my other photos some are ruined and some are just lost even my 11mths. old photo, I remember that I was standing there and hold a",True,User is trying to find past photos (such as an 11-month-old photo holding a matchbox) and laments that they are lost.,Trying to find an old photo of themselves holding a matchbox and a school project picture.,object_thing,"['approx_time', 'visual_detail']","['exact_date', 'place_location']",not_mentioned,,gave_up,photos are lost or hard to find in the library,scroll_by_date,1_2_years,,frustrated,"even my 11mths. old photo, I remember that I was standing there and hold a matchbox... sadly I lost the photo",vague_memory_retrieval,remembers standing with a matchbox; photo is lost or hard to find in library
de8bf84fe7df,play_store,I don't like the new update at all. why are some pictures bigger than others? its easier to view when they are all the same size especially for finding pictures. I miss pictures if I'm searching for a,True,User complains that inconsistent photo sizes in the UI make it harder to scan and find a specific picture.,Searching for a specific photo visually while dealing with mixed-size grid layouts that cause pictures to be missed.,other,['none_stated'],['none_stated'],not_mentioned,,cannot_refine,inconsistent picture sizes make visual scanning difficult,scroll_by_date,unknown,,frustrated,why are some pictures bigger than others? its easier to view when they are all the same size especially for finding pictures.,ui_navigation_regression,
191cf999db93,play_store,I deleted a bunch of my photos and the photos icon on the screen of my phone disappeared. I found it when I swiped up for apps. I tried to move it back to the screen but there was no option to do that,False,"Complaint is about app icon disappearance and UI navigation issues, not finding a specific photo.",,not_specified,[],[],not_mentioned,,not_applicable,,none_mentioned,unknown,,frustrated,I deleted a bunch of my photos and the photos icon on the screen of my phone disappeared.,,
7de4ead8a38a,play_store,"The UI used to be a lot better. Especially organizing albums is a headache and there's no option to change the way they look back into a more neat layout, as if the lack of album arrangement features ",False,"Complaint is about album organization layouts and UI, not retrieving a specific lost photo.",,not_specified,[],[],not_mentioned,,not_applicable,,none_mentioned,unknown,,frustrated,Especially organizing albums is a headache and there's no option to change the way they look back into a more neat layout,,
59afa318bd02,play_store,"I used to live it, now NOOOOOO WAY. the July 6 2026 update sucks. all thumbnails in app are all different sizes chosen at random and it sucks. I can even find te pictures I am looking for half the bec",True,User complains that thumbnail size changes make it hard to find pictures they are looking for.,"Trying to visually scan and locate specific pictures in the grid, but random thumbnail sizes hinder it.",not_specified,['none_stated'],['none_stated'],not_mentioned,,cannot_refine,random thumbnail sizes make visual scanning and finding pictures difficult,none_mentioned,unknown,not_specified,frustrated,I can even find te pictures I am looking for half the because the pictures are all different sizes.,ui_navigation_regression,
3012f3d17e33,play_store,"I appreciate the restoration of perspective, but it has not been restored in Video which makes no sense. Please stop dumbing down functionality with unnecessary AI features while removing critical fea",True,User critiques Photo Search functionality as geared towards vibe hunting instead of deterministic user searches.,Looking for something specific using deterministic search rather than vibe hunting.,not_specified,['none_stated'],['none_stated'],not_mentioned,,app_misunderstands,search leans into vibe hunting instead of deterministic user searches,none_mentioned,unknown,not_specified,frustrated,"Photo Search is another egregious move, as if the majority of use cases are ""vibe hunting"" in their own photos.",vague_memory_retrieval,remembers specific photo; search returns vague vibe-based results
283916326692,play_store,we are motorola users..so we are forced to use it. but in this day and age...if you value your privacy of your photos and videos.. it's better to use your own device gallery. absolutely 0 privacy..hec,False,Review is exclusively about privacy concerns and the lack of an app lock feature.,,not_specified,[],[],not_mentioned,,not_applicable,,none_mentioned,unknown,motorola users,frustrated,"hope, #Google can introduce app lock for photos.",,
27b8566cca0a,play_store,"Works OK, but kinda rude about updates. Google's track record is to reduce functionality over time, so if I'm satisfied, I plan to stay put. Eventually a fullscreen pop-up says ""hey bro you gotta upda",False,"Review complains about update prompts, reduced functionality, and AI ads.",,not_specified,[],[],not_mentioned,,not_applicable,,none_mentioned,unknown,not_specified,frustrated,"Finally finding the motivation to build my own local cloud, you people are insufferable.",,
bc5a16eb9546,play_store,"I used to love this app for its simplicity and clean design. It was easy to browse through photos thanks to the evenly spaced grid layout. However, the recent user interface update has made the experi",True,User states that UI changes with random larger photos make it harder to quickly scan and find photos.,"Quickly scanning the photo grid to find a photo, hindered by uneven layout.",not_specified,['none_stated'],['none_stated'],not_mentioned,,cannot_refine,uneven grid layout makes quick scanning and finding photos harder,none_mentioned,unknown,not_specified,frustrated,"Now, one random photo appears larger than the others, breaking the uniform grid. This change makes it harder to quickly scan and find photos",ui_navigation_regression,
c892f0ba739e,play_store,"Can't download photos! Shared album photos went missing after user deleted them from their phone even after I backed up the photos? Shared users add photos they can see but I cannot, yet I get notific",True,User complains about the new search showing decade-old pictures instead of recent ones without sorting options.,Searching for recent photos but getting decades-old results with no sorting capability.,not_specified,['approx_time'],['none_stated'],not_mentioned,,too_many_results,search surfaces ancient pictures instead of recent ones with no way to sort,none_mentioned,unknown,not_specified,frustrated,The new search is HORRIBLE. They show you pictures a decade old vs the most recent one with no way to sort.,vague_memory_retrieval,remembers recent photo; search surfaces decade-old photos instead
45634d131d30,play_store,Google Photos is the best app for storing and organizing memories! Automatic backup works seamlessly and I never worry about losing photos. Search feature is super smart - can find pictures just by ty,True,Review praises the search feature for finding pictures by typing what is in them.,Finding pictures by typing what is in them.,object_thing,['visual_detail'],['none_stated'],category_word,,succeeded,none,none_mentioned,unknown,not_specified,positive,Search feature is super smart - can find pictures just by typing what's in them.,general_praise_or_success,
e76ddc7f3f80,play_store,"it is very good and allows me to backup all my videos and photos, if you want to remove the backup it also helps by giving a remove all backups button, I found it only removes backups saved to your ph",False,"Review discusses backup removal, AI remove tool precision, and 360 view mode.",,not_specified,[],[],not_mentioned,,not_applicable,,none_mentioned,unknown,not_specified,neutral,"only major issue is the 360° view mode for panoramas on phones starts upside down, please fix these",,
e361f3e9395f,play_store,"you say you want 5 stars yet it won't backs up my photos, not backing up my videos let alone screenshots etc, I can understand it being slower on videos however I know for a fact screenshots take up l",False,"Review is about backup failures for photos, videos, and screenshots.",,not_specified,[],[],not_mentioned,,not_applicable,,none_mentioned,unknown,not_specified,frustrated,"you say you want 5 stars yet it won't backs up my photos, not backing up my videos let alone screenshots etc",,
f64b6f17d750,play_store,hate the new update. the thumbnails on the grid are all different sizes so its not a uniform grid and it makes it look so unorganized and cluttered. also makes it hard to look for specific photos beca,True,User notes that uneven thumbnail sizes make it hard to look for specific photos.,"Looking for specific photos in the grid, hindered by different thumbnail sizes.",not_specified,['none_stated'],['none_stated'],not_mentioned,,cannot_refine,grid of varying thumbnail sizes makes looking for specific photos difficult,none_mentioned,unknown,not_specified,frustrated,also makes it hard to look for specific photos because the bigger ones overwhelm me.,ui_navigation_regression,
c239dca27d06,play_store,"Since the recent update it keeps enlarging some of the photos in my gallery, this is super annoying and I can't seem to turn this unwanted feature off. I just want them the same size in a grid as has ",False,"Complaint is strictly about unwanted photo enlarging UI feature in the gallery, without mentioning search or retrieval failure.",,not_specified,[],[],not_mentioned,,not_applicable,,none_mentioned,unknown,not_specified,frustrated,"Since the recent update it keeps enlarging some of the photos in my gallery, this is super annoying and I can't seem to turn this unwanted feature off.",,
e451bafcafd0,play_store,"Keeps saying 'Update' with no updates available 🤔, Forever Swapping things about, so have to go looking for things, and settings seem to change all on their own whilst all this is going on. It's getti",False,"Review is about constant update prompts, UI moving settings around, and layout changes.",,not_specified,[],[],not_mentioned,,not_applicable,,none_mentioned,unknown,not_specified,frustrated,It's getting frustrating having to spend time figuring out what has been moved where,,
c460b743882c,play_store,"Overall, it's good. The only thing I don't like is that there should be an option to detect or find duplicate photos, because sometimes it contains a lot of duplicate photos. Adding this feature would",False,"Review requests a feature to find and detect duplicate photos for clean up, not retrieving a specific remembered photo.",,not_specified,[],[],not_mentioned,,not_applicable,,none_mentioned,unknown,not_specified,neutral,The only thing I don't like is that there should be an option to detect or find duplicate photos,,
c57e93cd191d,play_store,I never asked for this garbage app. It is useless. you click play sideshow in an album it picks which photos to show you and its a small portion. why do I need this junk taking up space on my devices?,False,Review complains about pre-installed app bloatware and slideshow photo selection.,,not_specified,[],[],not_mentioned,,not_applicable,,none_mentioned,unknown,not_specified,frustrated,you click play sideshow in an album it picks which photos to show you and its a small portion.,,
33fb560a6100,play_store,sometimes very difficult to find the photos that are saved. The app does not always tell you where it decides to save them so they become hidden photos.,True,User states it is very difficult to find saved photos because they become hidden without clear save locations.,Trying to find photos that were saved into hidden or unclear locations by the app.,not_specified,['none_stated'],['place_location'],not_mentioned,,cannot_express,saved photos become hidden and app doesn't specify where they are saved,none_mentioned,unknown,not_specified,frustrated,sometimes very difficult to find the photos that are saved. The app does not always tell you where it decides to save them so they become hidden photos.,ui_navigation_regression,
bcf3300b412f,play_store,"Exporting photos out of the app experience wasn't great for me. Instead of individual photo albums exported, it spreads out over multiple batches and albums. I found the exported albums not user-frien",False,"The review is about exporting photos and albums, not searching or retrieving a specific photo.",,not_specified,[],[],not_mentioned,,not_applicable,,none_mentioned,unknown,,frustrated,Exporting photos out of the app experience wasn't great for me.,,
75fb020fe55c,play_store,PLEASE add the option to size all previews in the grid-based gallery view the same size. I do NOT want any of my photos randomly 4 times the size of the others using up 4 spots on the screen it makes ,True,The user complains about grid preview sizes making it difficult to scroll through and search for a particular photo.,User is scrolling through the grid gallery to find a particular photo but struggles due to random preview sizing.,not_specified,['none_stated'],['none_stated'],not_mentioned,,cannot_refine,grid layout with random sizing makes visual scanning difficult,scroll_by_date,unknown,,frustrated,it makes it really jarring to scroll through searching for a particular photo.,ui_navigation_regression,
1299a07c3bfc,play_store,This app is total trash. with every update. it ruins the ability to search and find photographs. It keeps trying to force AI into managing photographs. The simple act of trying to find a photo on a pa,True,"The user complains that updates ruin the ability to search and find photographs, especially by date.",User is trying to find a photo on a particular date but the search fails.,not_specified,['exact_date'],[],date_only,,app_misunderstands,search for a photo on a particular date is impossible,none_mentioned,unknown,,frustrated,The simple act of trying to find a photo on a particular date is impossible.,vague_memory_retrieval,remembers photo date; search fails to find it
2c18049c31f0,play_store,Worst part about this App! sometimes you will be spending your time editing at the end after editing you tap to save your work but unfortunately everything will disappear and you won't find your work ,False,"The review is about photo editing and saved edits disappearing, not retrieval of existing photos.",,not_specified,[],[],not_mentioned,,not_applicable,,none_mentioned,unknown,,frustrated,after editing you tap to save your work but unfortunately everything will disappear,,
77e5b716910c,play_store,"google photos crew and one of your backups caused me not to see some of my photos and it was on unlimited and they stopped showing on my phone, please stop this and help me get it back and another thi",True,The user is trying to find and recover missing photos and videos from last year September.,User is trying to locate photos and videos from last September that disappeared due to backup issues.,not_specified,['approx_time'],[],date_only,,content_not_indexed,photos stopped showing on phone due to backup sync issue,none_mentioned,1_2_years,,frustrated,l want all my photos and videos from last year september and please help me on these two problems,data_missing_sync,
a3871f90161d,play_store,"Google Photos is simply the best photo management app I've ever used. The backup is fast and reliable, the search is incredibly accurate, and the AI-powered features make organizing memories effortles",False,"Generic positive review praising the app's backup, search, and interface.",,not_specified,[],[],not_mentioned,,not_applicable,,none_mentioned,unknown,,positive,Google Photos is simply the best photo management app I've ever used.,,
ba76b201375a,play_store,"The editor has lost the ability to edit photos with AI, rendering it useless. Or it's restricted por location, this is useless. especially if you paid for a Pixel 10 Pro XL",False,The review is about the photo editor and AI editing tools failing.,,not_specified,[],[],not_mentioned,,not_applicable,,none_mentioned,unknown,Pixel user,frustrated,"The editor has lost the ability to edit photos with AI, rendering it useless.",,
cf39786bdee9,play_store,This was an utterly brilliant app but is now utterly broken. It's mis labelling people and trying to correct it crashes the app. Searching crashes the app. Browsing crashes the app. This is on a Pixel,False,"The review complains about app crashes during browsing, searching, and face labeling, rather than retrieval failure semantics.",,not_specified,[],[],not_mentioned,,not_applicable,,none_mentioned,unknown,Pixel user,frustrated,Searching crashes the app. Browsing crashes the app.,,
2938bf2ad251,play_store,"Every other day this app sends me a notification like ""Say hello to this familiar face"" or ""look who we found"" and every time it's old photos of my dead cat. Every fing time. Can you please leave me a",False,"The review complains about unwanted memories notifications of a deceased pet, not about searching for a photo.",,not_specified,[],[],not_mentioned,,not_applicable,,none_mentioned,unknown,,frustrated,every time it's old photos of my dead cat.,,
4999a4b319a8,play_store,Would be great to be able to have the search feature in locked folder. Ridiculous how this feature isn't available for lock folder in this app. Having to endlessly scroll to try and find something spe,True,The user is trying to find something specific inside the locked folder but lacks a search feature there.,User is trying to find a specific photo inside the locked folder by endlessly scrolling.,not_specified,['none_stated'],['none_stated'],not_mentioned,,cannot_refine,lack of search feature in locked folder forces endless manual scrolling,scroll_by_date,unknown,,frustrated,Having to endlessly scroll to try and find something specific.,ui_navigation_regression,
4173a1f0bb50,play_store,I've never seen such a perfect app be turned into absolute garbage with a single update before. my user created albums have disappeared off the face of the earth and been replaced with AI generated su,True,The user states simple searches deliver no results for finding photos.,User is trying to search for photos using simple searches but gets no results.,not_specified,['none_stated'],['none_stated'],single_keyword,,app_misunderstands,simple searches deliver no results,check_other_app,unknown,,frustrated,"simple searches will deliver no results now, whereas Samsung gallery will deliver perfect results",vague_memory_retrieval,remembers simple search query; search delivers no results
bcac88013612,play_store,I absolutely hate the AI thing. I can't find photos as easily as I used to never the ai thing always had a damn issue finding it! it's literally ARTIFICIAL INTELLIGENCE but it can't do anything. put i,True,The user complains they cannot find photos as easily as before due to AI search issues.,User is trying to find photos using search but the AI feature fails to find them.,not_specified,['none_stated'],['none_stated'],not_mentioned,,app_misunderstands,AI search fails to find desired photos,none_mentioned,unknown,,frustrated,I can't find photos as easily as I used to never the ai thing always had a damn issue finding it!,vague_memory_retrieval,remembers photo content; AI search fails to find it
72dcf3af2ff0,play_store,"Google Photos is one of the best photo management apps! The backup, search, editing tools, and AI features make managing photos super easy and convenient. Love the clean experience! 📸✨",False,Generic positive review praising the app features and clean experience.,,not_specified,[],[],not_mentioned,,not_applicable,,none_mentioned,unknown,,positive,Google Photos is one of the best photo management apps!,,
15ab1d9210c2,play_store,"Your precious moments are safe with Google photos, backing up every pic so you can access it anywhere at any time on the internet. Except that, you should disable the feature that deletes face groups ",False,"The review talks about backup features and face group deletion bugs, not retrieval of a specific photo.",,not_specified,[],[],not_mentioned,,not_applicable,,none_mentioned,unknown,,neutral,"Your precious moments are safe with Google photos, backing up every pic",,
f2c3223df93f,play_store,"This is catastrophic management. I am extremely disappointed with this service. For many users, on the one hand, it has been running in the background for years without having fully consented to it. A",False,The review discusses cloud storage capacity limits and accidental deletion risks across devices.,,not_specified,[],[],not_mentioned,,not_applicable,,none_mentioned,unknown,,frustrated,"And now that the allocated space is exceeded in a very surplus, we find ourselves stuck in the use of Gmail.",,
4f3276c183b0,play_store,"Most of my albums/folders are missing, and none of the permissions and settings fix the issue. Makes apps that exclusively use Google Photos a pain to use.",False,"Complain about missing albums and folders/permissions, not about finding a specific photo.",,not_specified,[],[],not_mentioned,,not_applicable,,none_mentioned,unknown,,frustrated,"Most of my albums/folders are missing, and none of the permissions and settings fix the issue.",,
b0895a935916,play_store,"the latest update is garbage. the search function is useless. I search up human, animal, painting, rollercoaster, all things that ARE IN MY CAMERA ROLL and all things I've looked up before. it used to",True,"User is searching for specific categories of photos (human, animal, painting, rollercoaster) that they know are in their camera roll, but search returns no results.","The user is trying to find photos of humans, animals, paintings, and rollercoasters that are present in their camera roll, but search returns no results.",object_thing,['visual_detail'],"['approx_time', 'exact_date', 'place_location']",category_word,"human, animal, painting, rollercoaster",app_misunderstands,search for categories like human or animal returns zero results,none_mentioned,unknown,,frustrated,"the search function is useless. I search up human, animal, painting, rollercoaster, all things that ARE IN MY CAMERA ROLL",vague_memory_retrieval,remembers objects in camera roll; search gives zero results
b2a81e6f6d8e,play_store,"There are a few features I enjoy with this app, but it's overshadowed by the fact that the cost of cloud storage is ridiculous and the search doesn't work as well as it used to. sharing isn't as good ",True,User explicitly complains that the search doesn't work as well as it used to when trying to find photos.,"The user is trying to search for photos using the app's search function, but finds it no longer works well.",not_specified,[],['none_stated'],not_mentioned,,app_misunderstands,search functionality has degraded and does not work well,none_mentioned,unknown,,frustrated,the search doesn't work as well as it used to.,vague_memory_retrieval,remembers specific photo; search fails to retrieve it
29b3e468363a,play_store,"The new update is absolute wack, my photos aren't organized into different days anymore and everything is just bunched up. It's become almost impossible to find photos that I want since I like to docu",True,User complains that lack of day organization makes it almost impossible to find photos they want to document.,"The user is trying to find documented activity photos by date/days, but the removal of day organization makes it nearly impossible.",event_celebration,['approx_time'],['exact_date'],not_mentioned,,cannot_refine,removal of day grouping makes browsing and finding photos nearly impossible,scroll_by_date,unknown,,frustrated,It's become almost impossible to find photos that I want since I like to document the things I do.,ui_navigation_regression,
a457fb1c58be,play_store,"what the what is this new update?! absolutely ridiculous, it's no longer cohesive and easy to navigate, and just has a messier look to the home page, why take away the month dividers, I depend on thos",True,User depends on month dividers when searching for a certain picture and complains about their removal.,The user is trying to find a specific picture by relying on month dividers in the timeline view.,not_specified,['approx_time'],['exact_date'],not_mentioned,,cannot_refine,removal of month dividers impedes visual timeline navigation for specific pictures,scroll_by_date,unknown,,frustrated,"why take away the month dividers, I depend on those so much when searching for a certain picture.",ui_navigation_regression,
4b9417a99f05,play_store,we didn't like the recent update in crop which you have done you have done the curve angle in the crop which is not so appropriate we like the previous one that was 90° it was much better and you can ,False,"Review is about crop tool features and curve angles, not finding or retrieving photos.",,not_specified,[],[],not_mentioned,,not_applicable,,none_mentioned,unknown,,frustrated,we didn't like the recent update in crop which you have done you have done the curve angle in the crop,,
475da71804c5,play_store,"Google Photos is the most useful app for storing and organizing photos. The automatic backup, easy search, albums, and sharing features make managing memories so convenient. Simple, reliable, and easy",False,"General positive praise for backup, easy search, and sharing features without a specific retrieval problem.",,not_specified,[],[],not_mentioned,,not_applicable,,none_mentioned,unknown,,positive,"The automatic backup, easy search, albums, and sharing features make managing memories so convenient.",,
e1f5329d5891,play_store,"Why does sharing the album link take so long??? Why is it so hard to share an album? Just create the link! Nobody cares if the album is still updating, create the link! It's so easy! Photos are done b",False,"Complaint is solely about the speed of sharing an album link, not searching or retrieving a photo.",,not_specified,[],[],not_mentioned,,not_applicable,,none_mentioned,unknown,,frustrated,Why does sharing the album link take so long??? Why is it so hard to share an album?,,
6d6e880b19e1,play_store,"for some reason, my backed up photos are not recognised and categorised by face. some of my VERY old photos yes but not all. it is very upsetting that an app of this caliber can't even group photos or",True,"User is trying to find photos by face recognition / categorization, but backed up photos are not recognized.","The user is trying to find and browse photos grouped by face, but the app fails to recognize and categorize them.",person_face,['people_present'],[],person_name,,content_not_indexed,face recognition fails to group and recognize backed up photos,none_mentioned,unknown,,frustrated,"for some reason, my backed up photos are not recognised and categorised by face.",data_missing_sync,
42fd03fcbe86,play_store,edit: your reply makes no sense i am not seeing any pictures from the last 7 years that's far past recent. so now what cause it's still not working? not working right i have all the settings changed c,True,"User is trying to select/find recent pictures through a media picker, but it only shows old pictures, preventing retrieval.","The user is trying to find and select recent photos from the last 7 years via a media picker, but only old pictures appear.",not_specified,['approx_time'],['exact_date'],not_mentioned,,wrong_metadata,media picker fails to show recent pictures and only displays old photos,none_mentioned,days,,frustrated,i am not seeing any pictures from the last 7 years that's far past recent. so now what cause it's still not working?,data_missing_sync,
59b637ed5acd,play_store,"I am hoping that this App is easy to use and I am able to find my photos and videos easy. I can't seem to find them when they are in the ""Cloud."" I'm not a computer geek by know means. Here's hoping t",True,User expresses difficulty finding photos and videos stored in the cloud after downloading the app.,The user is trying to find photos and videos stored in the cloud for the first time.,not_specified,[],['none_stated'],not_mentioned,,cannot_express,user struggles to find cloud items due to unfamiliarity with the app interface,none_mentioned,unknown,elderly,neutral,"I am hoping that this App is easy to use and I am able to find my photos and videos easy. I can't seem to find them when they are in the ""Cloud.""",ui_navigation_regression,
49a1089182dd,play_store,I have photos from 15 years ago and the app is always updated and improving storage management and even creates memories and collages etc. Great app for photos and videos.,False,"General positive review praising storage management, memories, and collages.",,not_specified,[],[],not_mentioned,,not_applicable,,none_mentioned,unknown,,positive,I have photos from 15 years ago and the app is always updated and improving storage management and even creates memories and collages etc.,,
968b584dfe6c,play_store,One of the updates apparently removed the ability to set separate wallpapers for home screen and lock screen. Why remove this feature? Another thing removed was the ability for me to use the search te,True,"User is trying to find specific images using a custom search term they labeled them with, but the search term was removed.","The user is trying to find religious images by searching for their custom label term 'SubGenius', but the search term no longer works.",text_in_image,['text_content'],[],single_keyword,SubGenius,app_misunderstands,custom label search term 'SubGenius' was removed and is no longer searchable,none_mentioned,unknown,,frustrated,"Another thing removed was the ability for me to use the search term ""SubGenius."" I use this term to label religious images, and now all the images I have labeled thusly are unsearchable.",vague_memory_retrieval,remembers custom label 'SubGenius'; app no longer indexes or searches custom labels
5cb766f22e62,play_store,"I don't like having to provide a method of payment just in case. I don't intend to purchase anything and I have found my payment information clearly posted on Google in the past, when I didn't want it",False,"Complaint is about payment method requirements and privacy concerns, not photo retrieval.",,not_specified,[],[],not_mentioned,,not_applicable,,none_mentioned,unknown,,frustrated,I don't like having to provide a method of payment just in case.,,
dd8db7916213,play_store,"Solid, with a few rough edges Genuinely one of the best-executed apps on my phone. Backup is seamless, AI search is scary accurate (""dog on beach"" just works), and Memories surfaces old photos I'd for",True,User praises the AI search feature for successfully retrieving a photo using a descriptive query.,The user is trying to find a photo of a dog on a beach using natural language search.,pet_animal,"['visual_detail', 'place_location']",[],natural_language_sentence,dog on beach,succeeded,search successfully retrieved the photo matching the natural language description,none_mentioned,unknown,,positive,"Backup is seamless, AI search is scary accurate (""dog on beach"" just works)",general_praise_or_success,
2d99707296f5,play_store,Essential features of being able to select photos and add to album or delete from the photos tab removed. I can do it from the specific album/folder but removing features is not appreciated,False,"The user is complaining about album and photo management UI changes, not searching for a specific lost photo.",,not_specified,[],[],not_mentioned,,not_applicable,,none_mentioned,unknown,,frustrated,Essential features of being able to select photos and add to album or delete from the photos tab removed.,,
b4b3dc3dfd17,play_store,"the app has been so poor recently with the search keywords. even when your photo is being backedup, you still have to look for it manually. I wonder whats the usefulness of the search if you cant find",True,"The user is complaining that search keywords fail to find backed-up photos, returning 'no results' and forcing manual browsing.",User tries to search for a photo using keywords but gets 'no results' and must look for it manually.,not_specified,['none_stated'],['none_stated'],single_keyword,,app_misunderstands,search returned no results for keywords,scroll_by_date,unknown,,frustrated,"the app has been so poor recently with the search keywords. even when your photo is being backedup, you still have to look for it manually.",vague_memory_retrieval,remembers photo exists with keywords; search returns no results
ff656c32ac1c,play_store,"This app is awesome for me, but there's this one glitch and I'm wondering if you know what's going on. I try and view one screenshot and it sends me back to the menu and I'm confused about it, could s",False,"The issue is a UI glitch where viewing a screenshot sends the user back to the menu, not a photo retrieval failure.",,not_specified,[],[],not_mentioned,,not_applicable,,none_mentioned,unknown,,neutral,I try and view one screenshot and it sends me back to the menu and I'm confused about it,,
4bf5ef02ba8e,play_store,"Absolutely horrible to use especially on windows. No file names visible. The biggest problem is when downloading lots of photos and if you don't make a note of what you selected to download, once the ",False,"The user is complaining about file names on Windows and download tracking issues, not searching for a photo in Google Photos.",,not_specified,[],[],not_mentioned,,not_applicable,,none_mentioned,unknown,windows user,frustrated,The biggest problem is when downloading lots of photos and if you don't make a note of what you selected to download... you won't remember which photos you download,,
bb17ce275712,play_store,"Waste more time trying to dismiss constant nagging to try their AI slop. Why do I pay so much for storage, and then get nagged with some dumb feature nobody wants. Just let me store my photos like I p",True,"The user specifically complains that search fails when trying to find a photo or folder by exact name, returning unrelated AI results.",User tries to find a photo or folder with an exact name but search returns unrelated pictures.,other,['text_content'],[],single_keyword,,app_misunderstands,search returns unrelated pictures instead of the exact name match,none_mentioned,unknown,paying subscriber,frustrated,Want to find a photo or folder with an exact name...doesn't work. It will use useless AI to find a thousand unrelated pictures,vague_memory_retrieval,remembers exact photo name; search returns AI-related images instead of exact match
56be080e4869,play_store,"pretty bad these days. impossible to bulk select photos, removed features over time that used to be very helpful, changing UI all the time, weird limitations that block you like adding more than 500 p",False,"Complaint is about bulk selection limits and UI changes, not finding a specific photo.",,not_specified,[],[],not_mentioned,,not_applicable,,none_mentioned,unknown,,frustrated,"pretty bad these days. impossible to bulk select photos, removed features over time that used to be very helpful",,
40b1b3508a8d,play_store,"After Brain research gray madder matters , what I am trying to say is at 68 I have to learn how to use my phone and everything else without a memory.I can't remember anything very long.Its been alot o",False,"The user is talking about personal memory loss at age 68, not an app retrieval issue.",,not_specified,[],[],not_mentioned,,not_applicable,,none_mentioned,unknown,elderly,neutral,at 68 I have to learn how to use my phone and everything else without a memory.I can't remember anything very long.,,
980c307a018d,play_store,"Not a big fan of the new default photos display that lumps EVERYTHING together with no discernable dates into one monstrous, endless block of pictures. Not sure whose genius idea that was to push on t",True,The user complains that the photo display lacks discernable dates and that search no longer works.,"User tries to find photos using search, but search no longer works.",not_specified,['none_stated'],['none_stated'],not_mentioned,,app_misunderstands,search feature is broken and no longer works,none_mentioned,unknown,,frustrated,"'Search' no longer works, and is steadily degrading every update.",ui_navigation_regression,
dd93c92378c4,play_store,I don't know what's going on lately with Google photos I can't find anything everything is not where it used to be you keep adding folders you remove folders there's too many folders can we do somethi,True,The user states they cannot find anything because folder structures keep changing.,User tries to find files or photos but cannot find anything due to folder changes.,not_specified,['none_stated'],['place_location'],not_mentioned,,app_misunderstands,items are not where they used to be due to folder changes,none_mentioned,unknown,,frustrated,I don't know what's going on lately with Google photos I can't find anything everything is not where it used to be,ui_navigation_regression,
68a7f130b83f,play_store,"i really dislike the new update, it doesnt allow me to have all the photos displayed at the same size, and instead randomly enlarges photos. i cant find a way to change this setting back and i think t",False,"Complaint is about photo thumbnail sizing in the grid, not searching for a specific photo.",,not_specified,[],[],not_mentioned,,not_applicable,,none_mentioned,unknown,,frustrated,"i really dislike the new update, it doesnt allow me to have all the photos displayed at the same size, and instead randomly enlarges photos.",,
5b078f982d31,play_store,Google Photos is really useful for keeping photos organised and backed up. The search and automatic organisation make it much easier to find older photos without scrolling through everything.,True,Positive review mentioning that search and organization help find older photos.,User finds older photos using search and automatic organization without scrolling.,not_specified,['approx_time'],[],not_mentioned,,succeeded,successfully found older photos using search and auto organization,none_mentioned,months,,positive,The search and automatic organisation make it much easier to find older photos without scrolling through everything.,general_praise_or_success,
a24631c86cff,play_store,"easy app to save,organize,navigate, and share photos taken from your camera app, or downloaded. I enjoy using the a.i feature to organize photos by people or animal,by recognizing a familiar face by s",False,"Generic positive review praising backup, face grouping, and secure folders.",,not_specified,[],[],not_mentioned,,not_applicable,,none_mentioned,unknown,,positive,"I enjoy using the a.i feature to organize photos by people or animal,by recognizing a familiar face",,
c1f447717057,play_store,"amazing app it's the only photo app I use it does everything u can transfer pics from iPhone Facebook brilliant. I especially love it because I got over 30,000 pics and I can keep them all together & ",False,General positive review praising photo transfers and album organization for a large library.,,not_specified,[],[],not_mentioned,,not_applicable,,none_mentioned,unknown,,positive,"I especially love it because I got over 30,000 pics and I can keep them all together & in albums",,
d198bce4be98,play_store,"The update of collections is disgusting. You can't find anything, everything has moved and changed layout in an incredibly inconvenient way. All of the useless things are up front and all of the usefu",True,"The user states that due to collections/layout updates, they can't find anything.",User tries to find items in the app but cannot find anything due to changed layouts.,not_specified,['none_stated'],['none_stated'],not_mentioned,,app_misunderstands,unable to find items because layout and collections changed,none_mentioned,unknown,,frustrated,"The update of collections is disgusting. You can't find anything, everything has moved and changed layout",ui_navigation_regression,
c0f4ef2d43d3,play_store,"Google Photos isuse can't restore backup photos My Google Photos backup is complete (5,002 photos backed up), and all my photos are visible on the web version. However, the Android app isn't displayin",False,"The issue is a backup sync/restore bug where backed-up photos do not display in the Android app, not a photo search/retrieval problem.",,not_specified,[],[],not_mentioned,,not_applicable,,none_mentioned,unknown,,frustrated,"My Google Photos backup is complete (5,002 photos backed up)... However, the Android app isn't displaying my photo library properly.",,
85871884d34c,play_store,It would be great if Google Photos included an option to add a short note or caption while uploading photos. This would make it much easier to remember the context or story behind each photo years lat,False,"The user is requesting a new feature to add captions during upload, not searching for an existing photo.",,not_specified,[],[],not_mentioned,,not_applicable,,none_mentioned,unknown,,neutral,It would be great if Google Photos included an option to add a short note or caption while uploading photos.,,
47c083c6e41d,play_store,"I'm disappointed with the location tagging feature. It doesn't allow me to enter and save the accurate location of the images (and videos) even, with coordinates of the desired location. 🙁🫤😒",False,"The user is complaining about the location tagging feature for manual coordinate entry, not searching for a photo.",,not_specified,[],[],not_mentioned,,not_applicable,,none_mentioned,unknown,,frustrated,I'm disappointed with the location tagging feature.,,
abdb9265a4b9,play_store,"This app has become completely unusable after recent updates. The battery drain is insane—my phone gets hot and loses percentage rapidly even when I am barely browsing my photos. On top of that, the p",False,"The review focuses on battery drain, performance lag, and UI clutter, not photo retrieval.",,not_specified,[],[],not_mentioned,,not_applicable,,none_mentioned,unknown,,frustrated,This app has become completely unusable after recent updates.,,
1edd7c278ca1,play_store,Something very strange is happening. Newly created albums are available via web not via app. Searching by location shows zero photos on maps. Some sync is totally broken. I've already reinstalled the ,False,"The user is reporting general sync issues and map search showing zero photos, but does not describe trying to find a specific personal photo.",,not_specified,[],[],not_mentioned,,not_applicable,,none_mentioned,unknown,,frustrated,Something very strange is happening.,,
64d1fd25e899,play_store,"Now unable to change lockscreen wallpaper. (Previous: ""Fixed. 'While features are excellent in this app, Not being able to save your own screenshot to this app's gallery on your phone once its cloud s",False,"The user is complaining about lockscreen wallpaper and cloud storage limit issues, not searching for a photo.",,not_specified,[],[],not_mentioned,,not_applicable,,none_mentioned,unknown,,frustrated,Now unable to change lockscreen wallpaper.,,
c8d121755fb0,play_store,"Google Photos is an excellent app for backing up and organizing photos and videos. The search feature is incredibly useful, and the app makes it easy to relive memories. One of the best photo manageme",False,General positive praise for backup and organizing features.,,not_specified,[],[],not_mentioned,,not_applicable,,none_mentioned,unknown,,positive,Google Photos is an excellent app for backing up and organizing photos and videos.,,
89422542b1a1,play_store,"second edit - I used to love using Google photos but now it is rubbish. I've spent ten years collating albums but for the last six months or so, the app has been so slow and clunky. It takes an age to",False,"The user is complaining about slow app performance, duplicate images in albums, and missing blank images, not search/retrieval.",,not_specified,[],[],not_mentioned,,not_applicable,,none_mentioned,unknown,,frustrated,I used to love using Google photos but now it is rubbish.,,
1b1850272d70,play_store,"currently use it to back up my photos. only thing that would make this better would be if we had the option to schedule backups. currently its either on or off, and of someone who takes random photos ",False,The user is talking about backup scheduling preferences and unwanted screenshots being backed up.,,not_specified,[],[],not_mentioned,,not_applicable,,none_mentioned,unknown,,neutral,currently use it to back up my photos.,,
061da9b04b97,play_store,"New photo search is awesome, it is pretty accurate. Free unlimited storage is great, thanks google! Keep the auto awesome/assistant thing btw. Edit after years: This is still the best app I have ever ",False,General positive feedback about photo search and storage.,,not_specified,[],[],not_mentioned,,not_applicable,,none_mentioned,unknown,,positive,"New photo search is awesome, it is pretty accurate.",,
6fcee3bb6542,play_store,Google Photos is fantastic for backing up all my pictures automatically. The search feature is really smart and makes finding memories incredibly easy.,False,General positive feedback regarding automatic backup and smart search.,,not_specified,[],[],not_mentioned,,not_applicable,,none_mentioned,unknown,,positive,Google Photos is fantastic for backing up all my pictures automatically.,,
0918fc6d3aa0,play_store,"The new Google Photos update is honestly very disappointing. The previous version was much more convenient and user-friendly. The “Search by People” option, which was one of the most useful features, ",True,The user is complaining about being unable to find specific photos easily because the 'Search by People' option is missing.,The user wants to find specific photos of people using the 'Search by People' feature.,person_face,['people_present'],['none_stated'],person_name,,cannot_express,Search by people feature hidden or removed making specific photo location difficult,none_mentioned,unknown,not_specified,frustrated,"The “Search by People” option, which was one of the most useful features, is now missing or difficult to find.",ui_navigation_regression,
2feb666fe3c2,play_store,I use it a lot. Great for creating albums and chromecasting them. Good for having photos backed up to give more room on phone. App also creates panoramic photos automatically if 3 photos are taken sid,False,"The user discusses creating albums, chromecasting, automatic panormas, and album title capitalization, not photo search/retrieval.",,not_specified,[],[],not_mentioned,,not_applicable,,none_mentioned,unknown,,neutral,I use it a lot.,,
d574bea21241,play_store,"Google Photos is an absolute masterpiece. The cloud backup is seamless, and the AI search is so smart that I can just type ""dog"" or ""beach"" and find photos from five years ago instantly. It frees up g",False,General praise for cloud backup and AI keyword search.,,not_specified,[],[],not_mentioned,,not_applicable,,none_mentioned,unknown,,positive,Google Photos is an absolute masterpiece.,,
f026b3e93c0e,play_store,"Dear Google Support, I am writing to express my strong dissatisfaction with the lack of font customization options in Google Photos. The current forced font style on my shared album page is highly unp",False,"The user is complaining about font customization options on shared album pages, not photo search.",,not_specified,[],[],not_mentioned,,not_applicable,,none_mentioned,unknown,professional,frustrated,"Dear Google Support, I am writing to express my strong dissatisfaction with the lack of font customization options in Google Photos.",,
f9744ff79b77,play_store,Had my photos this morning from my previous Samsung phone photos update my version picture GONE that fast! Unless they find those photos that were uploaded in photos and put them in my library in phot,False,"The user is complaining about missing photos after a phone/app update, not attempting to search or retrieve a remembered photo using cues.",,not_specified,[],[],not_mentioned,,not_applicable,,none_mentioned,unknown,,frustrated,Had my photos this morning from my previous Samsung phone photos update my version picture GONE that fast!,,
b1e7509cff5d,play_store,"want to give 3.5 purely because of the difficulty of deleting photos. but multiple copies of all photos even what I can't delete,are clogging every device, stop main accounts working not just Gmail, o",False,"The review is about issues with deleting photos, storage clogging, and deleted photos returning, not searching for a specific photo.",,not_specified,[],[],not_mentioned,,not_applicable,,none_mentioned,unknown,,frustrated,want to give 3.5 purely because of the difficulty of deleting photos.,,
ce59234a9ffe,play_store,"""Editing my previous review as the archive feature had finally been pushed to the main channel. Maybe my comment about it played a part? Anyway, this app works flawlessly. I'm not terribly interested ",False,"The review discusses the archive feature, app quality, and AI training concerns, not a photo search problem.",,not_specified,[],[],not_mentioned,,not_applicable,,none_mentioned,unknown,,frustrated,the app's quality definitely fell iny opinion.,,
2cd8b21bd0d1,play_store,"the updates keep getting SO MUCH worse. AI is being added to every imaginable feature and making everything a thousand times worse. everything is 10x slower, it crashes constantly, the search feature ",True,The user explicitly complains that the search feature is 100% useless.,The user is trying to search for photos using the app's search feature but finds it completely useless.,not_specified,[],[],not_mentioned,,app_misunderstands,search feature is 100% useless,none_mentioned,unknown,,frustrated,the search feature is now 100% useless,vague_memory_retrieval,remembers specific photo exists; search feature fails to retrieve it
d87135321d45,play_store,Google updated the app so that all of your pictures are smashed together instead of being cleanly separated by date. This makes things really cluttered and hard to see/ find photos. 0 star change. Hor,True,"The user complains about photos being smashed together instead of separated by date, making them hard to find.",The user is trying to find photos by date in the timeline view but finds it cluttered because dates are not separated.,not_specified,['approx_time'],[],date_only,,cannot_refine,pictures smashed together making photos hard to find by date,scroll_by_date,unknown,,frustrated,This makes things really cluttered and hard to see/ find photos.,ui_navigation_regression,
b9affc30d857,play_store,"i don't have the tools option in the edit mode of the photos. tried asking the ai here and it tells me it's now incorporated in ai actions, i asked it where those are, it answered ""in the tools option",False,"The review is about missing editing tools in the app, not searching for a photo.",,not_specified,[],[],not_mentioned,,not_applicable,,none_mentioned,unknown,Pixel 9 user,frustrated,i don't have the tools option in the edit mode of the photos.,,
0f1f8712ff38,play_store,"Please include the option to save a screenshot after cropping as the original instead of Save as copy, that way I don't have to delete the full screen version of the screenshot captured by default",False,"The user is requesting a feature change regarding saving screenshots after cropping, not searching for a photo.",,not_specified,[],[],not_mentioned,,not_applicable,,none_mentioned,unknown,heavy-screenshot user,neutral,Please include the option to save a screenshot after cropping as the original instead of Save as copy,,
af06b2eb4d35,play_store,"​It's impossible to search for a file, by the name of image, on new phone. EXTREMELY STUPID !!!!! When I search, it shows all kinds of garbage/nonsense, instead of the requested images by name. Do not",True,The user is trying to search for a file by the name of the image and getting garbage/nonsense results.,The user is trying to find a specific image by its file name/image name.,other,['text_content'],[],single_keyword,,app_misunderstands,searching by file name shows garbage/nonsense instead of requested images,none_mentioned,unknown,,frustrated,"When I search, it shows all kinds of garbage/nonsense, instead of the requested images by name.",vague_memory_retrieval,remembers specific image file name; search returns garbage instead of the requested name
9f700d7906b7,play_store,there is a glitch in the 'free up space from the device' section. kindly fix it asap. It does not get updated even after simultaneous backing up of files and you have to manually search for ways to de,False,"The review is about a glitch in the 'free up space' storage management feature, not finding a photo.",,not_specified,[],[],not_mentioned,,not_applicable,,none_mentioned,unknown,,frustrated,there is a glitch in the 'free up space from the device' section.,,
116e05019da2,play_store,Today I took a few screenshots but when I went into the photos app they weren't there. 🤷‍♂️ I had to close the app and the restart it and viola my screenshots were there. 🤦‍♂️ Pixel pro flagship phone,False,"The user is complaining about freshly taken screenshots not showing up immediately until app restart, which is a sync/refresh issue rather than a retrieval problem for an older remembered photo.",,screenshot,['approx_time'],[],not_mentioned,,not_applicable,,none_mentioned,days,Pixel pro user,frustrated,Today I took a few screenshots but when I went into the photos app they weren't there.,,
d2300f2ea844,play_store,"where did the search feature go? I have to ""ask"" now? Will you stop trying to ""improve"" Google photos. Leave it alone. it's getting complicated to use. Unfortunately my phone only relies on Google Pho",True,"The user is complaining about changes to the search feature where they have to 'ask' now, making it complicated to use.",The user is trying to use the search feature but dislikes having to 'ask' in natural language.,not_specified,[],[],natural_language_sentence,,cannot_express,"search feature changed to asking with AI, making retrieval complicated",none_mentioned,unknown,,frustrated,where did the search feature go? I have to 'ask' now?,ui_navigation_regression,
ef8559a88dfc,play_store,I use this app sins 3years but Today I I want to see to remember my those photos but unfortunately some photos are not there in my gallery yesterday night also I see that photos but right now where!! ,True,"The user is trying to find photos they saw yesterday to remember things, but cannot find them in the gallery.",The user is trying to locate specific photos they viewed yesterday night but are now missing from the gallery.,not_specified,['approx_time'],[],not_mentioned,,content_not_indexed,photos seen yesterday disappeared from the gallery,none_mentioned,days,,frustrated,yesterday night also I see that photos but right now where!! those pics I want my pics back,data_missing_sync,
d9ae7a1e5d43,play_store,"All are Perfect but, once i open photos app, it's showing main menu and select a specific folder and going inside for searching photos then come reverse not coming main menu, Automatically close the a",False,The user is complaining about app navigation crashes when going inside folders and returning to the main menu.,,not_specified,[],[],not_mentioned,,not_applicable,,none_mentioned,unknown,,frustrated,"once i open photos app, it's showing main menu and select a specific folder and going inside for searching photos then come reverse not coming main menu, Automatically close the app.",,
04f2969bffbd,play_store,"A very good app with a lot of features I enjoy very much but there's this problem I discovered recently and it's annoying,all my photos and videos where backed up with it's original quality I had to r",False,"The review is about backed up photos being restored in lower quality after a phone reset, not about searching for a photo.",,not_specified,[],[],not_mentioned,,not_applicable,,none_mentioned,unknown,,frustrated,my pictures and videos only to find out that they were not restored to it's original quality,,
bf75540f42c0,play_store,"simply superb This app is excellent. It makes it easy to back up my photos and videos, and I can access them from anywhere. The app is fast, and finding photos is very easy. It's simple to use, and I'",True,The user explicitly states that finding photos is very easy.,The user is searching for photos and successfully finding them easily.,not_specified,[],[],not_mentioned,,succeeded,none,none_mentioned,unknown,,positive,finding photos is very easy.,general_praise_or_success,
816ae846cc2b,play_store,i need the album on the photo app device (not in the google photo) to also get transferred to another device. i have so many photos it's hard to look at all 8000+ without them being organised,False,"The user wants device albums to transfer to another device and notes it's hard to look through 8000+ photos without organization, but is not trying to find a specific remembered photo.",,not_specified,[],[],not_mentioned,,not_applicable,,none_mentioned,unknown,,frustrated,i have so many photos it's hard to look at all 8000+ without them being organised,,
3b9d858c98bb,play_store,"I love the daily memories feature. But, just as all other photos app its difficult to find a specific, one or few, photos. The search feature is not up to par.",True,User complains about difficulty finding specific photos because the search feature is not up to par.,Finding a specific photo or a few specific photos in the library.,not_specified,['none_stated'],['none_stated'],not_mentioned,,app_misunderstands,search feature is not up to par for finding specific photos,none_mentioned,unknown,,frustrated,"it is difficult to find a specific, one or few, photos.",vague_memory_retrieval,remembers specific photo; search feature fails to locate it
88b92d3c5d9c,play_store,"Good but far from excellent. Photo editing options were reduced in the last update requiring images to be re-edited from scratch. Further, you cannot see if photos are in albums from the main viewer, ",False,"Review is about photo editing options, album visibility from the main viewer, and photo management UI, not retrieval of a specific lost photo.",,not_specified,[],[],not_mentioned,,not_applicable,,none_mentioned,unknown,,frustrated,,,
5bda65758c87,play_store,"I feel like the ""What's new"" section has said the same thing for at least a year now. It would be nice to know what's actually new, and not read the same: ""We are introducing a new storage management ",False,Review complains about repetitive release notes and storage management tools.,,not_specified,[],[],not_mentioned,,not_applicable,,none_mentioned,unknown,,neutral,,,
bbf8dd6fb36a,play_store,"Over the time this app has become worse and less intuitive. Where did the ""Sharing"" button go? It's overall design of where things are makes me use it less. Edit: PLEASE have a ""Sort by save date"" fil",True,User has to dig for years to find a downloaded image from 2021 due to missing sort by save date filter.,Finding a downloaded photo from 2021 among many images.,whatsapp_social_download,['approx_time'],['exact_date'],not_mentioned,,cannot_refine,had to dig for years because there is no sort by download date option,scroll_by_date,1_2_years,,frustrated,Downloaded images should have a sort by download date option so you don't have a dig for years to find a photo from 2021.,ui_navigation_regression,
c7f2fbe4e365,play_store,"There is a recent update which agressively changed back to a display in which not all photos are equal in size. I wish to have an option for changing that back, but I can't see any.",False,Complaint is about photo grid display size changing after an update.,,not_specified,[],[],not_mentioned,,not_applicable,,none_mentioned,unknown,,frustrated,,,
f8ee8228cbaa,play_store,"great app but when I want to delete off my phone but not my storage I have to do one by one photo, would be really helpful if you could select all and delete just off your phone and not your storage, ",False,Complaint is about bulk deletion from phone vs cloud storage.,,not_specified,[],[],not_mentioned,,not_applicable,,none_mentioned,unknown,,neutral,,,
b35a418590e6,play_store,it's good but the fact that it doesn't show you everything Immediately makes me mad bc I keep having to go to collections to find my screenshots and screen recordings overall pretty good,False,Complaint is about screenshots not showing immediately in the main view and needing to go to collections.,,not_specified,[],[],not_mentioned,,not_applicable,,none_mentioned,unknown,,neutral,,,
c04af60a6c44,play_store,It's a pain in the neck to find the photos that I need. They are not organized by category as you claim this version would do. I now I have to pay every month? What's up with that? I have so many pict,True,User complains it is a pain to find needed photos because they are not organized by category and followed steps still fail to find what is needed.,Finding needed photos that fail to surface despite following steps due to lack of category organization.,not_specified,['none_stated'],['none_stated'],not_mentioned,,app_misunderstands,followed steps and still can not find what is needed due to poor categorization,gave_up,unknown,,frustrated,It's a pain in the neck to find the photos that I need.,vague_memory_retrieval,remembers needing a specific photo; categorization fails to locate it
22f33c86864b,play_store,my pictures keep doing album organizing without my request. I want to sort them and SEND them and I can no longer delete and send individual shots !!,False,Complaint is about automatic album organizing and deletion/sharing functionality.,,not_specified,[],[],not_mentioned,,not_applicable,,none_mentioned,unknown,,frustrated,,,
5374b654b6c4,play_store,"Gallery is a simple and useful app for organizing, viewing, and managing photos and videos. Its straightforward design makes it easy to find and enjoy personal memories.",False,General positive praise for gallery app making it easy to find memories.,,not_specified,[],[],not_mentioned,,not_applicable,,none_mentioned,unknown,,positive,,,
bc8776999bca,play_store,I'm so sick of this stupid app. it doesn't want to save anything you've done and if you uninstall and reinstall the app it takes forever to find all your pictures again I'm so sick of Google and there,False,Complaint is about app failing to save changes and reinstalling taking forever to re-index/find pictures.,,not_specified,[],[],not_mentioned,,not_applicable,,none_mentioned,unknown,,frustrated,,,
f322ac26cd84,play_store,"i updated the app and when i tried to open it on my phone, it says i need to turn on Backup, which was on a few minutes ago, but not now? and i need to setup my Locked folder! WHERE DID MY LOCKED FOLD",False,Complaint is about backup settings turning off and missing locked folder after an update.,,not_specified,[],[],not_mentioned,,not_applicable,,none_mentioned,unknown,,frustrated,,,
816f620ee417,play_store,Doesn't allow me to refresh the photos folder after moving/downloading files there. Can't seem to display new image formats such as avif.,False,Complaint is about refreshing folders and supporting new image formats.,,not_specified,[],[],not_mentioned,,not_applicable,,none_mentioned,unknown,,neutral,,,
e309e918fdcf,play_store,"extremely poor and non user friendly app. keeps crashing, keeps throwing random errors. 1 star for the search thats the only good thing.",False,User actually praises search as the only good thing while complaining about crashes and errors.,,not_specified,[],[],not_mentioned,,succeeded,,none_mentioned,unknown,,frustrated,1 star for the search thats the only good thing.,,
52c52e95657f,play_store,"Its ok but will love two more things to be done, 1st is the 'select all' option when you have photos in your Album and then option to locate your backup photos",False,"Feature request for select all in albums and locating backup photos, not a retrieval failure.",,not_specified,[],[],not_mentioned,,not_applicable,,none_mentioned,unknown,,neutral,,,
415d61e52ec8,play_store,"Hard to use, crowded with AI... moments, faces pets. can't find the right folder, it's not user friendly.",True,The user explicitly complains about not being able to find the right folder or photos in the app.,The user is trying to find a specific folder or photo in the crowded interface.,not_specified,['none_stated'],['none_stated'],not_mentioned,,cannot_express,App is crowded and user cannot find the right folder.,none_mentioned,unknown,,frustrated,"can't find the right folder, it's not user friendly.",ui_navigation_regression,
65873190a7e8,play_store,"why video stabilizer is degrading with every update, you don't test before updation, worst stabilizer ever, old photos was having smooth stabilizer. why can't nobody in team looking at it. please give",False,Complaint is about video stabilizer quality after an update.,,not_specified,[],[],not_mentioned,,not_applicable,,none_mentioned,unknown,,frustrated,why video stabilizer is degrading with every update,,
a2d6a15c64c9,play_store,sharing images is pure pain. Older folks have hard time viewing shared pics. They are often times routed to the middle of the scroll seeing old pics and assuming there is nothing new shared.,False,Complaint is about photo sharing UX for older folks.,,not_specified,[],[],not_mentioned,,not_applicable,,none_mentioned,unknown,Older folks,frustrated,sharing images is pure pain.,,
cdaf41622ca0,play_store,"please fix my Google photos app, I can't see my photos in the main photos album but I can see them in the recently added folder.",True,The user cannot see their photos in the main album and is looking for them.,The user is trying to locate photos missing from the main photos album.,not_specified,['none_stated'],['none_stated'],not_mentioned,,app_misunderstands,Photos missing from main album view.,browse_albums,unknown,,frustrated,I can't see my photos in the main photos album but I can see them in the recently added folder.,data_missing_sync,
bf0f82f6e2c3,play_store,"1/28/2026 MINUS, MINUS ZERO!!! THE CROPPING TOOL IS TERRIBLE 😡😡😡 I ABSOLUTELY HATE THIS NEW UPDATE😡BRING BACK THE OLD GOOGLE PHOTOS!!!! THESE UPDATES GETS WORSE WITH EACH UPDATE!!! 9/6/26. . THE SEARC",True,The user explicitly complains that AI search cannot find their photos.,The user is trying to search for photos using AI search but gets no results.,not_specified,['none_stated'],['none_stated'],not_mentioned,,app_misunderstands,AI search fails to find any photos.,none_mentioned,unknown,,frustrated,"AI CAN NEVER, EVER FIND MY PHOTOS.",vague_memory_retrieval,remembers target photo; AI search fails to find it
d2bf0e1badd8,play_store,"it was the best I can see past photos and remember memories that I forgot,I can also edit the photos that I want to edit. to the creator,thank you so much",False,Positive review about remembering memories from past photos.,,not_specified,[],[],not_mentioned,,not_applicable,,none_mentioned,unknown,,positive,it was the best I can see past photos and remember memories that I forgot,,
2d79eee1f5ba,play_store,Why does it continue to back up photo files I have selected to NOT back up? UPDATE 09-01-26 It is STILL DOING THIS...despite the fact that you say it doesn't or hasnt- and yet after BUYING EXTRA STORA,False,Complaint is about backup settings and storage prompts.,,not_specified,[],[],not_mentioned,,not_applicable,,none_mentioned,unknown,,frustrated,Why does it continue to back up photo files I have selected to NOT back up?,,
e1a4912eebfe,play_store,We are introducing a new storage management tool to help you easily manage the photos that count toward your storage quota. This tool will surface photos or videos you might want to delete — like blur,False,App feature announcement about storage management.,,not_specified,[],[],not_mentioned,,not_applicable,,none_mentioned,unknown,,neutral,We are introducing a new storage management tool,,
eb1d50f51a35,play_store,App has removed photos without permission and now blocks image searches. I have yet to find a way to turn the Al off between this app and Google search.,True,User complains that the app blocks image searches.,The user is trying to perform an image search but the app blocks it.,not_specified,['none_stated'],['none_stated'],not_mentioned,,app_misunderstands,App blocks image searches entirely.,none_mentioned,unknown,,frustrated,App has removed photos without permission and now blocks image searches.,data_missing_sync,
ba4434d59f8e,play_store,The app also has a tools/quick-tools menu that puts features such as image creation and web search in one place instead of filling the message area with lots of separate buttons.,False,General UI feature description about tools menu.,,not_specified,[],[],not_mentioned,,not_applicable,,none_mentioned,unknown,,neutral,The app also has a tools/quick-tools menu that puts features...,,
69d1a94613aa,play_store,you can use the AI to create a photo to video and you can also add a photo to an album and then share it what other people can join the album and add their own photos.,False,General description of AI creation and album sharing features.,,not_specified,[],[],not_mentioned,,not_applicable,,none_mentioned,unknown,,neutral,you can use the AI to create a photo to video and you can also add a photo to an album,,
5337902ec421,play_store,it was working fine the way it was new update u can no longer see screenshots on tipe likenu used to u have to look in another folder it was much better the old way new update made me hate this app it,True,User is frustrated about not being able to find screenshots the old way in the app.,The user is trying to locate screenshots but can no longer find them where they used to be.,screenshot,['source_channel'],['none_stated'],category_word,,cannot_refine,"Screenshots moved to another folder, making them harder to find.",browse_albums,unknown,heavy-screenshot user,frustrated,u can no longer see screenshots on tipe likenu used to u have to look in another folder,ui_navigation_regression,
a3515c24b0c6,play_store,love that I can backup easily and find stuff easily too but App UI keeps changing too often and they keep making it more complex,True,"User mentions finding stuff easily, but complains about complex UI changes.",The user tries to find items in the app but is hampered by complex UI changes.,not_specified,['none_stated'],['none_stated'],not_mentioned,,cannot_express,Frequent UI changes make finding items more complex.,none_mentioned,unknown,,neutral,love that I can backup easily and find stuff easily too but App UI keeps changing too often,ui_navigation_regression,
0fec26ed81fb,play_store,needs wifi to load up faster which I find very violating in my personal things. and it's been crashing a lot lately since the recent update Android 17,False,Complaint is about app crashing and wifi requirements.,,not_specified,[],[],not_mentioned,,not_applicable,,none_mentioned,unknown,,frustrated,needs wifi to load up faster which I find very violating,,
06aed3f715ef,play_store,Easy and fast opening and finding my photos and adding titles. No glitches.,True,User praises the app for fast opening and finding photos.,The user finds and opens their photos quickly.,not_specified,['none_stated'],['none_stated'],not_mentioned,,succeeded,"None, search and retrieval work successfully.",none_mentioned,unknown,,positive,Easy and fast opening and finding my photos and adding titles.,general_praise_or_success,
009db6c3b119,play_store,THE SEARCH BOX IS NOT AVAILABLE WHEN I OPEN THE PROGRAM SO I HAVE TO CONTINUOUSLY KEEP UNINSTALLING THE PROGRAM AND HITTING THE UPDATE BUTTON ALMOST BY LUCK FOR THE PROGRAM TO OPERATE PROPERLY. GOOGLE,False,"The user is complaining about the search box UI missing upon opening the app, not about finding a specific photo.",,not_specified,[],[],not_mentioned,,not_applicable,,none_mentioned,unknown,,frustrated,THE SEARCH BOX IS NOT AVAILABLE WHEN I OPEN THE PROGRAM SO I HAVE TO CONTINUOUSLY KEEP UNINSTALLING THE PROGRAM,,
ec6a7a8cf986,play_store,can you add the feature to list all the photos that use up space in the account(including files <5mb) it has been a headache trying to find those and delete the unwanted pics from them,False,"The user is asking for a feature to list photos that use up space, which is a storage management issue.",,not_specified,[],[],not_mentioned,,not_applicable,,none_mentioned,unknown,,frustrated,can you add the feature to list all the photos that use up space in the account,,
ff719ba63a1f,play_store,"compared to other similar apps, such as GALLERY from Samsung, I must say that I found Google Photos way behind in terms of clarity and ressources.",False,General comparison of app clarity and resources with Samsung Gallery.,,not_specified,[],[],not_mentioned,,not_applicable,,none_mentioned,unknown,,neutral,"compared to other similar apps, such as GALLERY from Samsung, I must say that I found Google Photos way behind",,
4e77c5f5ac6e,play_store,"Editing is great , but I find now days that's the only reason I use the app. Trying to navigate the app is counterintuitive and a time waster. Why has Google made it near impossible to find folders wh",True,The user complains about difficulty finding folders to locate what they are looking for.,Trying to find photo folders which are now difficult to locate in the app.,other,[],[],not_mentioned,,cannot_express,unable to find folders due to counterintuitive navigation,check_other_app,unknown,,frustrated,Why has Google made it near impossible to find folders when it used to be so simple and straight forward.,ui_navigation_regression,
749c1e3b34b5,play_store,the app now force you to select a picture of yourself before you can search in photos. it will pop up and nag everytime you try to search for something if you don't. it is truly annoying and unnecessa,False,"Complaint about a forced selfie selection nag screen before using search, not about retrieving a specific photo.",,not_specified,[],[],not_mentioned,,not_applicable,,none_mentioned,unknown,,frustrated,the app now force you to select a picture of yourself before you can search in photos.,,
1b7f93e9f2e3,play_store,"Want the old app that allowed me to square corners myself individually, I do not like the new AI image enhance. Maybe it was me found it under perspective, but it's not very accurate.",False,Complaint about photo editing features and AI image enhancement.,,not_specified,[],[],not_mentioned,,not_applicable,,none_mentioned,unknown,,frustrated,"Want the old app that allowed me to square corners myself individually, I do not like the new AI image enhance.",,
fc3382b1728f,play_store,"Just bring back the old format; I can't even find or browse my old media unless I search year by year because the main page only shows the camera roll. Who decided that? I used to scroll down, and I'd",True,The user is struggling to find or browse older media because the main page only shows the camera roll.,Trying to browse older media but being forced to search year by year.,other,['approx_time'],[],date_only,,too_many_results,"main page only shows camera roll, hiding older memories",scroll_by_date,1_2_years,,frustrated,I can't even find or browse my old media unless I search year by year because the main page only shows the camera roll.,ui_navigation_regression,
4325765b64ef,play_store,"EDIT: I'm sorry, previously my voice-to-text transcription app made some mistakes. I'm actually the opposite. I'm using a Xiaomi phone, and Google Photos doesn't sync up correctly with the default pho",False,Complaint about photo syncing and deletion behavior between phone system app and Google Photos.,,not_specified,[],[],not_mentioned,,not_applicable,,none_mentioned,unknown,Xiaomi phone user,neutral,Google Photos doesn't sync up correctly with the default phone's photo app.,,
d83e698f3c0c,play_store,"After the last update I'm no longer able to edit location in the app, only the web portal. It's like the API link to Maps is broken. After a few updates this is an ongoing problem. is Google moving to",False,Complaint about inability to edit photo location within the app.,,not_specified,[],[],not_mentioned,,not_applicable,,none_mentioned,unknown,,frustrated,"After the last update I'm no longer able to edit location in the app, only the web portal.",,
b6e8545ccee0,play_store,in my phone photo app is not working properly I can't use face grouping even I can't use me option if I am trying to put my picture in me option ut is showing something went wrong try after sometimes ,False,"Face grouping and 'me' option setup failure, not a photo retrieval issue.",,not_specified,[],[],not_mentioned,,not_applicable,,none_mentioned,unknown,paying subscriber,frustrated,in my phone photo app is not working properly I can't use face grouping even I can't use me option,,
ca4d25030370,play_store,"Please add subfolders to the Locked Folder in Google Photos. It would make it much easier to organize private photos and videos into categories like Personal, Family, Work, or Documents. This would im",False,Feature request for subfolders inside the Locked Folder to improve organization and save time searching later.,,not_specified,[],[],not_mentioned,,not_applicable,,none_mentioned,unknown,,neutral,Please add subfolders to the Locked Folder in Google Photos.,,
bef9e7e271fe,play_store,"Feedback for Google Photos I have a suggestion that I think would make Google Photos even better, When users open an old photo or video, there should be a quick AI option such as Remix, Reimagine, or ",False,Feature suggestion for AI editing options on old photos.,,not_specified,[],[],not_mentioned,,not_applicable,,none_mentioned,unknown,,neutral,"When users open an old photo or video, there should be a quick AI option such as Remix, Reimagine",,
515711ebb8df,play_store,since the update my photos are just lumped together instead of being broken out by the day they were taken. I don't have albums and I don't go to that tab. I'm used to looking at them on the first tab,False,Complaint about layout changes where photos are lumped together instead of broken out by day.,,not_specified,[],[],not_mentioned,,not_applicable,,none_mentioned,unknown,,neutral,since the update my photos are just lumped together instead of being broken out by the day they were taken.,,
d1ea7b8e49a7,play_store,"This was a great app as it was but each update seems to make things worse. New editing tools are awful, Albums keep getting pushed further and further out of focus, and the search function is just con",True,The user explicitly states that the search function is confusing.,Trying to find photos using the search function which has become confusing.,other,[],[],not_mentioned,,app_misunderstands,search function is confusing,none_mentioned,unknown,,frustrated,"Albums keep getting pushed further and further out of focus, and the search function is just confusing.",ui_navigation_regression,
c9fc89ea6f60,play_store,I LOVE Google photos. Love the new AI powered search feature. Love grouping by faces. Best photo organization app out there!,False,Positive feedback praising the search feature and face grouping.,,not_specified,[],[],not_mentioned,,succeeded,,none_mentioned,unknown,,positive,I LOVE Google photos. Love the new AI powered search feature. Love grouping by faces.,,
5650c8bc42f5,play_store,Love this app. The UI is beautiful. I do wish we could use hash tags to make searching faster.,False,"The user is suggesting a feature (hashtags) for faster searching in general, not trying to find a specific photo.",,not_specified,[],[],not_mentioned,,not_applicable,,none_mentioned,unknown,,positive,I do wish we could use hash tags to make searching faster.,,
486e39b5544c,play_store,My app is not giving me all of the coupons that I choose. I tried to search for a deal on dog food and I know that they sell it bc I've bought it from them before. I couldn't even find it on the websi,False,"The user is talking about coupons and a dog food deal on a website/app, not searching within Google Photos.",,not_specified,[],[],not_mentioned,,not_applicable,,none_mentioned,unknown,,neutral,I tried to search for a deal on dog food and I know that they sell it bc I've bought it from them before.,,
703d253e2285,play_store,"Its quite nice to have our all pictures saved as a separate folder even after missing them after getting deleted or changing device, we can find out here, all the times of our pictures captured or dow",False,"General praise about having pictures saved and organized into albums after device changes, no specific retrieval attempt.",,not_specified,[],[],not_mentioned,,not_applicable,,none_mentioned,unknown,,positive,"we can find out here, all the times of our pictures captured or downloaded in this, with Theme captioned albums for related photos together",,
6cf03727df69,play_store,Works as expected. wish it had a better UI that was more navigation friendly. I don't like the way the Google stuff groups stuffs rather then by location.,False,"General UI and navigation complaint about how Google groups photos, not a specific photo retrieval issue.",,not_specified,[],[],not_mentioned,,not_applicable,,none_mentioned,unknown,,neutral,I don't like the way the Google stuff groups stuffs rather then by location.,,
4e251983a8a0,play_store,"This new change to the search and ""ask"" is a bit of an inconvenience when you just want to type one word. I don't have a conversation with AI I want to see all the pictures that come up with that word",False,"Complaint about AI conversation search changes and wanting single-word search, but no specific photo is being searched for.",,not_specified,[],[],not_mentioned,,not_applicable,,none_mentioned,unknown,,frustrated,"This new change to the search and ""ask"" is a bit of an inconvenience when you just want to type one word.",,
5cd50f37b441,play_store,"there's no option to make folders, only album. so when i put my photos in one album, i tried to delete those photos anywhere so it will only stay in one place but i can't bc then it will delete everyt",False,Complaint about album management and deletion behavior.,,not_specified,[],[],not_mentioned,,not_applicable,,none_mentioned,unknown,,frustrated,"there's no option to make folders, only album.",,
a39221c29a13,play_store,"Awful experience when manually uploading files, lost some photos, can't upload full albums directly from the device... Really poor experience, features works well, but the lack of features and clean U",False,Feedback regarding manual file uploads and lack of features.,,not_specified,[],[],not_mentioned,,not_applicable,,none_mentioned,unknown,,frustrated,"Awful experience when manually uploading files, lost some photos, can't upload full albums directly from the device...",,
a48b8b1bdde6,play_store,.Since now I've changed an now have moved on an never ever looking back an also focusing on working on myself an rehealing an regenerating plus also focusing on my goals an dreams also. Because now I ,False,General ramblings about taking selfies at a cricket store and personal life.,,not_specified,[],[],not_mentioned,,not_applicable,,none_mentioned,unknown,,positive,Because now I find this app extremely exciting and intelligent because this is also when I take pictures of myself as I been to Essex Cricket 🏏 Store yesterday,,
d6ef7589d1ba,play_store,Cannot create love albums of people anymore. Just shows activity spinner for days. This was the best way to share family photos and now nerfed.,False,Complaint about live albums not working / activity spinner.,,not_specified,[],[],not_mentioned,,not_applicable,,none_mentioned,unknown,,frustrated,Cannot create love albums of people anymore.,,
9254da6ffba0,play_store,this app USED to be well organized and easy to navigate. Not anymore with all my photos and videos clumped together. Now it is exceptionally difficult to find a specific day. Please switch it back! 🫶🏻,False,"Complaining that it's difficult to find a specific day because photos are clumped together, but no specific search or retrieval attempt is described.",,not_specified,[],[],not_mentioned,,not_applicable,,none_mentioned,unknown,,frustrated,Now it is exceptionally difficult to find a specific day.,,
fad3a2c8bd2d,play_store,"Thank you for sharing and Keeping old photos also ,send them as a reminder. I Loved that. Great Job from a couple of years back.",False,Appreciation for memories/reminders feature of old photos.,,not_specified,[],[],not_mentioned,,not_applicable,,none_mentioned,unknown,,positive,"Thank you for sharing and Keeping old photos also ,send them as a reminder.",,
21262e144ad7,play_store,Like the app but the Turn on Backup notification is annoying. I purposely add photos I want cloud saved to an Album. Even a deep hidden setting to stop the notifications for advanced users would be us,False,Complaint about backup notifications.,,not_specified,[],[],not_mentioned,,not_applicable,,none_mentioned,unknown,,neutral,Like the app but the Turn on Backup notification is annoying.,,
6fcdc4e35fb9,play_store,"If a photo has been moved to the locked folder, there should be an option to unlock it and restore it either to its original location or to a different location chosen by the user. Your application do",False,Complaint about locked folder restoration options.,,not_specified,[],[],not_mentioned,,not_applicable,,none_mentioned,unknown,,frustrated,"If a photo has been moved to the locked folder, there should be an option to unlock it",,
685c7c66cbf0,play_store,"As a CS major, nonsensical changes made recently so someone can document it as work to meet a quota. Trying to upload photos became frustrating due to bad UI changes. I have 2 primary selections: Phot",False,UI complaint regarding splitting Photos and Collections and scrolling for old photos.,,not_specified,[],[],not_mentioned,,not_applicable,,none_mentioned,unknown,Computer Science major,frustrated,Photos has all my photos but obv. requires a lot of scrolling for old photos.,,
acc2c24e990c,play_store,Love it!!! There is nothing better than having the proof you need stored in Google Photos App from years past stored from your phone unknowingly then one day you find yourself thumbing through Google ,True,The user successfully found proof stored from years past by thumbing through photos to use in a legal case.,User found needed proof from years past by thumbing through Google Photos.,document_receipt_id,"['approx_time', 'emotion_significance']","['exact_date', 'visual_detail', 'place_location']",not_mentioned,,succeeded,none,scroll_by_date,3plus_years,someone involved in a legal case,positive,There is nothing better than having the proof you need stored in Google Photos App from years past stored from your phone unknowingly then one day you find yourself thumbing through Google Photos and VIALA!!,general_praise_or_success,
9273dcb9a549,play_store,"Please give an option to choose what we want to back up and save. The app backs up everything from the phone, like unwanted screenshots which we need temporarily. Only what's chosen and approved by us",False,"The review is about backup control and downloading photos, not about finding or searching for an existing photo.",,not_specified,[],[],not_mentioned,,not_applicable,,none_mentioned,unknown,,frustrated,Please give an option to choose what we want to back up and save.,,
a40ce1b883e4,play_store,It was a brilliant app It can easily categorise the things and I can do editing and easily generate images and If cannot go ind any photo directly go and search for it it saved my time a lot as a busy,True,The user mentions they can easily search for any photo directly which saves time.,The user wants to find any photo by searching for it directly.,not_specified,['none_stated'],['none_stated'],not_mentioned,,succeeded,App successfully allows searching for photos to save time.,none_mentioned,unknown,busy person,positive,If cannot go ind any photo directly go and search for it it saved my time a lot as a busy person,general_praise_or_success,
6b9781030f7e,play_store,"Keeps being buggy in new ways. July 2026: After being less buggy for a bit, an old bug with the having (unexplained) trouble with moving items has now returned. Lowering rating again because of that. ",False,"The review discusses bugs related to moving items and albums disappearing, not photo retrieval or search.",,not_specified,[],[],not_mentioned,,not_applicable,,none_mentioned,unknown,,frustrated,Keeps being buggy in new ways.,,
cab40b48161a,play_store,"I used to find this app very convenient, but the new editing software is terrible. I hate all these AI features being forced upon me, and the new cropping system is too touchy and the outline around i",False,The complaint is strictly about the new editing features and cropping UI.,,not_specified,[],[],not_mentioned,,not_applicable,,none_mentioned,unknown,,frustrated,"I used to find this app very convenient, but the new editing software is terrible.",,
1f2eebc271e2,play_store,"Gallery is a simple and useful app for organizing and viewing photos and videos. The interface is easy to navigate, making it convenient to find and manage memories. I like how quickly it loads images",False,General praise for the gallery app interface and speed without addressing a specific photo retrieval problem.,,not_specified,[],[],not_mentioned,,not_applicable,,none_mentioned,unknown,,positive,Gallery is a simple and useful app for organizing and viewing photos and videos.,,
dea05c5010c5,play_store,"please go back to photos being separated by the day and month they were took, if feels so cluttered all the photos and videos being piled into one continuous scroll. trying to find a video from a diff",True,The user is trying to find a video from a different day but it gets lost due to the continuous scroll layout.,The user is trying to find a video from a specific day in the past.,video,['approx_time'],['exact_date'],not_mentioned,,cannot_refine,Continuous scroll layout causes past videos to get lost in the clutter.,scroll_by_date,unknown,,frustrated,trying to find a video from a different day now just gets lost in the clutter,ui_navigation_regression,
1ad512cdc3d6,play_store,"edit: they removed the option ""reimagined"" you need to search with with the magnifier, and then it's basically useless, it can't remove backgrounds anymore, this app is getting worse by the minute. Wh",False,"The complaint is about photo editing features and saving bugs, not retrieval.",,not_specified,[],[],not_mentioned,,not_applicable,,none_mentioned,unknown,,frustrated,edit: they removed the option reimagined you need to search with with the magnifier,,
f4e25b42d003,play_store,"this app forces a upload to backup with NO way to stop it, and no immediate way to delete pics it has grabbed to upload when creating a album, it's stuck in notification background saying""waiting for ",False,The review complains about forced backups and upload prompts.,,not_specified,[],[],not_mentioned,,not_applicable,,none_mentioned,unknown,,frustrated,this app forces a upload to backup with NO way to stop it,,
d107c03b7860,play_store,Why can't I upload selected photos to Google Photos in full quality without enabling full sync? The new app is very scattered; it's like a brain riddle trying to figure out how to go back and where I ,False,"The user is complaining about upload settings and interface navigation, not searching for an existing photo.",,not_specified,[],[],not_mentioned,,not_applicable,,none_mentioned,unknown,,frustrated,Why can't I upload selected photos to Google Photos in full quality without enabling full sync?,,
837489f3a05b,play_store,"Not sure if I like the update to the search feature, I went to search today and was confused, I feel the previous search was a lot more accurate this time it gave me a bunch of random photos that were",True,"The user tried using the search feature and received random, unrelated photos.",The user tried searching for something today but the search feature returned random unrelated photos.,not_specified,['none_stated'],['none_stated'],not_mentioned,,app_misunderstands,Search returned a bunch of random photos not related to the query entered.,none_mentioned,unknown,,frustrated,it gave me a bunch of random photos that were not related to what I entered,vague_memory_retrieval,remembers specific subject; search returns random unrelated photos
50056a2ab446,play_store,"The latest update just broke the app, i can't see my uploaded photos and videos but when i login through browser all the stuff is there. Mobile App is broken , please fix immediately. Thank You",False,The review is about uploaded photos not displaying in the mobile app due to a sync/connection bug.,,not_specified,[],[],not_mentioned,,not_applicable,,check_other_app,unknown,,frustrated,"The latest update just broke the app, i can't see my uploaded photos and videos",,
5218f6d3386c,play_store,of course Google photos management of the app is what I like every app is categorized perfectly from snapping a regular photo to taking a screenshot to even editing then saving from a 3rd party app yo,True,The user mentions that photos are categorized well so you can always find what you need.,The user looks for categorized photos and screenshots to find what they need.,screenshot,['none_stated'],['none_stated'],not_mentioned,,succeeded,Categorization allows finding needed items successfully.,browse_albums,unknown,,positive,every app is categorized perfectly from snapping a regular photo to taking a screenshot... you can always find what you need,general_praise_or_success,
388f73dc12ed,play_store,Good App. But Sometimes I Can't Add Location In Photos. I Search but No Recommendation Result finds. even Not Showing Any Results Some Times. I think Google Need To Fix This Problem,True,"The user is trying to search for locations to add to photos, but search returns no recommendations or results.",The user is searching for a location to add to photos but gets no results.,place_venue_travel,['place_location'],['none_stated'],single_keyword,,app_misunderstands,Location search returns no recommendation results or showing any results at all.,none_mentioned,unknown,,frustrated,I Search but No Recommendation Result finds. even Not Showing Any Results Some Times.,vague_memory_retrieval,remembers location; search returns no recommendation results
b181b06c2f06,play_store,"well some how my Google photo app got deleted. i download it back on my phone well it want let me see my pictures it says continue to settings well, I've done everything that it's said to do. And I st",False,The user cannot view their pictures at all due to an app re-installation or settings issue.,,not_specified,[],[],not_mentioned,,not_applicable,,none_mentioned,unknown,,frustrated,"well it want let me see my pictures it says continue to settings well, I've done everything that it's said to do.",,
d411fc39fc43,play_store,I know this is a good aap but for sure it can't able store all my old photos which I click for my memories ..it's worthless coz If I click some good moments then after few days it's automatically get ,False,"The review is about photos getting automatically deleted, which is a storage/data loss issue, not retrieval search.",,event_celebration,[],[],not_mentioned,,not_applicable,,none_mentioned,unknown,,frustrated,it's worthless coz If I click some good moments then after few days it's automatically get deleted,,
7cde7cba3029,play_store,"I rate 5 stars because this apps is very helpful to me, I have lost my phone but all my photos from almost 2023 to today are still kept here. As long as you remember your email,you will get back all y",False,"Review is about cloud backup and device loss recovery, not searching for a specific photo.",,not_specified,[],[],not_mentioned,,not_applicable,,none_mentioned,unknown,,positive,"As long as you remember your email,you will get back all your photos from lost/damage device.",,
d50bed639bf1,play_store,"give me back the ability to just view all my photos, screenshots and saved all in one space again. I don't need various locations or sorting unless I ask for it.",False,"UI layout complaint about viewing photos and screenshots in one space, not photo retrieval search.",,not_specified,[],[],not_mentioned,,not_applicable,,none_mentioned,unknown,,frustrated,"give me back the ability to just view all my photos, screenshots and saved all in one space again.",,
66818886c57a,play_store,Worse with every update. Can't find anything. Constantly tries to make me turn on the auto backup despite repeatedly saying no. Bonus for constantly trying to show Gemini where no one wants it.,True,User explicitly complains they cannot find anything using the app.,User is trying to find photos or content in their library but fails.,not_specified,[],['none_stated'],not_mentioned,,app_misunderstands,general search yields nothing,none_mentioned,unknown,,frustrated,Can't find anything.,vague_memory_retrieval,remembers specific photo; general search yields nothing
e7eadcd09b85,play_store,I would suggest a feature that can find all stacked photos so that space can easily be created by deleting unwanted pics.,False,Feature request for finding stacked photos to delete and free space.,,not_specified,[],[],not_mentioned,,not_applicable,,none_mentioned,unknown,,neutral,I would suggest a feature that can find all stacked photos so that space can easily be created by deleting unwanted pics.,,
e79f67f95e38,play_store,"it's good but it's got its flaws. I definitely do not like the new setup. this new ""comfortable"" layout sucks. go back to the old way where is shows it's by the Day. yes, I know there is a ""day"" layou",False,UI layout and design preference complaint.,,not_specified,[],[],not_mentioned,,not_applicable,,none_mentioned,unknown,,frustrated,"this new ""comfortable"" layout sucks.",,
ba0353993165,play_store,Find a idea how to free up space faster for everyone. 1. add these new features auto sync internal storage. Example when ever users delete a picture or video from internal storage. After that users cl,False,Feature request regarding storage sync and auto deletion.,,not_specified,[],[],not_mentioned,,not_applicable,,none_mentioned,unknown,,neutral,Find a idea how to free up space faster for everyone.,,
9f89b2b06621,play_store,"if you try to take a screenshot of video in the gallery, the video time bar and three option dots and a bunch of other stuff will pop up and be in the screenshot.",False,Complaint about UI elements showing up when taking screenshots of videos.,,screenshot,[],[],not_mentioned,,not_applicable,,none_mentioned,unknown,,frustrated,"if you try to take a screenshot of video in the gallery, the video time bar and three option dots and a bunch of other stuff will pop up",,
9d6c85725305,play_store,1. Google Photos mobile website and it's app both are unhelpful. There is no option to stop video auto play when you are looking at each one by one. 2. If you download photo (which is a zip file) to m,False,"Feedback about video autoplay, zip download interruptions, and screenshot metadata dates.",,screenshot,[],[],not_mentioned,,not_applicable,,none_mentioned,unknown,,frustrated,Google Photos mobile website and it's app both are unhelpful.,,
976f327c2015,play_store,"The search function is garbage now. Keywords that I used to search for pictures that would bring back hundreds of pics, including the ones I was looking for, now bring ""No Results."" Why did you break ",True,User explicitly complains that keywords that used to work in search now return 'No Results'.,User is searching for pictures using previously working keywords but gets 'No Results'.,not_specified,['visual_detail'],['none_stated'],category_word,,app_misunderstands,previously working keywords now return no results,none_mentioned,unknown,,frustrated,"Keywords that I used to search for pictures that would bring back hundreds of pics, including the ones I was looking for, now bring ""No Results.""",vague_memory_retrieval,remembers keyword; search brings no results
41ac345661fa,play_store,"Who ever edited the software destroyed a bunch of critical ways I found my photos. I used faces to organize all of my photos. 100s of family and friends was once organized, now that is gone. I had 100",True,User is complaining about losing organized ways to find photos such as faces and favorites.,User is trying to find photos using face groupings and favorites that were lost after an update.,person_face,['people_present'],['none_stated'],person_name,,wrong_metadata,face groupings and favorites vanished after software update,none_mentioned,unknown,,frustrated,"I used faces to organize all of my photos. 100s of family and friends was once organized, now that is gone.",data_missing_sync,
8cb70c43a74a,play_store,"Hi, support staff I just wanted to let you know that when I edit photos and use the Healing, Smooth, and other options under the Action button after saving, I can't see my picture; it just shows black",False,Issue with photo editing tools (Healing/Smooth) resulting in a black screen upon saving.,,not_specified,[],[],not_mentioned,,not_applicable,,none_mentioned,unknown,,frustrated,"when I edit photos and use the Healing, Smooth, and other options under the Action button after saving, I can't see my picture; it just shows black.",,
e5a34128d23c,play_store,"A very glitchy photo app. One moment the editing features work like a dream, then they don't. Saving photos is crazy, sometimes they're saved & sometimes not ... just gone. The automatic albums featur",False,"Complaint about app glitchiness during editing, saving issues, and automatic album grouping features.",,not_specified,[],[],not_mentioned,,not_applicable,,none_mentioned,unknown,,frustrated,A very glitchy photo app.,,
f88af34a602e,play_store,"It is virtually impossible to find any of your pictures. Oh, that picture you can't find in your camera album, it's been decided this is in your videos album (despite many videos being in the camera a",True,User complains about the difficulty of finding pictures due to fragmented folder/album organization.,"User is trying to find a camera picture, screenshot, or telegram image spread across multiple folders.",screenshot,['source_channel'],['place_location'],not_mentioned,,cannot_express,pictures scattered across multiple folders making them impossible to find,scroll_by_date,unknown,,frustrated,It is virtually impossible to find any of your pictures.,ui_navigation_regression,
12188e66e24c,play_store,I wish that this app would organize all of my backed up & recovered media files into the same albums/order that they were originally in when they were in my phone’s gallery. After using this app to fr,True,User is trying to find specific pics/vids but notes backed up media got shuffled without order.,User is trying to find specific backed up/recovered pics or videos that got shuffled together without order.,video,[],"['approx_time', 'place_location']",not_mentioned,,cannot_refine,media files shuffled together with no order after freeing up memory,scroll_by_date,unknown,,frustrated,"At this point, I'll probably find the One Piece before I can find any of the specific pics/ vids that I need at a given time.",ui_navigation_regression,
f1c6cfca819b,play_store,"A year later and still no real patch notes. You can't keep on giving out app updates without noting what's changed or improved etc. Having "" We are introducing a new storage management tool to help yo",False,Complaint about lack of clear patch notes regarding storage management tools.,,screenshot,[],[],not_mentioned,,not_applicable,,none_mentioned,unknown,,frustrated,A year later and still no real patch notes.,,
ae8272c9a5ca,play_store,It is okay. new features being added due to AI but I now don't see a search bar at the top of my screen on my Samsung Galaxy. there is an AI search bar but doesn't search for photos by date. Bummer if,True,User complains about missing search bar functionality to search photos by date on their Samsung device.,User wants to search for photos by date but cannot find the search bar.,not_specified,['approx_time'],['none_stated'],date_only,,cannot_express,missing search bar prevented entering date query,none_mentioned,unknown,Samsung Galaxy user,frustrated,there is an AI search bar but doesn't search for photos by date.,ui_navigation_regression,
8a618fa2f52d,play_store,from what I know it's the only way to check your photos. Goggle steals the photos any ways uploads them online. fragmented and created a folder for Every thing. Its sometimes very hard to find things.,True,User mentions that it is sometimes very hard to find things due to fragmented folders.,User is trying to find specific items in the app but finds it hard because things are fragmented.,not_specified,['none_stated'],['none_stated'],not_mentioned,,cannot_express,app folder fragmentation made items hard to locate,none_mentioned,unknown,,frustrated,Its sometimes very hard to find things.,ui_navigation_regression,
045af429612e,play_store,For some reason it picks up every picture I look at or more than I ever screenshot. I didn't ask it to do that. now I have to look at things everyday to delete things out that I never wanted saved.,False,Complaint about unwanted screenshots being saved and having to delete them.,,not_specified,[],[],not_mentioned,,not_applicable,,none_mentioned,unknown,,frustrated,now I have to look at things everyday to delete things out that I never wanted saved.,,
4bf3b623d400,play_store,They've actually managed to make it worse! I have absolutely zero confidence in tidying up the media on my device via File Manager lest it deletes it from my shared Photo Albums. Neither do I have any,False,"Complaint about sync, shared albums, backup disabling, and UI confusion.",,not_specified,[],[],not_mentioned,,not_applicable,,none_mentioned,unknown,,frustrated,The whole thing is a confusing mess.,,
cf572ac96c91,play_store,"Ya see those three dots that makes a menu pop up when ya got memory highlights and ya got a specific photo up, and you've got these options you can select and one of them is to remove the photo from t",False,Complaint about missing download option for memory highlights and wanting photos back in recents.,,not_specified,[],[],not_mentioned,,not_applicable,,none_mentioned,unknown,,frustrated,Where's the option to download the photo that's up?,,
4d851a03dd80,play_store,This app is so terrible !! Why would my screenshots file size lowered when i only rotate images? This is so ridiculous !! Even old picture viewer on Windows XP didn't do this. I don't know of this is ,False,"Complaint about image compression, slow loading speed, and editing.",,not_specified,[],[],not_mentioned,,not_applicable,,none_mentioned,unknown,Xperia 1 II user,frustrated,Also the speed when loading pictures is so slow,,
32b4cd6e2b3b,play_store,Hi Google Photos app. I'd don't know why I'd can't get into my photos app and I'd can't see any of my Google photos app and why Photos were blocked for no reason why?,False,Complaint about app access issues and blocked photos.,,not_specified,[],[],not_mentioned,,not_applicable,,none_mentioned,unknown,,frustrated,I'd don't know why I'd can't get into my photos app,,
1a91c89238d7,play_store,"this app is developed by a misleading developer hiding his app name, posing as an administrator manipulating my device and using my name and accounts to mislead me and whom ever else he can. this indi",False,App security and hacking accusations.,,not_specified,[],[],not_mentioned,,not_applicable,,none_mentioned,unknown,,frustrated,photos is a fake app I found he gets full access to my personal things in this app.,,
348e65073685,play_store,"i don't know where to start with this update. the constant influx of AI is annoying and my pics not being separated by day makes it hard to find what I'm looking for. if it's not broke, don't fix it",True,User states that photos not being separated by day makes it hard to find what they are looking for.,User is trying to find a specific picture but cannot locate it because photos are no longer separated by day.,not_specified,['approx_time'],['none_stated'],not_mentioned,,cannot_express,lack of day separation made visual scanning for items difficult,none_mentioned,unknown,,frustrated,my pics not being separated by day makes it hard to find what I'm looking for.,ui_navigation_regression,
a1b956a46ca2,play_store,"They have taken or hidden my photos and told me to download this app to delete them and they can't find this device. Want to use my phone from 5 years, 3 phones ag9. I hate it when they steal photos!",False,Complaint about missing photos and device transfer issues.,,not_specified,[],[],not_mentioned,,not_applicable,,none_mentioned,unknown,,frustrated,They have taken or hidden my photos and told me to download this app to delete them,,
8a7a5b6ac457,play_store,"They changed the UI, not as easy to navigate anymore. Too much focus on AI, it's now much more annoying to edit photos (accessing the colour and brightness alteration and cropping is very awkward). Ne",False,Complaint about editing UI and face grouping errors in face albums.,,not_specified,[],[],not_mentioned,,not_applicable,,none_mentioned,unknown,,frustrated,Needs to be a way to pause a face album as it keeps adding incorrect pictures,,
ca421684d8be,play_store,"I don't need you to ask me if I want to back up because I DO NOT WANT TO BACK UP. I need all details about a photo that I'm looking at, not only the resolution, name, and the storage. I don't need scr",False,Complaint about backup prompts and folder organization of camera versus screenshots.,,not_specified,[],[],not_mentioned,,not_applicable,,none_mentioned,unknown,,frustrated,I don't need screenshots and camera photos to be in the same folder,,
91b25e8867af,play_store,Mostly good and I've been using for years. My only long running frustration is that adding photos to an existing album is very clumsy. It should be easy to select photos from any location on my phone ,False,Complaint about adding photos to existing albums being clumsy.,,not_specified,[],[],not_mentioned,,not_applicable,,third_party_tool,unknown,,frustrated,My only long running frustration is that adding photos to an existing album is very clumsy.,,
d1ec5f86b4b1,play_store,"Can't display all photos on your device in one list like every other photos app does, the main page also takes up half my screen with some memories tab I do not want to see and can't disable. One nice",True,User mentions searching text within photos when it works.,User is searching for text within photos.,text_in_image,['text_content'],['none_stated'],single_keyword,,app_misunderstands,text search within photos only works intermittently,none_mentioned,unknown,,neutral,One nice thing is being able to search text within photos when it works,vague_memory_retrieval,remembers text in photo; OCR search works only intermittently
13d1390b6249,play_store,"this is not what I expected for an update. I have a Samsung se f25 and it turns out all the photos I transfered from my previous phone has suddenly went only to photos when in prior, It was used in re",False,Complaint about transferred photos going missing and gallery integration on a Samsung device.,,not_specified,[],[],not_mentioned,,not_applicable,,none_mentioned,unknown,Samsung user,frustrated,I have no access to my photos and this is ridiculous.,,
2856ec4a8a28,play_store,Please keep the camera and the screenshot folder different. It is difficult to find files. And also please don't stack the photos without asking. it is very annoying,False,"The user is complaining about screenshot and camera folder organization and automatic stacking, not trying to retrieve a specific lost photo.",,not_specified,[],[],not_mentioned,,not_applicable,,none_mentioned,unknown,,frustrated,Please keep the camera and the screenshot folder different.,,
b030e0070784,play_store,Why for over 2 years Google photos say they're introducing a new storage management tool on updates 😱 I recommend people find other alternatives. A really frustrating app from Google. Constant updates,False,"The review is solely about cloud storage management tools, storage usage, and billing/space complaints.",,not_specified,[],[],not_mentioned,,not_applicable,,none_mentioned,unknown,,frustrated,I've deleted many gigs of photos and videos and storage never reduces Google too big to care unfortunately.,,
d43c4ff9e5b3,play_store,"I'm having a problem to access my albums. When I try to open them, the app just crashes and stop working. It only happens with shared albums. The ones that are exclusive to me, are opening fine. I've ",False,The review is about app crashes specifically when trying to open shared albums.,,not_specified,[],[],not_mentioned,,not_applicable,,none_mentioned,unknown,,neutral,"When I try to open them, the app just crashes and stop working.",,
bc04d1c665ff,play_store,"Everytime you guys make an app that works good you have to change it. Looks like you recently changed Google photos. You may as well just get rid of the search feature all together , geez. Stop changi",True,The user is complaining that recent changes made the search feature useless for finding photos.,User is trying to use the search feature after an update but finds it completely broken or useless.,not_specified,[],[],not_mentioned,,app_misunderstands,search feature changed and no longer works as expected,none_mentioned,unknown,,frustrated,"You may as well just get rid of the search feature all together , geez.",ui_navigation_regression,
3d872251ec88,play_store,Easy to create and share albums. Easy to edit pictures. Easy to make printed books and fetch pictures into Google Docs.,False,"Generic positive praise about creating albums, editing pictures, and making printed books.",,not_specified,[],[],not_mentioned,,not_applicable,,none_mentioned,unknown,,positive,Easy to create and share albums.,,
760a88eaa497,play_store,it was better 5 years ago before they screwed around with it and upgraded it . They have complicated it and its impossible to navigate and find a photo any more. I think I am going to transfer all my ,True,The user states that navigation has been complicated and it is impossible to find a photo anymore after updates.,User is trying to locate and navigate to specific photos in their library but fails due to UI changes.,not_specified,[],[],not_mentioned,,cannot_refine,app navigation is too complicated to find any photo,none_mentioned,unknown,,frustrated,They have complicated it and its impossible to navigate and find a photo any more.,ui_navigation_regression,
15462c85c7a2,play_store,whoever thought this new update was good needs to reconsider life. u took away the easy separation of date breakers between the images???? why. why would this be a good idea. the timeline easily helps,True,The user is trying to locate photos by date/timeline and complains that removing date separators makes it impossible.,User is trying to locate certain images based on when they were taken using the timeline and date markers.,not_specified,['approx_time'],['exact_date'],not_mentioned,,cannot_refine,"date markers and timeline separators were removed, making date-based visual scanning useless",scroll_by_date,unknown,parent,frustrated,the timeline easily helps locate certain images when u know when they are from and the second you have more than 20 images a tiny bubble up the top [...] makes any date markers functional useless.,ui_navigation_regression,
73a2c2686dd0,play_store,This app is a thorn in my side I have to continuously search for my albums and photos that it's for ever backing up of witch conveniently dissappears never to be found again i don't recommend download,True,The user is trying to find backed-up photos that conveniently disappear and cannot be found.,User is searching for albums and photos that were backed up but have disappeared from the app.,not_specified,[],[],not_mentioned,,content_not_indexed,backed up photos disappear and cannot be found in search,none_mentioned,unknown,,frustrated,I have to continuously search for my albums and photos that it's for ever backing up of witch conveniently dissappears never to be found again,data_missing_sync,
81323a99b80d,play_store,The search feature is not like before. Simple searches like eg 'cars' can't even turn up a single car in my gallery.,True,The user is trying to use the search feature to find a specific category of objects ('cars') but gets zero results.,User is trying to search for car photos using a simple keyword.,object_thing,['visual_detail'],[],single_keyword,cars,app_misunderstands,simple keyword search for 'cars' turns up zero results,none_mentioned,unknown,,frustrated,Simple searches like eg 'cars' can't even turn up a single car in my gallery.,vague_memory_retrieval,remembers cars in photo; keyword search cars returns zero results
8fafb46ec2c7,play_store,"✨ Can't search the album, when I'm in a albums, I want to add some photos from this album to the searched album. But I can't search the album to add these photos to the searched album ✨ Missing featur",False,The user is complaining about missing album management features (searching for an album while inside an album to add photos) and missing web features.,,not_specified,[],[],not_mentioned,,not_applicable,,none_mentioned,unknown,,frustrated,"Can't search the album, when I'm in a albums, I want to add some photos from this album to the searched album.",,
eb18fa6b28ca,play_store,"it only works well with back up turned on if you turn it off suddenly everything is a challenge, you need like 6 clicks to get to your latest screenshot or photo",True,The user complains about how many clicks it takes to find the latest screenshot or photo when backup is turned off.,User is trying to navigate to their latest screenshot or photo with backup turned off.,screenshot,['approx_time'],[],not_mentioned,,cannot_refine,takes too many clicks to reach the latest screenshot or photo,none_mentioned,days,,frustrated,you need like 6 clicks to get to your latest screenshot or photo,ui_navigation_regression,
0945227dd0e8,play_store,"I like the Google photos all the way, it's very interesting and reliable way that your pictures is highly documented.",False,Generic positive feedback about Google Photos documentation and reliability.,,not_specified,[],[],not_mentioned,,not_applicable,,none_mentioned,unknown,,positive,"I like the Google photos all the way, it's very interesting and reliable way that your pictures is highly documented.",,
a0866ba4a6c7,play_store,"Decent search feature, but I just realized a recent update deleted ALL of my Albums that I'd made over the past 5 or so years. Thanks for that.",False,"The user is reporting that all of their created albums were deleted by a recent update, not having trouble retrieving a specific photo via search.",,not_specified,[],[],not_mentioned,,not_applicable,,none_mentioned,3plus_years,,frustrated,a recent update deleted ALL of my Albums that I'd made over the past 5 or so years.,,
2414bdda6037,play_store,app is getting less good. i miss the old photo editor. now it takes minutes for one adjustment to show up (if it ever does). sometimes the app just freezes and yeets all of my changes! dropping down t,False,"The review is entirely about the photo editor being slow, freezing, and losing edits.",,not_specified,[],[],not_mentioned,,not_applicable,,none_mentioned,unknown,,frustrated,now it takes minutes for one adjustment to show up (if it ever does).,,
f19edbb0e195,play_store,The previous layout was better....now it's making problems to find the picture...some pictures are shown in large & some in small it really creates a mess....bad idea google please change to the previ,True,"The user complains that the new layout mixes large and small pictures, making it problematic to find specific pictures.",User is trying to visually scan and find a picture in the gallery layout but struggles due to mixed photo sizes.,not_specified,[],[],not_mentioned,,cannot_refine,inconsistent image sizing in layout creates a mess when trying to find a picture,none_mentioned,unknown,,frustrated,now it's making problems to find the picture...some pictures are shown in large & some in small it really creates a mess,ui_navigation_regression,
342471ff12ff,play_store,videos are not saving 8n screen record or screenshot since this update.. nothing seems to be functioning correctly including the dating websites I joined or YouTube,False,"Complaint is about screen recording and screenshot saving issues and unrelated app bugs, not photo retrieval.",,not_specified,[],[],not_mentioned,,not_applicable,,none_mentioned,unknown,,frustrated,videos are not saving 8n screen record or screenshot since this update..,,
9adb69fe20c1,play_store,"Dear GOOGLE, thank you for this app. We never truly understand how important pictures are until we lose someone we love and all we have left are memories; and this app holds as much as it possibly can",False,"General positive feedback about app storage and memories, not about a specific retrieval attempt.",,not_specified,[],[],not_mentioned,,not_applicable,,none_mentioned,unknown,,positive,We never truly understand how important pictures are until we lose someone we love and all we have left are memories,,
8c9aa586b3d2,play_store,regression from the last release. people and pets group pictures are mostly missing all were present in the last release and works fine on iPad. where is software quality assurance?,False,"Complaint about missing face groups/people and pets grouping regression, not looking for a specific photo.",,not_specified,[],[],not_mentioned,,not_applicable,,none_mentioned,unknown,,frustrated,people and pets group pictures are mostly missing all were present in the last release,,
13ead4b06799,play_store,"I don't want to backup all my photos, popups are so irritating and there is no way to deactivate it, searching for alternatives.",False,"Complaint about unwanted backup prompts and looking for alternatives, not photo retrieval.",,not_specified,[],[],not_mentioned,,not_applicable,,none_mentioned,unknown,,frustrated,"I don't want to backup all my photos, popups are so irritating and there is no way to deactivate it",,
40126f498685,play_store,so when you guys fix the editing tool on this app. when you go save a pic in tbe archive. the pic saves where ever it wants too. then you go look for send pic and it's in the wrong folder/ album. so y,False,"Complaint about editing tools saving pictures to the wrong folder and error messages, not about searching/retrieving.",,not_specified,[],[],not_mentioned,,not_applicable,,none_mentioned,unknown,,frustrated,the pic saves where ever it wants too. then you go look for send pic and it's in the wrong folder/ album.,,
d27b5af5dd9a,play_store,I can't seem to understand how to use this app. though photos are safe when backed up but why do we have to redownload a photo already saved,False,"Complaint about app usability and having to redownload backed up photos, not searching for a specific photo.",,not_specified,[],[],not_mentioned,,not_applicable,,none_mentioned,unknown,,frustrated,I can't seem to understand how to use this app. though photos are safe when backed up but why do we have to redownload a photo already saved,,
f243f680b22e,play_store,"With the new update the date of the photos seem wrong, photos from one evening are now dated as being months apart which makes finding pictures incredibly frustrating",True,User mentions that incorrect photo dates from an update make finding pictures incredibly frustrating.,Finding pictures from an evening whose dates were incorrectly changed by an update.,event_celebration,['approx_time'],['exact_date'],not_mentioned,,wrong_metadata,incorrect photo dates make finding pictures difficult,none_mentioned,unknown,not_specified,frustrated,photos from one evening are now dated as being months apart which makes finding pictures incredibly frustrating,data_missing_sync,
c82a4e459c5c,play_store,"Your last update sucks. I have to open another app to find what I'm looking for. Previously, I had everything categorized and named. It worked well for years. Now everything is everywhere at random.",True,User has to open another app to find what they are looking for because categorization was lost in an update.,Finding previously categorized and named photos that are now randomized.,not_specified,['context_event'],['place_location'],not_mentioned,,gave_up,"categorization lost, forcing user to use another app",check_other_app,unknown,not_specified,frustrated,"I have to open another app to find what I'm looking for. Previously, I had everything categorized and named.",ui_navigation_regression,
6d48dbf89a70,play_store,"Oh my lurd! What happened to the photo layout arrangement? I can't see the new and old photos separately anymore, or even by month and days. Why are they all grouped together now! It was better before",False,"Complaint about the general UI layout and arrangement of photos by month/days, not searching for a specific item.",,not_specified,[],[],not_mentioned,,not_applicable,,none_mentioned,unknown,,frustrated,What happened to the photo layout arrangement? I can't see the new and old photos separately anymore,,
650c707a887b,play_store,"My Google photos updated last night and did an auto back up and now all my new photos are not showing up, I did find them and it's saving them to a hidden folder in my phone but it's now letting me vi",False,"Issue is about new photos not showing up due to auto backup and hidden folder saving, not retrieval/search.",,not_specified,[],[],not_mentioned,,not_applicable,,none_mentioned,unknown,,frustrated,"now all my new photos are not showing up, I did find them and it's saving them to a hidden folder",,
0d7e8ffa8ad1,play_store,"please offer photos section only ,,as u offer vedios tab only i want folder based saving system ... where in other device i want to refer them within folders and not through date based referring ,its ",True,User explicitly asks to improve the search facility and complains about hard folder/date-based referring when trying to locate scatterd videos.,Locating scattered videos across devices using folder-based organization instead of date-based referring.,video,['none_stated'],['approx_time'],not_mentioned,,cannot_express,date-based referral makes finding scattered videos very hard,none_mentioned,unknown,not_specified,frustrated,its very hhard please allow audio into google photos ..it will be so much fun now that many vedios are scattered please improve search facility,ui_navigation_regression,
572acf7d712b,play_store,"idk why their album logic is so clumsy since day 1. let's say you take a pic and want to immediately file it in an album, it's super buggy. like it says it's added then you go check and it's not there",False,"Complaint about bugginess when adding photos to albums offline, not about finding a photo.",,not_specified,[],[],not_mentioned,,not_applicable,,none_mentioned,unknown,traveller,frustrated,"let's say you take a pic and want to immediately file it in an album, it's super buggy.",,
45808e0ad68a,play_store,"Google Photos continues to iterate in a frustrating direction. First it was the constant changes that add MORE steps to organize or find content. As of June 2026, this update - really a constant push ",True,User complains about constant changes that add more steps to find content.,Finding and organizing content with gallery display updates adding extra steps.,not_specified,['none_stated'],['none_stated'],not_mentioned,,cannot_express,UI changes add more steps to find content,none_mentioned,unknown,not_specified,frustrated,First it was the constant changes that add MORE steps to organize or find content.,ui_navigation_regression,
c1234c938ed0,play_store,my pictures of nature and family are appreciated by myself and my family. Google photos makes me videos and collections I can share. very creative and lots of fun. I've enjoyed documenting family chan,False,Positive feedback about family and nature photos being made into videos and collections.,,not_specified,[],[],not_mentioned,,not_applicable,,none_mentioned,unknown,parent,positive,my pictures of nature and family are appreciated by myself and my family. Google photos makes me videos and collections I can share.,,
290b863f026b,play_store,"NEW downgrade UPDATE: they found ways to make it even worse, now is forcing big random thumbnails in the grid, not possible to change the behavior. Well, Samsung Gallery it is. Kuddos to Google devs p",False,"Complaint about grid thumbnails forcing a switch to Samsung Gallery, no mention of retrieval issues.",,not_specified,[],[],not_mentioned,,not_applicable,,check_other_app,unknown,not_specified,frustrated,"now is forcing big random thumbnails in the grid, not possible to change the behavior. Well, Samsung Gallery it is.",,
c77dff19803e,play_store,The app gives you the ability to fully back up your android Google service device . and with the ability to access your info from anywhere by simply remembering your Logins (google ) Awesome app. High,False,"The user is talking about cloud backup, logins, and requests the return of the Explore tab, but is not trying to find a specific photo.",,not_specified,[],[],not_mentioned,,not_applicable,,none_mentioned,unknown,,positive,Please bring back the Explore option I beg you,,
6fdf2a3e16b3,play_store,The search has ruined 20 years of careful intentional activity. the most basic things cannot be found now. searches that would have narrowed down and put a result out. now take five or six clarificati,True,The user is complaining that search has been ruined and basic things cannot be found without taking multiple clarifications.,Trying to find basic photos from a 20-year library but the search requires too many clarifications.,other,['none_stated'],['none_stated'],not_mentioned,,too_many_results,search takes five or six clarifications due to noise generated by app,none_mentioned,3plus_years,long-term user,frustrated,the most basic things cannot be found now. searches that would have narrowed down and put a result out. now take five or six clarifications,vague_memory_retrieval,remembers specific items; search requires excessive clarifications due to noise
42fd733e5d20,play_store,hi pirends I'm here to say that Google photos is one of the easiest way to keep ur images in ur wish like album sharing etc anything and the most important part of Google photos is unlimited storage w,False,"The user praises the app for unlimited storage and easy management, not relevant to retrieval failure.",,not_specified,[],[],not_mentioned,,not_applicable,,none_mentioned,unknown,,positive,Google photos is one of the easiest way to keep ur images in ur wish like album sharing etc anything,,
93b68007e3ac,play_store,"Can't load some photos, will be available once the issue is resolved Popup error any time I crop a photo or screenshot and then try to text it, or email it.",False,"The user reports a popup error when trying to crop and text or email a photo or screenshot, not a retrieval issue.",,not_specified,[],[],not_mentioned,,not_applicable,,none_mentioned,unknown,,frustrated,"Can't load some photos, will be available once the issue is resolved Popup error any time I crop a photo or screenshot",,
7781765abffe,play_store,Great app slowly and torturously being ruined by a greedy Google desperate to remain relevant after ruining its search engine. The last four months of adding even more AI updates to this app have cont,False,"General complaint about monetization, UI updates, and AI integration, not about searching for a specific photo.",,not_specified,[],[],not_mentioned,,not_applicable,,none_mentioned,unknown,,frustrated,Great app slowly and torturously being ruined by a greedy Google desperate to remain relevant,,
6e8c23a657c6,play_store,"It is officially time to stop using this worthless app, now that Google has decided to take away the ability to even search your own photos without using AI. I am not allowing you to train your AI alg",True,"The user complains about not being able to search their own photos without using AI, leading them to stop using the app.",Trying to search personal photos but refusing to use AI features required by the app.,not_specified,['none_stated'],['none_stated'],not_mentioned,,cannot_express,"refuses to use AI search, making search unavailable to them",gave_up,unknown,,frustrated,take away the ability to even search your own photos without using AI,feature_request,
92a39fe365e8,play_store,"screenshots buried, why? it's the thing most of us use the most, and it's buried like they don't want you to find it? Google just shoots their own foot so consistently that i will be getting a iPhone ",False,"Complaint about screenshots being buried in the UI, but not about trying to find a specific remembered photo.",,not_specified,[],[],not_mentioned,,not_applicable,,none_mentioned,unknown,,frustrated,"screenshots buried, why? it's the thing most of us use the most, and it's buried like they don't want you to find it?",,
cc7d14b985c5,play_store,Your last update refuse to show all my old pictures and videos after the updating. Please kindly do the adjustment to maintain the best position of your goggle photos app.,False,"Complaint about old pictures and videos not showing up after an update (display/sync bug), not a specific search retrieval task.",,not_specified,[],[],not_mentioned,,not_applicable,,none_mentioned,unknown,,frustrated,Your last update refuse to show all my old pictures and videos after the updating.,,
50c807cb52e2,play_store,"I use this app for as long as I can remember and it gets worse every year. Both design/UX and implementation are horrendous. It's buggy, non functional and annoying to use. I can't believe it is made ",False,"General complaint about app design, UX, bugs, and performance.",,not_specified,[],[],not_mentioned,,not_applicable,,none_mentioned,unknown,,frustrated,"Both design/UX and implementation are horrendous. It's buggy, non functional and annoying to use.",,
67fb2858ffe5,play_store,very frustrated with this app. it does not recognize subdirectories/albums. Showed all photos under dicm/camera directory tree. looking for better one.,False,"Complaint about folder/subdirectory structure recognition, not specific photo retrieval.",,not_specified,[],[],not_mentioned,,not_applicable,,none_mentioned,unknown,,frustrated,it does not recognize subdirectories/albums. Showed all photos under dicm/camera directory tree.,,
7d8989499fea,play_store,struggles to work unless you have 100gb+ Internet. what's the point in offering cloud storage if the hosting servers are not efficient. struggles to move large videos to albums and frequently fails.,False,"Complaint about internet bandwidth requirements and video upload failures, not photo retrieval.",,not_specified,[],[],not_mentioned,,not_applicable,,none_mentioned,unknown,,frustrated,struggles to work unless you have 100gb+ Internet. what's the point in offering cloud storage if the hosting servers are not efficient.,,
1d6cb82d66ac,play_store,"This is a great photo app, the only thing I am concerned about is that when I try to change my feature photo, it doesn't allow me to pick a photo I am looking for.",True,"The user is trying to find and pick a specific photo for their feature photo, but the app does not allow them to find it.","Trying to find a specific photo to change the featured photo, but unable to locate/pick it.",not_specified,['none_stated'],['none_stated'],not_mentioned,,app_misunderstands,unable to select or pick the desired photo for feature photo,none_mentioned,unknown,,frustrated,"when I try to change my feature photo, it doesn't allow me to pick a photo I am looking for.",ui_navigation_regression,
0eb7a748d493,play_store,"Creepy face identification now required to search photos! The photo search feature worked fine before, but now it will not let you search photos unless you help the AI identify your face and all your ",False,"Complaint about face identification requirements for search and privacy concerns, rather than failing to retrieve a specific photo due to poor search mechanics.",,not_specified,[],[],not_mentioned,,not_applicable,,none_mentioned,unknown,,frustrated,Creepy face identification now required to search photos!,,
5ef31601ad35,play_store,"Finding it difficult to use my Google photos app. it keeps stopping, once I open the app the next thing photos keeps stopping.",False,"App crashing/stopping issue, unrelated to photo retrieval.",,not_specified,[],[],not_mentioned,,not_applicable,,none_mentioned,unknown,,frustrated,"it keeps stopping, once I open the app the next thing photos keeps stopping.",,
98e846da7f2b,play_store,"I am satisfied with the clean design change. However, I have to reconfigure the settings to view dates individually, and it is difficult to find the button to select all dates. I am using dark mode, b",False,"UI/settings navigation difficulty regarding date views, not about searching for a specific photo.",,not_specified,[],[],not_mentioned,,not_applicable,,none_mentioned,unknown,,neutral,"I have to reconfigure the settings to view dates individually, and it is difficult to find the button to select all dates.",,
22ea86948a85,play_store,I love how I can search for certain people or activities and find photos I want to see. I also love the memories I get to relive special moments.,False,"Generic praise about search functionality working well, not a specific retrieval failure or search problem.",,not_specified,[],[],not_mentioned,,not_applicable,,none_mentioned,unknown,,positive,I love how I can search for certain people or activities and find photos I want to see.,,
b4ca195cdca1,play_store,We are introducing a new storage management tool to help you easily manage the photos that count toward your storage quota. This tool will surface photos or videos you might want to delete — like blur,False,"Announcement/complaint about storage management tools and deleting photos, not a user trying to find a photo.",,not_specified,[],[],not_mentioned,,not_applicable,,none_mentioned,unknown,,neutral,We are introducing a new storage management tool to help you easily manage the photos that count toward your storage quota.,,
522ca8e64761,play_store,AI has ruined the app. the search function is now useless. it thinks it knows what I want and throws in any old junk. the old search was flawless. Even after multiple prompts it seems to actually get ,True,User is trying to find photos via search but complains the AI search function returns junk and is now useless.,User is trying to search for specific photos using prompts but the search returns irrelevant results.,not_specified,['none_stated'],['none_stated'],natural_language_sentence,,app_misunderstands,search returns any old junk and fails to find desired photos,none_mentioned,unknown,,frustrated,the search function is now useless. it thinks it knows what I want and throws in any old junk.,vague_memory_retrieval,remembers desired photo context; search returns irrelevant junk instead
d1742234ba5f,play_store,"So many updates, and yet you still cannot alphabetize your faces. No rhyme or reason to the way they show up. Makes it tough to find pictures of specific people.",True,"User complains about being unable to alphabetize faces, making it hard to find pictures of specific people.",User is trying to find pictures of specific people among the face groups.,person_face,['people_present'],['none_stated'],person_name,,cannot_refine,faces are not alphabetized making specific people hard to find,none_mentioned,unknown,,frustrated,Makes it tough to find pictures of specific people.,feature_request,
f7087523cea2,play_store,"suggestion: allow the user to simple ""select all"" the photos of a collection/album. I would like to delete all of my archived files, for example, but I can't do this without having to select all days ",False,"Complaint about batch deletion of archived files, not about retrieving a remembered photo.",,not_specified,[],[],not_mentioned,,not_applicable,,none_mentioned,unknown,,frustrated,suggestion: allow the user to simple 'select all' the photos of a collection/album.,,
755f8ab7a5e1,play_store,"Wow, Google's pathetic desperation for people to use ""AI"" has made this app nearly unusable over the last 6 months. Never thought I'd be actively looking for an alternative to G Photos.",False,"General complaint about app usability and AI features, not a specific retrieval issue.",,not_specified,[],[],not_mentioned,,not_applicable,,none_mentioned,unknown,,frustrated,"Wow, Google's pathetic desperation for people to use 'AI' has made this app nearly unusable over the last 6 months.",,
8b6adaa67324,play_store,"I have tried several times to explicitly say only backup Camera folder pics, but this app keeps backing up everything including downloads, screenshots etc. Not sure if Google does this intentionally s",False,"Complaint about automatic folder backup and storage quota, not photo retrieval.",,not_specified,[],[],not_mentioned,,not_applicable,,none_mentioned,unknown,,frustrated,"I have tried several times to explicitly say only backup Camera folder pics, but this app keeps backing up everything",,
fac39d8edab9,play_store,"This description of change made on July 22, 2026 says easy to search photos. HOWEVER, it doesn't say how to find my multiple photo albums.",True,User cannot figure out how to find multiple photo albums.,User is trying to locate their multiple photo albums.,other,['none_stated'],['none_stated'],not_mentioned,,cannot_express,ui does not indicate how to find photo albums,none_mentioned,unknown,,frustrated,"HOWEVER, it doesn't say how to find my multiple photo albums.",ui_navigation_regression,
cd4c751bc485,play_store,I could not find some of I pictures and my videos which I am sure I uploaded and backed up at the account and it happens after I changed the device.,True,User cannot find pictures and videos they are sure were uploaded and backed up after changing their device.,User is trying to locate uploaded photos and videos after switching devices but cannot find them.,not_specified,['source_channel'],['none_stated'],not_mentioned,,content_not_indexed,backed up photos missing after changing device,none_mentioned,unknown,,frustrated,I could not find some of I pictures and my videos which I am sure I uploaded and backed up at the account and it happens after I changed the device.,data_missing_sync,
8b9a362edc6f,play_store,WHY DID YOU HAVE TO DESTROY IT. Completely changing the layout ruined a great app. I've used this ever since it came out and now I'm going to have to find a new photo album,False,"Complaint about layout changes and general app redesign, not about finding a specific photo.",,not_specified,[],[],not_mentioned,,not_applicable,,none_mentioned,unknown,,frustrated,Completely changing the layout ruined a great app.,,
1693cf1f229f,play_store,"Photo organization should mean that I can create labels, folders and file names. Sometimes I want to save a document and I have no way to label it in photos.",False,"Feature request for labeling and organizing documents, not retrieving an existing lost photo.",,document_receipt_id,[],[],not_mentioned,,not_applicable,,none_mentioned,unknown,professional,frustrated,"Photo organization should mean that I can create labels, folders and file names.",,
a4f5c9b9a13b,play_store,"Google photos is a great app, I am really happy using it but now it is missing a search bar option which makes it difficult for me to search for photos.",True,User states the app is missing a search bar option which makes it difficult to search for photos.,User wants to search for photos but cannot find the search bar.,not_specified,['none_stated'],['none_stated'],not_mentioned,,cannot_express,missing search bar option makes searching impossible,none_mentioned,unknown,,frustrated,it is missing a search bar option which makes it difficult for me to search for photos.,ui_navigation_regression,
ef80ec2285f0,play_store,I used to like this app and found it very useful. Since latest update it is a mess and look like a child's ugly scrapbook. It's no longer useful or enjoyable to use. I will no longer be using it.,False,"General complaint about the UI update looking like a scrapbook, not a photo retrieval issue.",,not_specified,[],[],not_mentioned,,not_applicable,,none_mentioned,unknown,,frustrated,Since latest update it is a mess and look like a child's ugly scrapbook.,,
e82bfcc2d08b,play_store,"App keeps crashing every time I try to delete a old photo that I no longer want. Too bad we can't add screenshots with reviews, come on Google you need to fix this issue.",False,"App crashes when trying to delete an old photo, not a retrieval issue.",,not_specified,[],[],not_mentioned,,not_applicable,,none_mentioned,unknown,,frustrated,App keeps crashing every time I try to delete a old photo that I no longer want.,,
4191ced21ae1,play_store,Duplicates are a long running problem with an easy automated fix. Finding these and removing them should be added to the tooling.,False,"Feature request for duplicate detection and removal, not a retrieval problem.",,not_specified,[],[],not_mentioned,,not_applicable,,none_mentioned,unknown,,neutral,Duplicates are a long running problem with an easy automated fix.,,
6054c002f776,play_store,"When I take a screenshot on mine mobile, it gets backed up and appears on the Chrome web interface, but it doesn't show up in the Google Photos app. Why is that?",False,"The user is complaining about a backup and sync issue where screenshots do not show up in the mobile app, not trying to search for a specific photo.",,not_specified,[],[],not_mentioned,,not_applicable,,none_mentioned,unknown,,frustrated,"it gets backed up and appears on the Chrome web interface, but it doesn't show up in the Google Photos app.",,
9b648cb3dc5a,play_store,the stabilizer edit was the best before but it's worst now and the layout is not easy to use !to find older photos in storage,False,The user is complaining about the stabilizer edit feature and general app layout issues regarding older photos.,,not_specified,[],[],not_mentioned,,not_applicable,,none_mentioned,unknown,,frustrated,the stabilizer edit was the best before but it's worst now and the layout is not easy to use !to find older photos in storage,,
6f90ebac7644,play_store,uses ai to analyze every selfie amd face in every single photo. i was never alerted or consented or given a chance to opt out now ai can use my face. also now i cant add my own photos into albums i ca,False,The review is a privacy complaint about facial recognition AI and album creation limits.,,not_specified,[],[],not_mentioned,,not_applicable,,none_mentioned,unknown,,frustrated,uses ai to analyze every selfie amd face in every single photo.,,
592a0dfb705d,play_store,"My searches are not working. I know there's multiple screenshots with the words ""silver-blue eyes"" in it and nothing is showing up",True,"The user is trying to find specific screenshots containing particular text using the search feature, but search fails to return them.",User is trying to find multiple screenshots containing specific text ('silver-blue eyes') using search.,screenshot,['text_content'],"['approx_time', 'exact_date', 'place_location']",single_keyword,silver-blue eyes,content_not_indexed,search for text in screenshots failed to return matching results,none_mentioned,unknown,heavy-screenshot user,frustrated,"I know there's multiple screenshots with the words ""silver-blue eyes"" in it and nothing is showing up",vague_memory_retrieval,remembers words silver-blue eyes in screenshot; OCR search returns nothing
853695207e3b,play_store,"Works great, I just need to figure out how to get my pictures from my tablet I have 2 put on my laptop into different albums, I have a brand new laptop and this will be my choice to start with. I real",False,"The user is asking how to organize pictures from a tablet into albums on a laptop, not searching for a lost photo.",,not_specified,[],[],not_mentioned,,not_applicable,,none_mentioned,unknown,,positive,I just need to figure out how to get my pictures from my tablet I have 2 put on my laptop into different albums,,
91f27629814d,play_store,with the new update I can no longer download more than one photo at a time from Google photos. this has me looking for alternatives as I cannot find a fix.,False,The user is complaining about a downloading limitation where they cannot download multiple photos at once.,,not_specified,[],[],not_mentioned,,not_applicable,,none_mentioned,unknown,,frustrated,I can no longer download more than one photo at a time from Google photos.,,
dc46ef024fd1,play_store,Absolutely hate the new design/layout! With Gemini being added to the photos app search has gotten worse. update: They really need to stop making changes. it just keeps getting worse.,False,"The user complains about a design change and general search degradation with Gemini, without searching for a specific photo.",,not_specified,[],[],not_mentioned,,not_applicable,,none_mentioned,unknown,,frustrated,With Gemini being added to the photos app search has gotten worse.,,
8be7a500ec18,play_store,I enjoy the memories that this app provides based on my photos. I look forward to seeing what the app puts together daily.,False,"The user is expressing appreciation for daily memories features, not searching for a specific photo.",,not_specified,[],[],not_mentioned,,not_applicable,,none_mentioned,unknown,,positive,I enjoy the memories that this app provides based on my photos.,,
c609c21da4ac,play_store,"perfect app but, i had a request to add auto crop option for images in which we can auto crop images like documents, cards in perfect clear shape. it has been added. thank you",False,The review is positive feedback requesting and thanking for an auto-crop feature for documents.,,not_specified,[],[],not_mentioned,,not_applicable,,none_mentioned,unknown,,positive,"i had a request to add auto crop option for images in which we can auto crop images like documents, cards in perfect clear shape. it has been added.",,
e31193e9e8a8,play_store,"Google Photos is a useful app for storing, organizing, and managing photos and videos. The backup and search features make it easier to keep memories safe",False,"Generic praise for the storage, backup, and search features of Google Photos.",,not_specified,[],[],not_mentioned,,not_applicable,,none_mentioned,unknown,,positive,"Google Photos is a useful app for storing, organizing, and managing photos and videos.",,
8331a8c7de5b,play_store,"Overall experience is next level, but in the latest updates I didn't find the magic ai tool by which I would be able to regenerate or remove specific parts of the photo.",False,"The user is complaining about the absence of a magic AI editing/removal tool, not photo retrieval.",,not_specified,[],[],not_mentioned,,not_applicable,,none_mentioned,unknown,,neutral,in the latest updates I didn't find the magic ai tool by which I would be able to regenerate or remove specific parts of the photo.,,
6c8df385f4ed,play_store,"Google Photos is the undisputed king of cloud photo management for organization, smart search, and effortless cross-platform sharing. However, it operates as an entry point into Google's paid storage ",False,"General commentary on cloud photo management, pricing, and storage paywalls.",,not_specified,[],[],not_mentioned,,not_applicable,,none_mentioned,unknown,,neutral,"Google Photos is the undisputed king of cloud photo management for organization, smart search, and effortless cross-platform sharing.",,
e9c334af0965,play_store,"This latest update is terrible. Why clutter a photo app with a search bar when the old layout worked fine? Also, removing the option to turn off auto-playing videos makes scrolling through photos a ch",False,"The user is complaining about app layout clutter, search bar placement, and auto-playing videos.",,not_specified,[],[],not_mentioned,,not_applicable,,none_mentioned,unknown,,frustrated,Why clutter a photo app with a search bar when the old layout worked fine?,,
8d44124620a5,play_store,why do you insist on lumping all my videos and photos together? let me set my default view to albums and stop adding my movies to the PHOTO app what are you smoking?,False,The user is complaining about videos and photos being lumped together and wanting a default album view.,,not_specified,[],[],not_mentioned,,not_applicable,,none_mentioned,unknown,,frustrated,why do you insist on lumping all my videos and photos together?,,
eb02267d7765,play_store,"and organize your photos. Google Photos is the home for all your photos and videos. Easily store, edit, organize, and search your memories with the help of Google AI.",False,Marketing-style promotional text describing the features of Google Photos.,,not_specified,[],[],not_mentioned,,not_applicable,,none_mentioned,unknown,,positive,Google Photos is the home for all your photos and videos.,,
7b2f52aa57b4,play_store,"The search option in Google Photos has disappeared. When it was available, it was very easy to find documents. Now it's becoming very difficult to search for them. It would be great if the search opti",True,The user complains that the search option disappeared making it difficult to search for documents.,The user is trying to find saved documents in their library using search.,document_receipt_id,['none_stated'],['none_stated'],not_mentioned,,cannot_express,search option disappeared from the app interface,none_mentioned,unknown,document user,frustrated,The search option in Google Photos has disappeared.,ui_navigation_regression,
2583fbcb19bf,play_store,"Got a new phone and now backed up photos aren't showing up, albums are missing virtually everything fix your app.",False,"Complaint is about missing backed up photos on a new device, not retrieval of a specific known photo via search.",,not_specified,[],[],not_mentioned,,not_applicable,,none_mentioned,unknown,,frustrated,Got a new phone and now backed up photos aren't showing up,,
5858442cc47d,play_store,if you're going to force me to sort my photos automatically into albums allow me to adjust the albums and edit them instead of forcing your stupid AI features,False,"Complaint is about automatic album sorting and AI features, not photo retrieval.",,not_specified,[],[],not_mentioned,,not_applicable,,none_mentioned,unknown,,frustrated,if you're going to force me to sort my photos automatically into albums allow me to adjust the albums,,
9be4aed0f647,play_store,love that It backs up automatically and the search was fantastic. something with the new search in the past week or two has rendered it useless. can't find anything.:/,True,The user states that a recent update to search rendered it useless and they cannot find anything.,The user is trying to find various photos using search but the feature fails to locate anything.,not_specified,['none_stated'],['none_stated'],not_mentioned,,app_misunderstands,new search update yields zero results for any queries,none_mentioned,unknown,,frustrated,something with the new search in the past week or two has rendered it useless. can't find anything.:/,vague_memory_retrieval,remembers specific photo exists; new search update finds nothing
6bdbdc5277e6,play_store,I want AI to stay out of my photos and stop grouping them in collections. I want AI to stay off of my phone completely all together. I am not a fan? I will not allow any automatic updates anymore. if ,False,Complaint is about AI grouping photos into collections against the user's preference.,,not_specified,[],[],not_mentioned,,not_applicable,,none_mentioned,unknown,,frustrated,I want AI to stay out of my photos and stop grouping them in collections.,,
396e0707f3bc,play_store,hello the new version of the app is absolutely rubbish I'm on pixel 10 pro the there is no systematic visual of albums as per the month more ove the daily memories which I used to get I'm not getting ,False,Complaint is about UI layout changes regarding albums and daily memories.,,not_specified,[],[],not_mentioned,,not_applicable,,none_mentioned,unknown,,frustrated,the new version of the app is absolutely rubbish I'm on pixel 10 pro the there is no systematic visual of albums,,
215ccd93a450,play_store,"I like the whole timeline idea and a few of the other features. I would really like to see a folder option to group up similar albums. Instead of having one family album with 500+ photos, being able t",False,"Feedback is a feature request for nested album organization, not a photo retrieval issue.",,not_specified,[],[],not_mentioned,,not_applicable,,none_mentioned,unknown,,neutral,I would really like to see a folder option to group up similar albums.,,
d4fd26367136,play_store,"⭐⭐⭐⭐⭐ A simple and useful gallery app for organizing and viewing photos and videos. I love how easy it is to browse through my memories, create albums, and manage my media. The interface is clean, smo",False,Generic positive review praising the app interface and memory browsing.,,not_specified,[],[],not_mentioned,,not_applicable,,none_mentioned,unknown,,positive,A simple and useful gallery app for organizing and viewing photos and videos.,,
6afede255fcd,play_store,"You can no longer search your photos without turning on Backup. Time for a new App, goodbye Photos. Update: Google Dark Patterns and Prevent Uninstallation. Actually Photos pretends you can uninstall ",False,Complaint is about backup requirements for search and cloud upload privacy concerns.,,not_specified,[],[],not_mentioned,,not_applicable,,none_mentioned,unknown,,frustrated,You can no longer search your photos without turning on Backup.,,
fccf52f52dd7,play_store,"2026 Edit: The search feature has turned to trash. Stop making your apps worse. Google Photos, Google Maps—both were way better, now I'm leaving for competitors.…………………………………….….……… 2023 Edit: Latest ",True,The user states the search feature has turned to trash and mentions leaving for competitors.,The user is trying to find photos using the search feature which has degraded in quality.,not_specified,['none_stated'],['none_stated'],not_mentioned,,app_misunderstands,search feature quality degraded over time,none_mentioned,unknown,,frustrated,The search feature has turned to trash.,vague_memory_retrieval,remembers specific photo; search feature returns trash results
94c40acaf6b0,play_store,"worst photo app in existence. want to see all your photos? sorry, we put them all in separate and inconvenient albums. utter garbage",False,Complaint about photos being placed in separate albums.,,not_specified,[],[],not_mentioned,,not_applicable,,none_mentioned,unknown,,frustrated,"want to see all your photos? sorry, we put them all in separate and inconvenient albums",,
ce0704b4cbce,play_store,I like the app my only question is once I create a folder/album can I delete the pictures out of the app?,False,Question about deleting pictures from the app after adding them to an album.,,not_specified,[],[],not_mentioned,,not_applicable,,none_mentioned,unknown,,neutral,once I create a folder/album can I delete the pictures out of the app?,,
5bf9299e50ca,play_store,the other update was better... I think this new update sucks. I'm having to scroll instead of quick search,True,The user complains about having to scroll manually instead of using quick search.,The user is trying to locate photos but has to manually scroll because quick search is missing or changed.,not_specified,['none_stated'],['none_stated'],not_mentioned,,cannot_express,quick search feature replaced by manual scrolling,scroll_by_date,unknown,,frustrated,I'm having to scroll instead of quick search,ui_navigation_regression,
5f1b49e98d4a,play_store,The interface is so nice and clean! Old photos are easy to find and the albums are very organized,False,Positive feedback stating old photos are easy to find.,,not_specified,[],[],not_mentioned,,not_applicable,,none_mentioned,unknown,,positive,Old photos are easy to find and the albums are very organized,,
293cb80b0331,play_store,Pixel 4XL User. Storage is a mess. Drive indicated GBs used but cannot see specific items. Thumbnails also do not load. Making pictures a grey box and for no reason at the top of the album. This only ,False,"Feedback discusses storage usage issues, grey box thumbnails, and auto-sync behavior.",,not_specified,[],[],not_mentioned,,not_applicable,,none_mentioned,unknown,,frustrated,Thumbnails also do not load. Making pictures a grey box and for no reason at the top of the album.,,
926867a8a676,play_store,doesn't open. get an error message you enable all permissions still wouldn't open for me to access the photos/screenshots..,False,"The user is complaining about an app crash and permission error on startup, not trying to find a specific photo.",,not_specified,[],[],not_mentioned,,not_applicable,,none_mentioned,unknown,,frustrated,doesn't open. get an error message you enable all permissions still wouldn't open for me to access the photos/screenshots..,,
ebe88dcfafe8,play_store,I hope they can improve themselves by adding hide/show option for some albums (I'm not talking about private) for easy classifying and viewing (like some other apps),False,"The user is requesting a feature to hide/show albums, not trying to find a specific photo.",,not_specified,[],[],not_mentioned,,not_applicable,,none_mentioned,unknown,,neutral,I hope they can improve themselves by adding hide/show option for some albums,,
10f1694df76b,play_store,"Hey Google, how about you just let us display our photo album with all the pictures the same shape in the grid. I don't need some square, some rectangular, etc. When will you stop messing with the lay",False,"The user is complaining about the grid layout UI, not searching for a photo.",,not_specified,[],[],not_mentioned,,not_applicable,,none_mentioned,unknown,,frustrated,"Hey Google, how about you just let us display our photo album with all the pictures the same shape in the grid.",,
91d32861dcda,play_store,"Update: Its been a year. The portrait blur was fixed for a while but now its a guessing game again. Please address this, so I dont have to look for a replacement. Since the update, Portrait Blur does ",False,"The user is complaining about portrait blur and HDR features, not retrieval.",,not_specified,[],[],not_mentioned,,not_applicable,,none_mentioned,unknown,,frustrated,"Since the update, Portrait Blur does not work correctly,HDR is missing, UI has too much backlash to set precisely.",,
d0458cedc993,play_store,"i had no issues with this app until recently, this week to be precise, my entire WhatsApp images and WhatsApp videos files have disappeared. I searched the entire app there is no site of WhatsApp imag",False,"The user is reporting missing WhatsApp files due to a disappearance/backup issue, not standard search failure.",,whatsapp_social_download,[],[],not_mentioned,,not_applicable,,none_mentioned,unknown,,frustrated,my entire WhatsApp images and WhatsApp videos files have disappeared.,,
84198930127a,play_store,now the only problems I found with this app whenever I wants to checking photos it obstruct me and brings label of update,False,"The user is complaining about update prompts obstructing viewing, not search retrieval.",,not_specified,[],[],not_mentioned,,not_applicable,,none_mentioned,unknown,,frustrated,whenever I wants to checking photos it obstruct me and brings label of update,,
6a40f10ee6b0,play_store,"Another Google app that's becoming more and more infuriatingly unusable by the day. I love the Gemini app itself and I pay an additional fee for it, but when integrated into other Google Apps such as ",True,The user explicitly complains that search functions are terrible and they cannot find photos they are looking for.,"User is trying to find photos they need using the search function, but cannot locate them.",not_specified,[],[],not_mentioned,,app_misunderstands,search functions now terrible and cannot find any photos,none_mentioned,unknown,multi-device user (iPad and Pixel phone),frustrated,in particular search functions now terrible I can't find any photos of looking for,vague_memory_retrieval,remembers specific photos; search functions fail to find them
4b3f1b9396f5,play_store,"It's an alright photos app. The albums are meh, and it honestly has too many features that are mostly pointless. Let me disable stuff like memories to just see my photos. I don't care about the extra ",False,The user is complaining about app features like memories and wants a simple album view.,,not_specified,[],[],not_mentioned,,not_applicable,,none_mentioned,unknown,,frustrated,Let me disable stuff like memories to just see my photos.,,
81be19cf4d03,play_store,"Best app ever! 5 years now, and all my pictures, videos, and documents are still very safe.",False,General positive feedback about app safety and storage.,,not_specified,[],[],not_mentioned,,not_applicable,,none_mentioned,unknown,,positive,"Best app ever! 5 years now, and all my pictures, videos, and documents are still very safe.",,
c375a2118f89,play_store,"When uploading photos into an album, there is no status update. Really need a status to let you know how the upload is progressing - trying to upload 400+ photos and I have no idea whether it is takin",False,The user is complaining about a lack of status update during photo uploads.,,not_specified,[],[],not_mentioned,,not_applicable,,none_mentioned,unknown,,neutral,"When uploading photos into an album, there is no status update.",,
1f2074c25de0,play_store,nice but I advice u guys to send an updated version with move photos to album,False,Feature request to move photos to albums easily.,,not_specified,[],[],not_mentioned,,not_applicable,,none_mentioned,unknown,,neutral,nice but I advice u guys to send an updated version with move photos to album,,
ea40a377c3e8,play_store,"Google Photos helps me find my photos of everything I've taken a picture of like my favorite main characters, wonderful places and more. 👍❤️💛💙",True,The user describes how the app helps them find photos of places and characters they took pictures of.,User finds photos of favorite main characters and wonderful places they have taken.,place_venue_travel,"['visual_detail', 'context_event']",['none_stated'],category_word,,succeeded,none,none_mentioned,unknown,,positive,"Google Photos helps me find my photos of everything I've taken a picture of like my favorite main characters, wonderful places and more.",general_praise_or_success,
5c0f42390c60,play_store,MY PHOTOS ARE MISSING!!!! My old photos that were backed up and I could see earlier are missing now. I was deleting some of the old photos and realised a huge chunk of my old photos are missing. I don,False,"The user is complaining about missing backed-up photos after deletion, which is a storage/backup/deletion issue rather than a search retrieval problem.",,not_specified,[],[],not_mentioned,,not_applicable,,none_mentioned,months,,frustrated,MY PHOTOS ARE MISSING!!!! My old photos that were backed up and I could see earlier are missing now.,,
547d3e0e1403,play_store,even after backed up photos there are no chance to found same face person after search the name of person🥴😑,True,"The user is trying to find a person by searching their name after backup, but cannot find them.",User is searching for a specific person by name in backed up photos but cannot find them.,person_face,['people_present'],['none_stated'],person_name,,app_misunderstands,search by name of person returns no results,none_mentioned,unknown,,frustrated,even after backed up photos there are no chance to found same face person after search the name of person,vague_memory_retrieval,remembers person's face/name; search returns no results
de3b4fd89857,play_store,Search function doesn't work without back up. I want to use the functions of my phone not some cloud service.,True,"The user states that the search function does not work without backup, preventing them from finding photos.",User wants to use search function without cloud backup to find local photos.,not_specified,[],[],not_mentioned,,cannot_express,search function doesn't work without backup,none_mentioned,unknown,local storage user,frustrated,Search function doesn't work without back up. I want to use the functions of my phone not some cloud service.,ui_navigation_regression,
27a2a9c4778d,play_store,"wht cant you sort the the album like type of file, date, name wise. Appreciate if it is possible",False,"The user is complaining about album sorting options, not trying to find a specific photo.",,not_specified,[],[],not_mentioned,,not_applicable,,none_mentioned,unknown,,neutral,"wht cant you sort the the album like type of file, date, name wise.",,
837db8c6ac0e,play_store,"Great ways to play with you new and old pictures. It seemingly has dozens of different ways to edit, animate and recreate to make any of your old & new pics fancy and fun!",False,Generic praise for photo editing and animation features.,,not_specified,[],[],not_mentioned,,not_applicable,,none_mentioned,unknown,,positive,Great ways to play with you new and old pictures.,,
77c9f1f43514,play_store,photos disappear after editing them. there's no way to attach them to any message or chat unless you take a new screenshot or save it as a new copy. looks like this has been an issue for a long time a,False,Complaint about photos disappearing after editing and issues attaching them to messages.,,not_specified,[],[],not_mentioned,,not_applicable,,none_mentioned,unknown,,frustrated,photos disappear after editing them.,,
c71b62d94760,play_store,"Please bring back the face tracking/auto-zoom feature in Google Photos! On my Pixel 6, I could select a subject’s face in a video, and Google Photos would automatically zoom in and follow the face thr",False,Complaint about a missing video editing feature (face tracking/auto-zoom).,,not_specified,[],[],not_mentioned,,not_applicable,,none_mentioned,unknown,Pixel user,frustrated,Please bring back the face tracking/auto-zoom feature in Google Photos!,,
1aae247d3e7c,play_store,"Hate the update, no longer able to search without using Gemini, which I also hate. Have disabled Gemini, because I couldn't search anything, without it popping up several times, even though I had alre",True,The user complains they are no longer able to search their photos without Gemini popping up.,User wants to search their photo library but cannot do so without interacting with Gemini.,not_specified,[],[],not_mentioned,,cannot_express,Gemini forced popup blocks search functionality entirely.,gave_up,unknown,,frustrated,"Hate the update, no longer able to search without using Gemini",ui_navigation_regression,
42c531229f43,play_store,"Whenever I open the Videos section in Google Photos, the thumbnails are automatically zoomed in. This happens every time, forcing me to manually zoom out before I can comfortably browse my videos. It’",False,UI complaint about video section thumbnails being automatically zoomed in.,,not_specified,[],[],not_mentioned,,not_applicable,,none_mentioned,unknown,,frustrated,"Whenever I open the Videos section in Google Photos, the thumbnails are automatically zoomed in.",,
848421d3bca1,play_store,The only reason I was using Photos is because of the image search. Now if I don't continue with Gemini I don't get to have a decade old feature? The search results are worse than how it was on my OG P,True,The user complains that image search quality has degraded and is tied to Gemini.,User wants to find photos using search but finds the search results worse than older versions.,not_specified,[],[],not_mentioned,,app_misunderstands,Search results are worse and require Gemini integration.,none_mentioned,3plus_years,,frustrated,The search results are worse than how it was on my OG Pixel!,vague_memory_retrieval,remembers specific old photos; search now fails or requires Gemini
8712bc94fa0a,play_store,"Something annoying happened in the recent version! I usually edit pictures and send them to friends. Now, after I edit them, although I see them in the gallery, when I try to choose from FB or Whatsap",True,The user cannot find edited photos when trying to select them from other apps like Facebook or WhatsApp.,User is trying to find recently edited photos to send them via third-party apps.,other,['approx_time'],[],not_mentioned,,content_not_indexed,Edited photos do not appear when trying to choose them from other apps.,check_other_app,days,,frustrated,"Now, after I edit them, although I see them in the gallery, when I try to choose from FB or Whatsapp - I can't find the edited ones at all!",data_missing_sync,
8352c737724c,play_store,the app is great but i just wanted to suggest to add a feature where you can see the loading progress of the images and videos getting uploaded because i'm having a hard time finding what is already u,False,Feature request to see upload progress and distinguish uploaded vs unuploaded media.,,not_specified,[],[],not_mentioned,,not_applicable,,none_mentioned,unknown,,neutral,i just wanted to suggest to add a feature where you can see the loading progress of the images and videos getting uploaded,,
193664e28e7c,play_store,Overall good app. For dev team: please add side-by-side comparison of photos to find which one has better quality.,False,Feature request for side-by-side comparison of photos.,,not_specified,[],[],not_mentioned,,not_applicable,,none_mentioned,unknown,,positive,please add side-by-side comparison of photos to find which one has better quality.,,
31678516f388,play_store,Some of my pictures are not showing up they are just a white screen and when I try to remove a picture from my album it's still there.please let edit my picture by moving it up and down.,False,Complaint about pictures showing up as white screens and album editing issues.,,not_specified,[],[],not_mentioned,,not_applicable,,none_mentioned,unknown,,frustrated,Some of my pictures are not showing up they are just a white screen,,
1d54b43c8d36,play_store,how can i transfer my old picture from Google photos to my gallery so that i don't need to logout just to login on my Google photos,False,Question about transferring old pictures from Google Photos to device gallery.,,not_specified,[],[],not_mentioned,,not_applicable,,none_mentioned,unknown,,neutral,how can i transfer my old picture from Google photos to my gallery,,
07ab7cf44b98,play_store,where did my pictures go ❓⚠️❓ I need them now back on my phone I didn't take them off ⚠️,False,User is asking where their pictures went (missing photos/sync/storage issue).,,not_specified,[],[],not_mentioned,,not_applicable,,none_mentioned,unknown,,frustrated,where did my pictures go ❓⚠️❓ I need them now back on my phone,,
87185326ecfa,play_store,I have used Google Photo to store a screenshot of every one of my 142k Tweets ! Proof of the pudding is IN the READING. !,False,"Stating fact about storing screenshots of tweets, not searching or retrieving them.",,screenshot,[],[],not_mentioned,,not_applicable,,none_mentioned,unknown,,neutral,I have used Google Photo to store a screenshot of every one of my 142k Tweets !,,
d3bcce27801c,play_store,"terrible, totally user unfriendly and useless. l can't find what l need, it keeps pictures l don't want anymore, can't even disable it's permissions.",True,The user explicitly states they cannot find what they need in the app.,User is trying to find needed photos/items in the app but fails completely.,not_specified,[],[],not_mentioned,,cannot_express,App is user unfriendly and user cannot find needed items.,gave_up,unknown,,frustrated,"l can't find what l need, it keeps pictures l don't want anymore",ui_navigation_regression,
300d9b65b3ae,play_store,I've deleted a bunch of old videos and pictures and empty the trash just for the storage percentage to remain exactly the same. like cmon what's the point? you're just trying to get me to pay even mor,False,"The user is complaining about storage space and deleting photos, not trying to find a specific photo.",,not_specified,[],[],not_mentioned,,not_applicable,,none_mentioned,unknown,,frustrated,I've deleted a bunch of old videos and pictures and empty the trash just for the storage percentage to remain exactly the same.,,
eeb260c22158,play_store,"I can no longer search my photos for people, colors, objects or words (etc). trying to ask Gemini doesn't work and just sends me back to the search page which always yeilds no results.",True,"The user cannot search their photos for people, colors, objects, or words.","User is trying to search for photos using various attributes like people, colors, objects, or words but gets no results.",other,['none_stated'],['none_stated'],not_mentioned,,app_misunderstands,"search yields no results for people, colors, objects, or words",none_mentioned,unknown,,frustrated,"I can no longer search my photos for people, colors, objects or words (etc).",vague_memory_retrieval,"remembers people, colors, objects, words; search yields no results"
5a603993c280,play_store,"I used to be able to search for memes and find them. Now when I search for the same things I have been, I am being told ""nothing found"". I don't always have time to put the pictures in their folders. ",True,The user is unable to find memes and other photos after switching phones.,User is trying to find memes and previously organized photos that got mixed up after switching phones.,screenshot,['visual_detail'],['approx_time'],category_word,memes,app_misunderstands,search for memes returns nothing found,third_party_tool,unknown,,frustrated,"I used to be able to search for memes and find them. Now when I search for the same things I have been, I am being told ""nothing found"".",vague_memory_retrieval,remembers specific memes; search says nothing found
3f8a86ec7e12,play_store,"the widget doesn't let you pick albums or favorites. only people+pets and memories. but just because I took a picture of my fridge so I could use it at the grocery store, or notes so I could keep them",False,"The complaint is about the widget showing unwanted photos from memories, not a photo retrieval failure.",,not_specified,[],[],not_mentioned,,not_applicable,,none_mentioned,unknown,,frustrated,the widget doesn't let you pick albums or favorites. only people+pets and memories.,,
239d71e20198,play_store,"Absolutely love this app! It's been many years now since I've had Google photos and love it more than ever. My favorite are the memories that pop up all the time taking me back to different years, dif",False,The user is expressing positive feedback about memories and purchasing storage.,,not_specified,[],[],not_mentioned,,not_applicable,,none_mentioned,unknown,,positive,Absolutely love this app! It's been many years now since I've had Google photos and love it more than ever.,,
adc62e946a51,play_store,My go-to when it comes to photo storage and the search engine has gotten so much better. Sorting albums is definitely better but would still benefit from more methods of sorting them. When you have hu,True,The user discusses using the search engine and AI to find specific photos.,User uses AI to find specific photos within a large library of albums.,not_specified,['none_stated'],['none_stated'],not_mentioned,,succeeded,ai search is remarkable for finding specific photos,none_mentioned,unknown,,positive,the Ai is definitely a remarkable tool for finding specific photos!,general_praise_or_success,
d1db6b6cff10,play_store,"Up and down, finally a bit more stable. Some things are great, but base functionality of a photo gallery can be buggy. A lot of new features, but at its core, I just want a place for my photos be live",False,"General feedback about app stability and features, not a specific photo retrieval issue.",,not_specified,[],[],not_mentioned,,not_applicable,,none_mentioned,unknown,,neutral,"At its core, I just want a place for my photos be live, be accessible, searchable, and stable.",,
c42a75ed692b,play_store,You changed the photo editing format and buried all the useful tools deep inside and I can't tell you how annoying I find it . I used to be able to edit photos in seconds flat and now it takes me 5 ti,False,"Complaint is about the photo editing format and tools being buried, not photo retrieval.",,not_specified,[],[],not_mentioned,,not_applicable,,none_mentioned,unknown,,frustrated,You changed the photo editing format and buried all the useful tools deep inside and I can't tell you how annoying I find it .,,
025e7a1c6aaa,play_store,Next time I'll get a phone under another name. I hate this app. Constantly trying to trick you into using their backup so they can charge you more. Search function sucks. They put Screenshots in rando,False,"The user complains about backup behavior, deceptive storage upsells, and automatic deletion from the device, mentioning search casually as one of many complaints.",,screenshot,[],[],not_mentioned,,not_applicable,,none_mentioned,unknown,,frustrated,"Search function sucks. They put Screenshots in random places, sometimes *even* in a Screenshots collection, sometimes not.",,
3bfa12482840,play_store,I used to really like this app but things have gotten so confusing that it's nearly impossible to find pictures. I don't understand why sometimes pictures from the cloud show up and sometimes they don,True,The user states it is nearly impossible to find pictures and saved pictures end up seemingly nowhere.,User is trying to locate recently saved pictures and screenshots that do not appear in the main feed.,screenshot,['approx_time'],['place_location'],not_mentioned,,cannot_express,saved pictures appear nowhere and are impossible to find,none_mentioned,days,heavy-screenshot user,frustrated,I used to really like this app but things have gotten so confusing that it's nearly impossible to find pictures.,vague_memory_retrieval,remembers saved pictures and screenshots; items are nowhere to be found
c10a6aa504a4,play_store,"I use Google Photos to store my photos and videos. The interface is very user-friendly, and search works great. Uploading is automatic across devices. Free storage is 15 GB. My only gripe is the name ",False,Positive feedback stating search works great and the app is convenient.,,not_specified,[],[],not_mentioned,,not_applicable,,none_mentioned,unknown,,positive,"The interface is very user-friendly, and search works great.",,
5b74350df3ed,play_store,"Why do images display on a white background? Makes them harder to see. The app really struggles with images, zooming and panning and gestures. It's impossible to find the gallery of photos I'm tagged ",True,The user is trying to find a gallery of photos sent by a friend that they are tagged in.,User is trying to find a shared gallery of photos they are tagged in without having a direct URL.,other,"['source_channel', 'people_present']",['place_location'],not_mentioned,,content_not_indexed,shared gallery not visible in the app without URL,check_other_app,unknown,,frustrated,It's impossible to find the gallery of photos I'm tagged in that my friend sent without the URL.,ui_navigation_regression,
9a5ef0bac809,play_store,update: it's been months and no fix has happened. Completely unacceptable for a paid service from a tech giant. Fix this or make storage free! Shared albums won't sync! Now when others I've shared alb,False,"Complaint is about shared albums failing to sync between users, not finding a personal photo.",,not_specified,[],[],not_mentioned,,not_applicable,,none_mentioned,unknown,,frustrated,"Shared albums won't sync! Now when others I've shared albums with try to upload photos, I can't see them on my end",,
60090d8062fd,play_store,"Worst gallery I have used and seen. You don't want your photos online? No problem, you can't make your own album or edit. You are forced to upload. I know there is an alternate Gallery, but you can't ",False,Complaint is about forced online uploading and lack of local gallery independence.,,not_specified,[],[],not_mentioned,,not_applicable,,none_mentioned,unknown,,frustrated,"You don't want your photos online? No problem, you can't make your own album or edit. You are forced to upload.",,
71f22d0685ac,play_store,Just like all the other apps that started out great then they want to charge you. Can't get rid of duplicates easy. one time the app took a close up of every single face on every single photo I had ev,False,"Complaint is about pricing, difficulty deleting duplicates, and unwanted close-up face crops being saved automatically.",,person_face,[],[],not_mentioned,,not_applicable,,none_mentioned,unknown,,frustrated,one time the app took a close up of every single face on every single photo I had ever stored and saved them as new photos.,,
c85670419f1d,play_store,"I like this app, but I can't change file names and I have been experiencing glitches with typed descriptions as a whole. Update 6/6/26- Some of my pictures haven't been showing up in my library, even ",False,"The user complains about file names, description glitches, and pictures not showing up due to backup issues.",,not_specified,[],[],not_mentioned,,not_applicable,,none_mentioned,unknown,,frustrated,"Some of my pictures haven't been showing up in my library, even though they are backed up",,
5f49116818f4,play_store,"🤬 Omg, STOP adding new features and STOP reorganizing the photo editing buttons! Previous versions were easier and now more difficult to find what I'm looking for. Also, where are the crop features th",False,"The user is complaining about editing features, UI changes, and photo coordinates, not trying to find a lost photo.",,not_specified,[],[],not_mentioned,,not_applicable,,none_mentioned,unknown,,frustrated,STOP adding new features and STOP reorganizing the photo editing buttons!,,
f9656023893d,play_store,"The crop tool glitches if you use the auto crop and then try to adjust it. You can't crop from one side at a time, only from a corner. When you hold your finger to see the original, it shows you the p",False,The review focuses on crop tool glitches and photo editing functionality.,,not_specified,[],[],not_mentioned,,not_applicable,,none_mentioned,unknown,,frustrated,The crop tool glitches if you use the auto crop and then try to adjust it.,,
c9c139b4ec7c,play_store,"It wasn't a great experience to share. All my photos were gone! Nowhere to be found! Used Google Takeout only finding around 16 and continued to go on and on, using zip files I guess. Files not suppor",False,"The user is complaining about lost photos due to archiving and backup issues, not searching for a known photo.",,not_specified,[],[],not_mentioned,,not_applicable,,none_mentioned,unknown,,frustrated,All my photos were gone! Nowhere to be found!,,
968511219620,play_store,Very cool but honestly feels built for simple things than what I thought would be basic. I want to select what album it loops through on the widgets—or to select a singular photo without looping. This,False,"The user is giving feedback about widget album looping, theme building, and text editing snapping.",,not_specified,[],[],not_mentioned,,not_applicable,,none_mentioned,unknown,,neutral,I want to select what album it loops through on the widgets—or to select a singular photo without looping.,,
5cfb7ffec1f1,play_store,"I'm starting to get some serious notification fatigue. It's like every 2 hours now I get some kind of notification prompting me to open the app. ""Check out this photo memory! Hey, here's pictures of y",False,The user is complaining about notification fatigue from memories and suggestions.,,not_specified,[],[],not_mentioned,,not_applicable,,none_mentioned,unknown,,frustrated,I'm starting to get some serious notification fatigue.,,
a7295b949491,play_store,More AI enshittification to an otherwise decent photo app. Slow. Unresponsive. Features I couldn't care less about. I literally care about two things: backup and adding photos to multiple albums. Back,False,"The user is complaining about AI features, app speed, and adding photos to multiple albums.",,not_specified,[],[],not_mentioned,,not_applicable,,none_mentioned,unknown,,frustrated,Adding photos to multiple albums at once? A mess.,,
4ce0ffd0f315,play_store,Thanks for making it possible to find collections again when searching photos. It's now visible in the oval. Unfortunately the edit functions on photographs are much harder to find. I am sure I am not,False,The user is discussing UI design changes regarding search collections and edit functions.,,not_specified,[],[],not_mentioned,,not_applicable,,none_mentioned,unknown,,neutral,Thanks for making it possible to find collections again when searching photos.,,
e61ad884803d,play_store,"Google lost many of my photos. At first I thought it was just all new albums, which are lists of photos, no big deal. Upon exiting China, my Pixel phone's Photos app sync was unblocked and it proceede",False,"The user is reporting that photo sync deleted photos, which is a backup/sync issue.",,not_specified,[],[],not_mentioned,,not_applicable,,none_mentioned,unknown,,frustrated,Google lost many of my photos.,,
0be15a452ba1,play_store,If you have Android it is basically your only choice for a photo picture storage app. It is good with lots of features and you can categorize all your photos. The bad. The GPS location for the photo c,False,The user is complaining about incorrect GPS location metadata on photos.,,not_specified,[],[],not_mentioned,,not_applicable,,none_mentioned,unknown,,neutral,The GPS location for the photo can be very wrong.,,
82e66129b57d,play_store,"I've enjoyed using this app for all my photos for the past couple years, however a few issues I've been having is that some photos in albums won't load or be in order. Also photospheres are not workin",False,"The user mentions photos in albums failing to load or maintain order, and photospheres not working.",,not_specified,[],[],not_mentioned,,not_applicable,,none_mentioned,unknown,,neutral,some photos in albums won't load or be in order.,,
3fe194f33ba8,play_store,"Up until the recent update, I'd give it a 4-5. I really hate the new ""improved"" look. I already know what my albums cover picture is, I don't need to see it when I open my album. Also, the blurred tas",False,The user is complaining about the app's visual interface and UI layout.,,not_specified,[],[],not_mentioned,,not_applicable,,none_mentioned,unknown,,frustrated,"I really hate the new ""improved"" look.",,
fb2ebeba5e42,play_store,"I hate the new July 2025 update! senseless & useless! the 2021 version was the BEST ever. Hard for me to navigate*, though I've come across photos from 20 years ago I never realized that I'd saved to ",False,The user is expressing frustration with a UI update and navigation.,,not_specified,[],[],not_mentioned,,not_applicable,,none_mentioned,unknown,,frustrated,I hate the new July 2025 update! senseless & useless!,,
34ce05cd1b91,play_store,terrible photos app. takes photos organized in albums and puts them into random collections and is missing 5 years of items which can be found with a search but dont show up anywhere and you cant seem,True,The user is trying to find items that are missing from their albums and only appear when explicitly searched.,"User is trying to locate items missing from albums that only show up via search among 19,000 photos.",other,['none_stated'],['none_stated'],not_mentioned,,content_not_indexed,items missing from albums but found in search,none_mentioned,3plus_years,heavy gallery user,frustrated,takes photos organized in albums and puts them into random collections and is missing 5 years of items which can be found with a search,ui_navigation_regression,
fecca361e0ad,reddit_post,"I have an album of all my photography work over the years, and it has about 400 photos in it. but when i click on the album to view it, i can only see the first 20 or so photos? how do i actually see ",False,The user is trying to view all photos in an existing album rather than searching/retrieving a specific forgotten photo.,,not_specified,[],[],not_mentioned,,not_applicable,,none_mentioned,unknown,,frustrated,"when i click on the album to view it, i can only see the first 20 or so photos?",,
ee4892b2b1a5,reddit_comment,"If you use the photos.google.com site instead of the app do you see any additional photos there?

If you don't then the photos were probably removed from the album at some point.",False,"Discusses viewing an album via website rather than app, not a search or retrieval problem.",,not_specified,[],[],not_mentioned,,not_applicable,,none_mentioned,unknown,,neutral,If you use the photos.google.com site instead of the app do you see any additional photos there?,,
33323a993870,reddit_post,"I’ve been trying to simplify my digital life lately, fewer apps, fewer notifications, less noise in general. One thing I didn’t expect to matter this much was my photo library.

Our phones and compute",False,"Discusses cleaning up a photo library and managing digital memories using third-party software, not searching for a specific photo.",,not_specified,[],[],not_mentioned,,not_applicable,,none_mentioned,unknown,heavy-screenshot user,neutral,"I realized I had a lot of images I didn’t really want to carry with me: old stuff, things from periods I’ve moved past",,
93a0f45df387,reddit_post,"hi! moving 300K photos between two of my own Google accounts via shared albums (share from 5TB account, save to library on a Pixel 1). Location shows fine while browsing the shared album on my phone, ",False,"Discusses metadata (EXIF GPS) loss during shared album transfers, not finding or retrieving a forgotten photo.",,not_specified,[],[],not_mentioned,,not_applicable,,none_mentioned,unknown,,neutral,"Location shows fine while browsing the shared album on my phone, but once saved, same photos have zero location in the main library.",,
8fa648cea3c4,reddit_comment,"To 'Free Up Space' on your phone you have to delete things.  

The reason you can't see them in the other gallery is that all gallery apps show the same photos from your phone, so when you delete a co",False,"Discusses freeing up storage space and photo deletion mechanics, not search/retrieval.",,not_specified,[],[],not_mentioned,,not_applicable,,none_mentioned,unknown,,neutral,To 'Free Up Space' on your phone you have to delete things.,,
62fca25b1373,reddit_comment,"Google Photos has no concept of folders and doesn't care about your hand-crafted file locations. 

Google Photos uses albums, a virtual concept similar to labels in Gmail. It's superior because you ca",False,"Discusses how Google Photos handles folders versus albums, not photo search.",,not_specified,[],[],not_mentioned,,not_applicable,,none_mentioned,unknown,,neutral,Google Photos has no concept of folders and doesn't care about your hand-crafted file locations.,,
0d4e49ee24ff,reddit_comment,"Actually, I found it in the settings, but for me it was ""Size of displayed items"" rather than display size. After turning it down and restarting Google Photos, it started showing 5 columns. Thanks!",False,"Discusses changing grid display settings in the app, not searching for photos.",,not_specified,[],[],not_mentioned,,not_applicable,,none_mentioned,unknown,,positive,"Actually, I found it in the settings, but for me it was 'Size of displayed items' rather than display size.",,
32a67299aceb,reddit_comment,"I get what you mean. I went through scanning a huge amount of old photos myself, and my family thought I was crazy for doing it. That  brought back a lot of memories.",False,"General reminiscing about scanning old photos, not searching for a photo.",,not_specified,[],[],not_mentioned,,not_applicable,,none_mentioned,unknown,,neutral,"I went through scanning a huge amount of old photos myself, and my family thought I was crazy for doing it.",,
0baa6fb19aec,reddit_comment,"In the album go to the Options menu and check if ""Share photo location"" is toggled on.  I think it's off by default to prevent you from accidentally doxxing yourself.",False,"Discusses shared album location settings, not retrieval search.",,not_specified,[],[],not_mentioned,,not_applicable,,none_mentioned,unknown,,neutral,In the album go to the Options menu and check if 'Share photo location' is toggled on.,,
b8898e87e24f,reddit_comment,"Thanks. Yeah, already checked that one,  it's on, and that's exactly why I can see location while browsing the album. The break happens specifically at the ""save to library"" step, not before it. Once ",False,"Discusses metadata preservation when saving shared photos, not finding a photo.",,not_specified,[],[],not_mentioned,,not_applicable,,none_mentioned,unknown,,neutral,"Once the photo becomes its own item in my main library, location's just gone...",,
982cfbc91745,reddit_comment,Not sure then.  I just tried it myself and the location saved properly on the copy.,False,"Discusses shared album saving behavior, not search.",,not_specified,[],[],not_mentioned,,not_applicable,,none_mentioned,unknown,,neutral,I just tried it myself and the location saved properly on the copy.,,
16137af8f524,reddit_comment,"Thanks for trying. that's actually really weird, could this be some kind of mass-save/rate issue? I pushed through 200K photos in about 4-5 days straight.",False,"Discusses batch saving speed and rate issues in shared albums, not photo search.",,not_specified,[],[],not_mentioned,,not_applicable,,none_mentioned,unknown,,neutral,I pushed through 200K photos in about 4-5 days straight.,,
30a9981aa1b1,reddit_comment,I wouldn't think so because all it has to do is copy the files.  By removing EXIF data it has to edit each file.  It really sounds like a permission issue.,False,"Discusses file copying and metadata editing, not photo search.",,not_specified,[],[],not_mentioned,,not_applicable,,none_mentioned,unknown,,neutral,By removing EXIF data it has to edit each file.,,
86e842efb1c5,reddit_comment,Have you downloaded and inspected some of the save to library copies to confirm whether or not the metadata is being removed?,False,"Suggests inspecting downloaded files to check metadata, not searching for a photo.",,not_specified,[],[],not_mentioned,,not_applicable,,none_mentioned,unknown,,neutral,Have you downloaded and inspected some of the save to library copies to confirm whether or not the metadata is being removed?,,
f1fa785c144c,reddit_comment,Press continue. Or install an older version of photos from APKmirror. Or find a third party photo app.,False,"Complains about UI prompts for Gemini, not a photo retrieval issue.",,not_specified,[],[],not_mentioned,,not_applicable,,none_mentioned,unknown,,neutral,Press continue. Or install an older version of photos from APKmirror.,,
f92891762c98,reddit_comment,Or print all the photos and create a physical album.,False,"Sarcastic comment about printing photos due to UI complaints, not retrieval.",,not_specified,[],[],not_mentioned,,not_applicable,,none_mentioned,unknown,,neutral,Or print all the photos and create a physical album.,,
83e298aeba48,reddit_post,"Disclosure: I develop Takeout Rescue, a paid desktop utility for Google Photos Takeout archives. I am posting this because a lot of Takeout advice starts with the misleading claim that Google removes ",False,"Discusses Google Takeout data formats and EXIF metadata, not finding an existing photo in the app.",,not_specified,[],[],not_mentioned,,not_applicable,,none_mentioned,unknown,,neutral,A photo or video can have several different dates:,,
f37e7687fe2e,reddit_comment,I think part of the confusion is that dates or locations edited in Google Photos are not necessarily written back into the original file. They may be exported separately in the supplemental JSON. Comb,False,"Discusses metadata and JSON sidecars in Google Takeout exports, not photo retrieval.",,not_specified,[],[],not_mentioned,,not_applicable,,none_mentioned,unknown,,neutral,I think part of the confusion is that dates or locations edited in Google Photos are not necessarily written back into the original file.,,
4c998a5878b3,reddit_comment,"Unless you've got a phone backup that you can restore them from, I can think of no way of recovering 
Google photos doesn't store photos in our folders. Photos are organised by albums and tags. 
I gat",False,"Discusses lost folders and local gallery organization, not searching for a specific photo.",,not_specified,[],[],not_mentioned,,not_applicable,,none_mentioned,unknown,,neutral,"Unless you've got a phone backup that you can restore them from, I can think of no way of recovering",,
f15221535854,reddit_post,"I turn on back up but it back everything up except for that one album I wanted to fucking back up, 

I tried deleting the photos that got accidentally backed up but the photos got deleted in both my p",False,"About backing up specific phone albums, not finding a photo.",,not_specified,[],[],not_mentioned,,not_applicable,,none_mentioned,unknown,,frustrated,"I turn on back up but it back everything up except for that one album I wanted to fucking back up,",,
5f8cc76bc911,reddit_comment,"If you haven't emptied the trash bin yet you can restore everything from there.  

If you have emptied the trash bin you need to go to this site and submit a request to recover the backup copies from ",False,"About restoring backed up items from the trash bin, not searching for a photo.",,not_specified,[],[],not_mentioned,,not_applicable,,none_mentioned,unknown,,neutral,If you haven't emptied the trash bin yet you can restore everything from there.,,
1e9d15334fad,reddit_comment,"There’s no automatic way to backup only one folder (I will refer to device albums as folders as ‘albums’ mean cloud in Photos).

The workaround is go to Collections > On this device and then into that",False,"About creating albums to backup folders, not photo retrieval.",,not_specified,[],[],not_mentioned,,not_applicable,,none_mentioned,unknown,,neutral,There’s no automatic way to backup only one folder,,
24f239feaed9,reddit_post,"Google help page specifically says this function is an option, but I'm no longer seeing the option to include the whole stack when sharing.  I have stacks with 30-40 photos that I want to share but it",False,"About sharing photo stacks, not finding a photo.",,not_specified,[],[],not_mentioned,,not_applicable,,none_mentioned,unknown,,frustrated,"Google help page specifically says this function is an option, but I'm no longer seeing the option to include the whole stack when sharing.",,
d9501fe1fe9d,reddit_post,"Moved a photo to Google Photos Locked Folder but it's not showing there - it's still in my Gallery, where did it go?

I moved a photo to the Google Photos Locked Folder, but it's not appearing in the ",False,"About locating a photo moved to Locked Folder, not searching for a photo in the main library.",,not_specified,[],[],not_mentioned,,not_applicable,,none_mentioned,unknown,,frustrated,"Moved a photo to Google Photos Locked Folder but it's not showing there - it's still in my Gallery, where did it go?",,
96671e57cc25,reddit_comment,"If you did this recently I think google photos is playing up at the moment. My share function is missing, and when I went to send the photos directly in WhatsApp I got an error ""can't load some photos",False,"Discusses app errors and missing share function, not photo retrieval.",,not_specified,[],[],not_mentioned,,not_applicable,,none_mentioned,unknown,,frustrated,"My share function is missing, and when I went to send the photos directly in WhatsApp I got an error 'can't load some photos'",,
d79bb828eb19,reddit_comment,"So this is almost always caused by a corrupt/unsupported file, 
cloud storage running out, or background sync getting choked by cache or battery settings.

So you have to gradually go though to find t",False,"Discusses backup issues and storage limits, not photo retrieval.",,not_specified,[],[],not_mentioned,,not_applicable,,none_mentioned,unknown,,neutral,"So this is almost always caused by a corrupt/unsupported file, cloud storage running out, or background sync getting choked by cache or battery settings.",,
30f7e9728436,reddit_comment,"Also 
A single oversized or corrupt video/photo will block the entire backup queue.
Check the error message to view the specific photos/videos failing.
Looks for Files over Google Photos limits (ie ph",False,"Discusses backup queue failures due to file sizes, not photo search.",,not_specified,[],[],not_mentioned,,not_applicable,,none_mentioned,unknown,,neutral,A single oversized or corrupt video/photo will block the entire backup queue.,,
c313a3f7975e,reddit_comment,"It won't show the faces in Preferences, but does it show them for you in search?

ETA: also are People & Pets toggled on in Preferences?",False,"Discusses people recognition features and preferences, not searching for a specific photo.",,not_specified,[],[],not_mentioned,,not_applicable,,none_mentioned,unknown,,neutral,"It won't show the faces in Preferences, but does it show them for you in search?",,
4bb9763bf557,reddit_comment,"Wdym the People & Pets section?  In Preferences?  Bc I'm telling you that it won't show the list of faces there, you'll only see them in Search",False,"Discusses face recognition UI and settings, not photo search.",,not_specified,[],[],not_mentioned,,not_applicable,,none_mentioned,unknown,,neutral,"Bc I'm telling you that it won't show the list of faces there, you'll only see them in Search",,
05f507329a00,reddit_comment,"I know where to find it, but I'm saying everything is turned on correctly in preferences (as that's where you need to turn it on and set it up).

In People and Pets, there are no faces.",False,"Discusses people grouping preferences and missing faces in settings, not photo retrieval.",,not_specified,[],[],not_mentioned,,not_applicable,,none_mentioned,unknown,,neutral,"In People and Pets, there are no faces.",,
cd517131ef2b,reddit_post,"I accidently deleted all the photos and videos from my Google Photos account today. I thought I had a local backup, but unfortunately, I didn't. I started to panic because I had no idea how to retriev",False,"About recovering permanently deleted photos from the trash bin, not searching for a photo.",,not_specified,[],[],not_mentioned,,not_applicable,,none_mentioned,unknown,,frustrated,I accidently deleted all the photos and videos from my Google Photos account today.,,
88e87ac8fa69,reddit_comment,"Backdrops. It's not as good as PhotosView and it's hard to get used to because it's not an app, it's built into the Roku. But it will allow you to connect to Google Photos albums and once you figure i",False,"Discusses Roku app backdrops and connecting to Google Photos albums, not searching for a specific photo.",,not_specified,[],[],not_mentioned,,not_applicable,,none_mentioned,unknown,,neutral,"It will allow you to connect to Google Photos albums and once you figure it out, it does the same basic thing.",,
b3e2d88f2416,reddit_comment,"Nope, it deletes all my pictures no matter how many I use. It could be 5 pictures and it deletes the album.",False,"Complaining about album deletion bug, not photo retrieval.",,not_specified,[],[],not_mentioned,,not_applicable,,none_mentioned,unknown,,frustrated,"Nope, it deletes all my pictures no matter how many I use.",,
9bc2445e4389,reddit_comment,"This is a useful repro, and I would file it as a Gallery indexing/sorting bug rather than only as a metadata-editing workaround.

The cleanest bug report would probably include a tiny test set:

1. Im",False,"Discusses metadata-editing and sorting bugs in Google Gallery, not user photo search.",,not_specified,[],[],not_mentioned,,not_applicable,,none_mentioned,unknown,developer,neutral,"This is a useful repro, and I would file it as a Gallery indexing/sorting bug rather than only as a metadata-editing workaround.",,
51c77b28997d,reddit_comment,Remember anything deleted stays in your recycling bin for 30 days unless you empty it,False,"Explains the recycling bin retention period, not photo retrieval.",,not_specified,[],[],not_mentioned,,not_applicable,,none_mentioned,unknown,,neutral,Remember anything deleted stays in your recycling bin for 30 days unless you empty it,,
5cf1da46e428,reddit_post,"Hii 

I need help to find a way to transfer photos with their date and time to another google account. 

I have 5 accounts to merge the photos from. Apparently partner sharing allows only 2 accounts t",False,"About transferring/merging photos between accounts, not finding a specific photo.",,not_specified,[],[],not_mentioned,,not_applicable,,none_mentioned,unknown,,neutral,I need help to find a way to transfer photos with their date and time to another google account.,,
5708e17d643e,reddit_comment,"Just create a shared album, add all the accounts, add all the photos from all the accounts, then use the 'Save' feature in the shared album to save a copy of everything to one account.",False,"Offering a solution to transfer/merge accounts via shared albums, not retrieval.",,not_specified,[],[],not_mentioned,,not_applicable,,none_mentioned,unknown,,neutral,"Just create a shared album, add all the accounts, add all the photos from all the accounts...",,
08bc087ac5dd,reddit_comment,"no need to share entire accounts. Just create albums with up to 20k photos each and share those instead. Once shared, save the album contents to the account you want to keep.

check my previous posts ",False,"Discusses account transfer methods using albums, not photo search.",,not_specified,[],[],not_mentioned,,not_applicable,,none_mentioned,unknown,,neutral,This album method has been the easiest workaround I've found.,,
98a7c1ec04fe,reddit_comment,Do album take up space ?,False,"Asking if albums take up space, not related to finding a photo.",,not_specified,[],[],not_mentioned,,not_applicable,,none_mentioned,unknown,,neutral,Do album take up space ?,,
b725f5c91633,reddit_post,"I'm going from Pixel 8 to Pixel 11. I did a wired transfer of data following all the steps. Everything transferred over just fine. All the photos I backed up to Google Photos, show up on the new phone",True,The user is trying to find the last photo they took after downloading photos via Google Takeout and having them out of order.,Trying to find the last photo taken on the previous device after downloading via Google Takeout resulted in disordered files.,not_specified,['approx_time'],"['exact_date', 'visual_detail']",not_mentioned,,cannot_refine,downloaded photos through takeout lost chronological order making recent photos hard to find,scroll_by_date,days,low tech,frustrated,I'm having a hard time finding the last photo I took when I used my Pixel 8.,data_missing_sync,
fcc79c1c41e5,reddit_comment,"it's my photos. I'm talking about my Google storage specifically and photos take up the most. I haven't made any new documents, and I delete all of my emails after reading them. There's nothing that h",False,"Discusses Google storage space and filling up limits, not photo retrieval.",,not_specified,[],[],not_mentioned,,not_applicable,,none_mentioned,unknown,,frustrated,it's my photos. I'm talking about my Google storage specifically and photos take up the most.,,
90862bfe5b72,reddit_comment,"Apps generally access your on device images only. If your photos are in google photos they won't download to the phone until you need them.
I'm on a pixel 10 xl pro, excellent device.
Migrated to it f",False,"Discusses how apps access on-device images versus Google Photos, not a specific retrieval struggle.",,not_specified,[],[],not_mentioned,,not_applicable,,none_mentioned,unknown,,neutral,Apps generally access your on device images only.,,
ae18786126e2,reddit_comment,Find the picture in Google photos and then click on download. That downloads the actual picture to your local device.,False,"Instructs how to download a picture to the local device, not a retrieval search problem.",,not_specified,[],[],not_mentioned,,not_applicable,,none_mentioned,unknown,,neutral,Find the picture in Google photos and then click on download.,,
33fd899dd373,reddit_post,"I am absolutely devastated, I had been backing up photos to Google photos and even paying for extra storage. But all of my photos pre-2024, and all of my albums of trips with friends have been deleted",False,"Complaining about photos and albums being deleted/missing entirely, not trying to search for a remembered photo.",,not_specified,[],[],not_mentioned,,not_applicable,,none_mentioned,unknown,,frustrated,"But all of my photos pre-2024, and all of my albums of trips with friends have been deleted.",,
2e6bab70cb15,reddit_comment,"It works pretty well, sometimes I'll find a wrong match that makes me laugh. But if it mismatches a group of photos as someone else I usually find it's grouped with someone who has only one or two pho",False,"Discusses face identification and grouping behavior, not photo retrieval.",,not_specified,[],[],not_mentioned,,not_applicable,,none_mentioned,unknown,,neutral,"It works pretty well, sometimes I'll find a wrong match that makes me laugh.",,
a85623af3499,reddit_comment,"If the misidentifications are more trouble than the grouping is worth, you can turn off Face Groups entirely: Google Photos Settings → Preferences → Privacy → Face Groups. That stops Google Photos fro",False,"Explains how to disable Face Groups in settings, not photo search.",,not_specified,[],[],not_mentioned,,not_applicable,,none_mentioned,unknown,,neutral,"If the misidentifications are more trouble than the grouping is worth, you can turn off Face Groups entirely...",,
b09ef53c76fe,reddit_comment,"Completely fair. If it is usually accurate, I would keep Face Groups on and use Remove results only for the bad matches rather than disable it outright. It is tedious, and it may not retrain the group",False,"Discusses managing face groups and removing bad matches, not trying to retrieve a specific lost photo.",,not_specified,['none_stated'],['none_stated'],not_mentioned,,not_applicable,,none_mentioned,unknown,,neutral,Completely fair.,,
0dacf94b34d2,reddit_comment,Weird... I didn't know GPhotos could pull from contact list. I've never observed that kind of behavior before. All my GPhotos face groupings were either created by me or (rarely) its own unnamed clust,False,"Discusses face identification and contacts integration, not photo retrieval.",,not_specified,['none_stated'],['none_stated'],not_mentioned,,not_applicable,,none_mentioned,unknown,,neutral,Weird... I didn't know GPhotos could pull from contact list.,,
04f41c9bdec2,reddit_comment,"This is ...
[The Problem](https://photos.app.goo.gl/94aT7hVy5w7T7gB68)

I've no idea if Google links Photos with Contacts. It just seemed that might not be a terrible idea. My problem is it creating a",False,"Complains about automatic album creation and face grouping, not searching for a specific photo.",,not_specified,['none_stated'],['none_stated'],not_mentioned,,not_applicable,,none_mentioned,unknown,,frustrated,My problem is it creating albums for entries in my contacts list which are entirely unrelated to them.,,
d3b83bf3be9d,reddit_comment,How can photo be gone from Google photo? Have you deleted them? Have you tryed to look in Google drive? In Google photo's trash bin?,False,"Discusses missing photos/albums and troubleshooting backup/trash, not search retrieval.",,not_specified,['none_stated'],['none_stated'],not_mentioned,,not_applicable,,none_mentioned,unknown,,neutral,How can photo be gone from Google photo?,,
f94b70b11d18,reddit_comment,As a paying customer you're able to contact Google Support via Google One app. Create a support ticket and they should give you the answer what happened.,False,"Advises contacting Google Support regarding lost photos, not search retrieval.",,not_specified,['none_stated'],['none_stated'],not_mentioned,,not_applicable,,none_mentioned,unknown,,neutral,Create a support ticket and they should give you the answer what happened.,,
7da897b5c5c0,reddit_comment,"Not sure why I am being downvoted for an objective truth? I paid for a cloud service to back up photos, and they deleted the photos instead.",False,"Complains about cloud storage deletion, not search retrieval.",,not_specified,['none_stated'],['none_stated'],not_mentioned,,not_applicable,,none_mentioned,unknown,,frustrated,"I paid for a cloud service to back up photos, and they deleted the photos instead.",,
b4202cd26e64,reddit_comment,"They are simply not a trustworthy service, even when it is paid for, that is how. 

Obviously I have not deleted ten years of my own photos. And yes, I have checked all of these places and tried conta",False,"Complains about missing/deleted photos over years, not search failure.",,not_specified,['none_stated'],['none_stated'],not_mentioned,,not_applicable,,none_mentioned,unknown,,frustrated,"They are simply not a trustworthy service, even when it is paid for, that is how.",,
80f0ed3b4306,reddit_comment,"I didn't down vote you, but my guess would be that people assume you did something wrong and blame google for it. 

I also have to be transparent, as much as I am critical about google (mostly for wha",False,"Discusses data reliability and suggests Google Takeout for missing data, not search retrieval.",,not_specified,['none_stated'],['none_stated'],not_mentioned,,not_applicable,,none_mentioned,unknown,,neutral,A last thing you could try is via google takeout and see what can be downloaded.,,
71044b59f6ee,reddit_comment,Because it's 100% clear Google didn't delete your photos. You probably messed up when you moved them between accounts and you didn't double check.,False,"Speculates about account transfers and missing photos, not search retrieval.",,not_specified,['none_stated'],['none_stated'],not_mentioned,,not_applicable,,none_mentioned,unknown,,neutral,You probably messed up when you moved them between accounts and you didn't double check.,,
9018ddccda5c,reddit_comment,"IT IS NOWHERE ! Photos, precious videos, EVERYTHING  !   From now on I keep all precious stuff in a good old fashioned Photo Album....You can't go wrong that way",False,"Expresses frustration over missing photos and switching to physical albums, not search retrieval.",,not_specified,['none_stated'],['none_stated'],not_mentioned,,not_applicable,,none_mentioned,unknown,,frustrated,"IT IS NOWHERE ! Photos, precious videos, EVERYTHING !",,
b88b6612719d,reddit_comment,"People don’t like negative attention to the thing they’ve chosen to have faith in.

I have iCloud Photos and videos that are now corrupt… I’m sure it probably would have happened on Google Photos even",False,"Discusses cloud storage reliability and corrupted files, not search retrieval.",,not_specified,['none_stated'],['none_stated'],not_mentioned,,not_applicable,,none_mentioned,unknown,,neutral,"Data storage is not perfect no matter who you are, the only thing you can do is have redundancy.",,
e5bba096f90b,reddit_comment,"This isn’t how you usually lose photos in Google photos, you lose them all at once when you lose your account. They dont also delete your photos a little bit at once. So the downvotes may be because t",False,"Discusses methods of storing and losing accounts/photos, not search retrieval.",,not_specified,['none_stated'],['none_stated'],not_mentioned,,not_applicable,,none_mentioned,unknown,,neutral,"This isn’t how you usually lose photos in Google photos, you lose them all at once when you lose your account.",,
ad686d997007,reddit_comment,">high chance you erased the photos yourself without realising it

A lot of people don't fully understand the syncing process with Google Photos and delete things unintentionally, so it wouldn't surpri",False,"Discusses unintended deletion through syncing, not search retrieval.",,not_specified,['none_stated'],['none_stated'],not_mentioned,,not_applicable,,none_mentioned,unknown,,neutral,A lot of people don't fully understand the syncing process with Google Photos and delete things unintentionally,,
fdcac649dbd4,reddit_comment,">Photos and videos that are now corrupt… I’m sure it probably would have happened on Google Photos eventually

I've found a few older photos that were corrupt on my Google Photos, and then when I go t",False,"Discusses finding corrupted older photos, not search retrieval.",,not_specified,['none_stated'],['none_stated'],not_mentioned,,not_applicable,,none_mentioned,unknown,,neutral,I've found a few older photos that were corrupt on my Google Photos...,,
bb669514b7c0,reddit_comment,I'd go as far as saying that pre 2024 are on a different Google account ^^,False,"Speculates about photos being on a different Google account, not search retrieval.",,not_specified,['none_stated'],['none_stated'],not_mentioned,,not_applicable,,none_mentioned,unknown,,neutral,I'd go as far as saying that pre 2024 are on a different Google account ^^,,
6375bb696112,reddit_comment,Amazon currently allow unlimited photo storage if you are a prime member. But remember it's just a matter of time before you have all your photos there and they need a subscription fee,False,Discusses cloud storage pricing and subscription fees.,,not_specified,[],[],not_mentioned,,not_applicable,,none_mentioned,unknown,,neutral,Amazon currently allow unlimited photo storage if you are a prime member.,,
34e31d7c6ad8,reddit_comment,True remember that being one of the big advertising points of it. They compared it to iPhones which back in 2016 were known for coming with very low storage (16 GBs!).,False,Discusses historical advertising points and phone storage sizes.,,not_specified,[],[],not_mentioned,,not_applicable,,none_mentioned,unknown,,neutral,True remember that being one of the big advertising points of it.,,
4ab49e9ab659,reddit_post,"Hi, wondering if anyone has found a way to turn off the music that now plays during memories, without just muting because that also mutes videos? It's a super annoying new ""feature"" imo.",False,Complains about unwanted music playing during memories.,,not_specified,[],[],not_mentioned,,not_applicable,,none_mentioned,unknown,,frustrated,"Hi, wondering if anyone has found a way to turn off the music that now plays during memories",,
b9cac272acb8,reddit_comment,"Over 3 years now lmao. Googled it looking for a solution and got this post. I record nature sounds and I also make music, so most of the time my video memories are one of the two things and I can't he",False,Discusses issues with background music on video memories.,,not_specified,[],[],not_mentioned,,not_applicable,,none_mentioned,unknown,,frustrated,"I record nature sounds and I also make music, so most of the time my video memories are one of the two things and I can't hear either.",,
f3f9e7e28b6d,reddit_comment,Just checking in to see if anyone had found an answer. I hate the music.,False,Complains about automated music on memories.,,not_specified,[],[],not_mentioned,,not_applicable,,none_mentioned,unknown,,frustrated,Just checking in to see if anyone had found an answer. I hate the music.,,
441eef5c6ac1,reddit_post,Seeing so many terrifying posts recently about 10-year-old accounts getting permanently locked because an automated AI falsely flagged a baby bath photo or a stupid meme as illegal content. No human r,False,Complains about automated account bans over flagging innocent photos.,,not_specified,[],[],not_mentioned,,not_applicable,,none_mentioned,unknown,,frustrated,Seeing so many terrifying posts recently about 10-year-old accounts getting permanently locked because an automated AI falsely flagged a baby bath photo,,
8f3018c0ab07,reddit_post,"I tried to create albums for our trip and selected all 2k+ photos and videos by selecting dates, and this popped up. Earlier, I could create such albums easily. Why are these restrictions there? It's ",False,Complains about album creation photo selection limits.,,not_specified,[],[],not_mentioned,,not_applicable,,none_mentioned,unknown,traveller,frustrated,"I tried to create albums for our trip and selected all 2k+ photos and videos by selecting dates, and this popped up.",,
f9aba8371d7e,reddit_comment,"The app can only add 500 at a time since long ago. Just use the PC GPhoto website, it could add thousands of photos into a album.",False,Discusses album photo limit workarounds.,,not_specified,[],[],not_mentioned,,not_applicable,,none_mentioned,unknown,,neutral,The app can only add 500 at a time since long ago.,,
0af87c24abfe,reddit_comment,"In June 2025, I created an album for our trip with 1300+ photos from the app by selecting one day at a time. At that time, I didn't face any issues. Now, I am using the website version on my phone to ",False,Discusses album creation limits while traveling.,,not_specified,[],[],not_mentioned,,not_applicable,,none_mentioned,unknown,traveller,neutral,"In June 2025, I created an album for our trip with 1300+ photos from the app by selecting one day at a time.",,
28d7f5193b26,reddit_comment,I think creating an album and adding to an album are different. I've run into this 500 photo limit a few times but don't think I've seen it when creating an album.,False,Discusses album creation limits.,,not_specified,[],[],not_mentioned,,not_applicable,,none_mentioned,unknown,,neutral,I think creating an album and adding to an album are different.,,
de967f6f97e7,reddit_comment,"Adding max of 500 photos at once to an album is a limitation for at least some time now, like others say.",False,Discusses photo limits when adding to albums.,,not_specified,[],[],not_mentioned,,not_applicable,,none_mentioned,unknown,,neutral,Adding max of 500 photos at once to an album is a limitation for at least some time now,,
2862584ff261,reddit_post,About 6 months ago i started paying  and using google photos as my main backup for convenience. and simultaneously once in a while upload an old folder/album from my IDRIVE backup that was my main bac,False,Account restriction issue regarding uploaded old backup folders containing memes.,,whatsapp_social_download,['approx_time'],[],not_mentioned,,not_applicable,,none_mentioned,3plus_years,,frustrated,Yesterday i uploaded a big old whatsapp folder from 8 years ago when i was 15.,,
f6cf49ddf19f,reddit_comment,"I hate to break it to you, but most services do this and have been doing this for a long time. Though you may upload to their servers and it's your owned/created data it's still their servers, they ar",False,Discusses server liability and account moderation.,,not_specified,[],[],not_mentioned,,not_applicable,,none_mentioned,unknown,,neutral,"Though you may upload to their servers and it's your owned/created data it's still their servers, they are still legally liable.",,
2a6f111ac0bf,reddit_post,"I've had a few issues with Google Photos over the years, these combined with a general lack of control over organisation, as well as the ever-increasing data harvesting, so I decided to takeout everyt",False,"Complains about Google Takeout issues, missing metadata, and unorganized downloads.",,not_specified,[],[],not_mentioned,,not_applicable,,none_mentioned,unknown,,frustrated,"Takeouts are unreliable, downloads failing, photos missing, and then... the metadata issue.",,
12d3271751bd,reddit_comment,"^^^^^^^^This
is how you respond when you have technical knowledge and information of use. 


I don't want to sound sarcastic at all, please don't mistake me, I'm being completely genuine, you can see ",False,"Discusses Google Takeout file dates, folder structures, and export scripts.",,not_specified,[],[],not_mentioned,,not_applicable,,none_mentioned,unknown,,neutral,"What I got from Google, was everything in year folders with loads of JSON files, some orphaned folders and albums and no correct dates immediately visible.",,
968f3dada7ea,reddit_comment,"Great, I'll give that a try. I know a few. I think Darktable is another? I did find a good FOSS one before, might be that. Thank you! 

Windows Explorer is part of the horrendous experience, especiall",False,"Discusses Windows Explorer changing file dates, not searching for a photo.",,not_specified,[],[],not_mentioned,,not_applicable,,none_mentioned,unknown,,neutral,"Windows Explorer is part of the horrendous experience, especially when it's constantly changing dates every time you even breathe near the files.",,
fe92adecd607,reddit_post,"Follow-up to the [post](https://www.reddit.com/r/googlephotos/comments/1r7840k/free_chrome_extension_to_downloads_your_google/) a couple months back  
   
[Snapback](https://metadatafixer.com/snapback",False,Release notes for a Chrome extension downloader tool.,,not_specified,[],[],not_mentioned,,not_applicable,,none_mentioned,unknown,,neutral,"Snapback — free Chrome extension that downloads your Google Photos directly from photos.google.com, no Takeout, no waiting, no 50GB ZIPs.",,
5c7d1ed3cd9b,reddit_comment,"If you're in the same situation as OP, use the ""start appeal"" button that you can see in the screenshot he posted.",False,Comment about appealing an account disablement.,,not_specified,[],[],not_mentioned,,not_applicable,,none_mentioned,unknown,,neutral,"If you're in the same situation as OP, use the ""start appeal"" button that you can see in the screenshot he posted.",,
742937a3bc6f,reddit_comment,"I found the switch and turned that off. So this will stop Google Photos from messing with my photo library?

I don’t care for Google to backup my photos as I have iCloud.

Am I safe now?",False,Discussion about disabling backup settings.,,not_specified,[],[],not_mentioned,,not_applicable,,none_mentioned,unknown,,neutral,I don’t care for Google to backup my photos as I have iCloud.,,
336ee739ee13,reddit_comment,"Same! I really liked being reminded of an event a few years past and sharing those pictures with those involved. ""Hey X, remember 5 years ago today we were at Y doing Z?!"" 

I don't think it conceited",False,General discussion about Memories feature.,,not_specified,[],[],not_mentioned,,not_applicable,,none_mentioned,unknown,,positive,I really liked being reminded of an event a few years past and sharing those pictures with those involved.,,
929e5d1d0a8d,reddit_post,"I have been a paid Google One user for a few years and completely trusted the Photos and Drive storage. Until now.

A few weeks ago I noticed about 1700 pics were in the trash folder, being wiped in 6",False,Post about missing photos and storage capacity issues.,,not_specified,[],[],not_mentioned,,not_applicable,,none_mentioned,unknown,,frustrated,Google photos lost 50GB of my pictures,,
8e99704638f1,reddit_post,"UPDATE: Google Takeout and Metadatfixer seems the best solution.



There may be difference I am not aware of but it seems to work well for me anyway.

This may have been mentioned before, I have trie",False,Alternative backup workflow instructions using web browser search.,,not_specified,[],[],date_only,2020,not_applicable,,none_mentioned,unknown,,neutral,"Open google photos on a web browser and search ""year"" e.g. 2020. This will bring up all the photos from that year.",,
e7e6514d7388,reddit_comment,"That's the most reasonable and logical explanation. I also think something must have happened. 


The phone switch is the main suspect IMO, but that only might explain 1700 pictures in the trash that ",False,Comment discussing missing photos and storage loss.,,not_specified,[],[],not_mentioned,,not_applicable,,none_mentioned,unknown,,frustrated,"But I am still unable to find an explanation for the other 50GB, spread across multiple years and albums",,
7b4b320e3781,reddit_comment,"You may not see this as it was two years ago, but did you find an alternative to google photos? I'm trying to get away from google and not sure what I should use.",False,Asking for alternatives to Google Photos.,,not_specified,[],[],not_mentioned,,not_applicable,,none_mentioned,unknown,,neutral,"You may not see this as it was two years ago, but did you find an alternative to google photos?",,
746cfcaf8c4d,reddit_comment,"Hi! Unfortunately, I haven't found an alternative... I'm still stuck. 
I'm planning to check out immich though. Good luck!",False,Stating they haven't found an alternative to Google Photos.,,not_specified,[],[],not_mentioned,,not_applicable,,none_mentioned,unknown,,neutral,"Unfortunately, I haven't found an alternative... I'm still stuck.",,
e800ac906086,reddit_comment,"Interesting, however, at that price point, Google Storage would still be better. A 5TB storage costs $250 annually, whereas yours would be 0.01x5120=$614.40 annually. Not to mention, Google has a real",False,Comparing cloud storage pricing and search features.,,not_specified,[],[],not_mentioned,,not_applicable,,none_mentioned,unknown,,neutral,"Not to mention, Google has a really good search feature.",,
06416e7a6370,reddit_comment,"Hi there, whats it called just for future reference? That price sounds reasonable, I usually don't spend money on random indie programs but I would try that out. Would there be some kind of guarantee ",False,"Discussing cloud storage pricing, privacy, and data backup safety.",,not_specified,[],[],not_mentioned,,not_applicable,,none_mentioned,unknown,,neutral,"But having a place to store all my old photos and things, just in case some disaster happens to my house has always been a concern of mine.",,
b31face8a7dd,reddit_comment,"I sorted all my two cats into their respective folders once a year or two ago, but then at some point recently Google merged them and deleted one of them. Very frustrating. I understand why it has tro",False,Complaining about face grouping merging cats incorrectly and lack of manual organization control.,,not_specified,[],[],not_mentioned,,not_applicable,,none_mentioned,unknown,,frustrated,"I sorted all my two cats into their respective folders once a year or two ago, but then at some point recently Google merged them and deleted one of them.",,
899f99747d48,reddit_comment,I used to breed dual registered purebred chihuahuas that were black and tan(Rottweiler type of coat color pattern) and Google photos can tell each one of them apart as well as when I have saved a pict,False,Discussing face recognition capabilities for pets and album organization features.,,not_specified,[],[],not_mentioned,,not_applicable,,none_mentioned,unknown,,neutral,Google photos can tell each one of them apart as well as when I have saved a picture of the same color chihuahua that it isn't one of the three I have labeled.,,
806d043f1697,reddit_comment,"Yes, I follow a 3-2-1 back-up philosophy.  If my Immich server got hacked, I would wipe it, reload, and continue with life.  It would ruin a weekend, but not much more.

As for storage, yes, I'm prett",False,Discussing self-hosted backup servers and mentioning Google Photos person search feature as a positive.,,not_specified,[],[],not_mentioned,,not_applicable,,none_mentioned,unknown,,positive,The big Google Photos feature that we use a lot is the ability to search a person by name and get their pics over time.,,
4f65c9419901,reddit_comment,"I've found Immich hard to get working and stay working reliably.  I tried first a small set of 15GB of Google photos - it struggles.  
I tried 200GB set and it just crashes with no useful error messag",False,Discusses issues with moving photo libraries to self-hosted alternatives like Immich.,,not_specified,[],[],not_mentioned,,not_applicable,,none_mentioned,unknown,,neutral,I've found Immich hard to get working and stay working reliably.,,
b82e46f56ee7,reddit_post,It seems like there's a post everyday about Google deleting people's photos and I feel so bad for the people this happens to. I'm an amateur photographer and I've been storing photos for a long time. ,False,Discusses general 3-2-1 backup strategies and data loss prevention.,,not_specified,[],[],not_mentioned,,not_applicable,,none_mentioned,unknown,amateur photographer,neutral,Everyone should consider using the 3-2-1 backup method.,,
dae143ead531,reddit_post,"I've been wanting to bring this up for a while but I found an usual use-case for magic editor and I love how well it works.

Growing up my mom kept photo books for me and my siblings and I decided to ",False,Discusses editing digitized old photo books using Magic Editor.,,event_celebration,[],[],not_mentioned,,not_applicable,,none_mentioned,unknown,,positive,I found an usual use-case for magic editor and I love how well it works.,,
541ed2d76955,reddit_comment,"In addition to OP's advice.  

You need to think laterally.  When you lose GP, you lose all of your gmail, favorites, stored passwords, location history,   If you use gmail, you will lose access to ap",False,Comment about account loss consequences extending beyond photos.,,not_specified,[],[],not_mentioned,,not_applicable,,none_mentioned,unknown,,neutral,"When you lose GP, you lose all of your gmail, favorites, stored passwords, location history",,
173f47950da1,reddit_comment,"I think you have a fundamental misunderstanding of how modern TOTP 2FA works. TOTP codes are not tied to specific devices or apps, they are defined complete by the seed code that is usually shown as a",False,Discusses technical details of TOTP 2FA apps and seed codes.,,not_specified,[],[],not_mentioned,,not_applicable,,none_mentioned,unknown,,neutral,I think you have a fundamental misunderstanding of how modern TOTP 2FA works.,,
4c1379f5b79d,reddit_comment,"Thanks for the information. So you are saying, the codes are identical (for a given instant in time), no matter what app I use to generate them, and the financial institution has no direct way of know",False,Discusses authenticator apps and 2FA credentials.,,not_specified,[],[],not_mentioned,,not_applicable,,none_mentioned,unknown,,neutral,"Thanks for the information. So you are saying, the codes are identical",,
d20907835d7e,reddit_comment,"If the 2FA is using TOTP (which stands for ""Time-Based One-Time Password"" and which virtually any modern 2FA-system uses), then yes, each client with the same seed code will produce the exact same 2FA",False,Discusses TOTP 2FA configuration and export mechanisms.,,not_specified,[],[],not_mentioned,,not_applicable,,none_mentioned,unknown,,neutral,"If the 2FA is using TOTP... then yes, each client with the same seed code will produce the exact same 2FA code",,
fc2de001c17e,reddit_comment,"If they are only deleting photos, especially if they are providing reports on which ones, that would ease concerns entirely for most. Loss of the photos isn't generally a big deal.

I'm seeing reports",False,"Discusses policy enforcement, CSAM false positives, and account locking concerns.",,not_specified,[],[],not_mentioned,,not_applicable,,none_mentioned,unknown,,frustrated,I'm seeing reports where entire Google accounts are locked/lost with no support from Google because AI scans found photos,,
e2c9580e7078,reddit_comment,I found this over in r/razr: [https://www.reddit.com/r/razr/comments/1o63zr7/razrs\_ai\_keeps\_adding\_weird\_hairs/](https://www.reddit.com/r/razr/comments/1o63zr7/razrs_ai_keeps_adding_weird_hairs/),False,Comment linking to a different subreddit about an AI generation glitch.,,not_specified,[],[],not_mentioned,,not_applicable,,none_mentioned,unknown,,neutral,Is it funny that something called a Razr adds hair?,,
70395ce9c69a,reddit_post,One of these (sometimes a little different) appears in a random spot next to (relatively) old photos (2-3 years) in my google photos camera roll every few weeks as I go through my photos. Does anyone ,True,User was trying to find and identify mysterious random black-mask photos appearing in their camera roll by searching for a keyword found in them.,Trying to identify random unwanted black-mask images appearing in the camera roll by searching for a common keyword.,other,['text_content'],['source_channel'],single_keyword,,succeeded,keyword search successfully surfaced the target images,none_mentioned,1_2_years,,neutral,"I found a keyword that was in all of them, so I typed it in the search bar and they all came up",general_praise_or_success,
745e26754ec1,reddit_comment,"[You’re not alone, I found someone else who went through the same thing](https://support.google.com/photos/thread/265761030/%E4%BF%9D%E5%AD%98%E3%81%97%E3%81%9F%E8%A6%9A%E3%81%88%E3%81%AE%E3%81%AA%E3%",False,Commenting with troubleshooting advice for mysterious photos originating from CapCut.,,other,[],[],not_mentioned,,not_applicable,,none_mentioned,unknown,,neutral,"Check if you use the app CapCut, that user claims that those photos came from that app.",,
a72eb49d7725,reddit_comment,Thank you SO much! I included all the information in my comment but this basically lead to me finding the problem.,False,Thanking someone for help regarding unexpected files showing up.,,not_specified,[],[],not_mentioned,,not_applicable,,none_mentioned,unknown,,positive,Thank you SO much! I included all the information in my comment but this basically lead to me finding the problem.,,
bf4e43ab28ce,reddit_comment,"Yes. Basically, I got Google One, which allowed me to sync all the files on my Mac to my Drive (including specific app files I guess) so after a user on another forum said that they had the same probl",False,Explaining the cause of unexpected files syncing from Mac/CapCut into Google Photos via Google Drive.,,other,[],[],not_mentioned,,not_applicable,,none_mentioned,unknown,,neutral,"Basically, I got Google One, which allowed me to sync all the files on my Mac to my Drive",,
5fe4beb929e9,reddit_comment,"Just got an email to say my 5TB plan was decreasing £19.99 to £18.99. 
Then I  remembered that when I bought my pixel 10 pro a few months ago I couldn't take advantage of the included 12 months free 2",False,Discusses Google One storage pricing plans and promotions.,,not_specified,[],[],not_mentioned,,not_applicable,,none_mentioned,unknown,,positive,Just got an email to say my 5TB plan was decreasing £19.99 to £18.99.,,
13dc02c31401,reddit_post,"I’ve been using Google Photos since 2016. Free unlimited storage was revolutionary. The announcement that free storage would be limited to 15GB beginning in June 2021 was devastating, though understan",False,"Discusses cloud storage limits, pricing, and manual photo culling to stay under limits.",,not_specified,[],[],not_mentioned,,not_applicable,,none_mentioned,unknown,minimalist,frustrated,My time is running out. My days are numbered. I’m at 91% storage.,,
2e21ff8bdfd1,reddit_comment,OG Pixel is original quality for free. Just hard to find one without a depleted battery.,False,"Discusses Pixel phones and battery life, not finding a specific photo.",,not_specified,[],[],not_mentioned,,not_applicable,,none_mentioned,unknown,,neutral,OG Pixel is original quality for free.,,
f093e59874d2,reddit_comment,"The most “automagical” & easy solution I found was buying a basic Synology NAS storage at home and setting it up to:
- Keep a local copy automatically synced of my OneDrive files (where I store files/",False,"Discusses setting up a home NAS for backing up photos, not searching/retrieving.",,not_specified,[],[],not_mentioned,,not_applicable,,none_mentioned,unknown,,neutral,The most “automagical” & easy solution I found was buying a basic Synology NAS storage at home,,
a04738d939b4,reddit_post,"I didn't download or upload anything that that could even remotely be mistaken for cp. I don't even use Google for photos. 

All my pictures are just work related stuff. How is this even happening? It",False,"Complains about a false account ban, not photo retrieval.",,not_specified,[],[],not_mentioned,,not_applicable,,none_mentioned,unknown,,frustrated,"Google just banned my entire account due to ""child abuse material"" by mistake.",,
db57f878ffb5,reddit_comment,"Well, shit. I've been taking pictures of my newborn son when we're giving him a bath to document it, and my photos are auto backed up to Google Photos. I have yet to see any issues from Google though.",False,"Mentions auto-backup of baby photos, not searching for them.",,not_specified,[],[],not_mentioned,,not_applicable,,none_mentioned,unknown,parent,neutral,"Well, shit. I've been taking pictures of my newborn son when we're giving him a bath to document it",,
3297d9a76157,reddit_comment,"Happy to share my setup - it's nothing fancy, but it works.

I use three apps (Tasker, AccuBattery, and IFTTT) downloaded into my P1 and a wemo switch. I have the P1 plugged into my wemo switch 24/7 a",False,Discusses Tasker and battery management for Pixel phones.,,not_specified,[],[],not_mentioned,,not_applicable,,none_mentioned,unknown,,neutral,"I use three apps (Tasker, AccuBattery, and IFTTT) downloaded into my P1 and a wemo switch.",,
543db9f2ecfc,reddit_comment,Things like these are why there wont be any replacement for Google Photos. I searched a lot for self-hosted alternatives but they aren't even close to what Google offers.,False,"Discusses auto-generated panoramas, not photo search or retrieval.",,not_specified,[],[],not_mentioned,,not_applicable,,none_mentioned,unknown,,positive,Things like these are why there wont be any replacement for Google Photos.,,
e2e259657399,reddit_comment,I find six photos is the optimal number to get a good panorama. And I get the odd anomaly like this also.,False,Discusses photo counts for auto-generated panoramas.,,not_specified,[],[],not_mentioned,,not_applicable,,none_mentioned,unknown,,neutral,I find six photos is the optimal number to get a good panorama.,,
01d469d72de8,reddit_comment,Which location is this?,False,Asks a simple question about a location in a panorama post.,,not_specified,[],[],not_mentioned,,not_applicable,,none_mentioned,unknown,,neutral,Which location is this?,,
a172b666cd30,reddit_post,I had almost 2TB of photos and videos in Google photos and decided I wanted to backup the majority of them on an external drive to save some money. Paying for 2TB of storage just didn't make sense whe,False,"Discusses Google Takeout and exporting photos to save storage costs, not searching library.",,not_specified,[],[],not_mentioned,,not_applicable,,none_mentioned,unknown,,frustrated,I attempted to use Google Takeout for MONTHS to pull down my photos,,
57fdd12e4909,reddit_comment,"Same, i recently moved to immich, i moved all the photos manually because i wanted to create different folders on my pc and choose gradually what to upload in different albums. I moved 100gb of photos",False,Discusses migrating to self-hosted Immich storage.,,not_specified,[],[],not_mentioned,,not_applicable,,none_mentioned,unknown,,positive,"Same, i recently moved to immich, i moved all the photos manually",,
6c5335d7273c,reddit_comment,"Wasn't Google Authenticator a local (to device) app? I haven't used it in forever, but I don't remember if you even had to log in to it.",False,Discusses Google Authenticator app storage.,,not_specified,[],[],not_mentioned,,not_applicable,,none_mentioned,unknown,,neutral,Wasn't Google Authenticator a local (to device) app?,,
8e458a0f0565,reddit_comment,I  think you are having my same issues and yes when you will ask something about this messy issues people will answer elementary things like '' is your wifi on?'' an things like this. Cause I know the,False,Discusses Google Takeout download errors and organizing via albums.,,not_specified,[],[],not_mentioned,,not_applicable,,none_mentioned,unknown,,frustrated,FORGET GOOGLE TAKEOUT it's unuseful.,,
11356932e4a1,reddit_comment,"No, unfortunately, this is not a solution.

Downloading entire albums will NOT include the current metadata from Google Photos. 

It will indeed preserve the metadata that the photo already had, when ",False,Discusses metadata retention issues during Google Takeout album downloads.,,not_specified,[],[],not_mentioned,,not_applicable,,none_mentioned,unknown,,neutral,Downloading entire albums will NOT include the current metadata from Google Photos.,,
298f54124917,reddit_comment,Thank you! This was actually the kick in the batty I needed to do this. I used to organise my folders tidily but accurate searching has made me get sloppy and or complacent. I should really not use th,True,User notes that accurate searching has made them rely less on folder organization.,User reflects on relying on app search instead of manual folders.,not_specified,[],[],not_mentioned,,not_applicable,,none_mentioned,unknown,,neutral,I used to organise my folders tidily but accurate searching has made me get sloppy and or complacent.,general_praise_or_success,
5ce373948b15,reddit_comment,"I agree. This way you still get to keep the photo metadata when using the feature to ""download entire album"". 

Although I have experienced issues with GP not allowing more than 500 photos to be downl",False,Discusses album download limits and photo metadata.,,not_specified,[],[],not_mentioned,,not_applicable,,none_mentioned,unknown,,neutral,Although I have experienced issues with GP not allowing more than 500 photos to be downloaded at a time.,,
4fddddb0a702,reddit_comment,"True, but this is clearly stated when you add location to a photo within GP...

""Edits to location only be seen within Google Photos""",False,"Discusses location edits visibility within Google Photos, not about searching or retrieving a photo.",,not_specified,[],[],not_mentioned,,not_applicable,,none_mentioned,unknown,,neutral,Edits to location only be seen within Google Photos,,
faf30d890403,reddit_comment,"I recently download my GP albums (albums with more than 6000pics ) and GP allowed me to download without limitations.
Maybe the 500limit is only if you download from library not albums",False,"Discusses downloading Google Photos albums limits, not retrieval or search.",,not_specified,[],[],not_mentioned,,not_applicable,,none_mentioned,unknown,,neutral,I recently download my GP albums (albums with more than 6000pics ) and GP allowed me to download without limitations.,,
62c38626e8b1,reddit_comment,"I've just spent could days downloading just over 20gb photos and drive files to external harddrive. My Google account is now empty, well kinda of, it's still shows 980mb but can't for the life of my f",False,"Discusses exporting and storage space issues after download, not finding a specific photo.",,not_specified,[],[],not_mentioned,,not_applicable,,none_mentioned,unknown,,frustrated,"My Google account is now empty, well kinda of, it's still shows 980mb but can't for the life of my find it",,
787f7462a487,reddit_comment,Yes I am aware of that but it also means my free storage as been taken so any new photos will require a subscription to extend the storage. Also iv want to start backing up locally rather than paying ,False,"Discusses local backups and storage subscriptions, not searching for a photo.",,not_specified,[],[],not_mentioned,,not_applicable,,none_mentioned,unknown,,neutral,Good forbid if anything was to happen to me a local copy to a good harddrive with be easier and far quicker for someone to find.,,
0c447c0f21ab,reddit_comment,"**I found links in your comment that were not hyperlinked:**

* [drive.google.com](https://drive.google.com)

*I did the honors for you.*

***

^[delete](https://www.reddit.com/message/compose?to=%2Fu",False,Automated bot message about links.,,not_specified,[],[],not_mentioned,,not_applicable,,none_mentioned,unknown,,neutral,I found links in your comment that were not hyperlinked:,,
8d2966564c5f,reddit_post,"This is instructions on how to **re-upload photos in Original Quality** when you have already uploaded them in High Quality(Storage Saver mode).

I searched multiple places and the procedures availabl",False,Instructions on re-uploading photos from high quality to original quality.,,not_specified,[],[],not_mentioned,,not_applicable,,none_mentioned,unknown,,neutral,This is instructions on how to re-upload photos in Original Quality when you have already uploaded them in High Quality,,
ca8172effdfb,reddit_comment,"I have the same, iphone and ipad, random photos are larger, annoys the hell out of me and can't seem to change it",False,"Complaint about UI layout sizing of random photos, not retrieval.",,not_specified,[],[],not_mentioned,,not_applicable,,none_mentioned,unknown,,frustrated,"I have the same, iphone and ipad, random photos are larger, annoys the hell out of me and can't seem to change it",,
eb4711b5ca32,reddit_comment,"Yeah, the problem is deleting the old photos is extremely difficult because there's no way to easily filter and find them.

This is hardly the same way. The current way by OP basically does a re-uploa",False,"Discusses difficulty of filtering and deleting old photos for re-uploading, not finding a specific memory.",,not_specified,[],[],not_mentioned,,not_applicable,,none_mentioned,unknown,,frustrated,"Yeah, the problem is deleting the old photos is extremely difficult because there's no way to easily filter and find them.",,
47fec77357cf,reddit_post,"I've been using my Google Pixel XL to back up photos and videos to Google Photos for free for years. Along the way, I encountered a lot of issues while researching this topic, so I wanted to share my ",False,Detailed setup guide for using an OG Pixel for free unlimited storage backup.,,not_specified,[],[],not_mentioned,,not_applicable,,none_mentioned,unknown,,neutral,I've been using my Google Pixel XL to back up photos and videos to Google Photos for free for years.,,
f11d04eb93e0,reddit_comment,"Thank you. It's more of a brain dump than a tutorial, I had a lot of frustration trying to get this to work, it took a long time to find a working solution.

If people have trouble with any specific p",False,Comment on backup setup guide frustration.,,not_specified,[],[],not_mentioned,,not_applicable,,none_mentioned,unknown,,neutral,"It's more of a brain dump than a tutorial, I had a lot of frustration trying to get this to work",,
0668fff518e2,reddit_comment,"Hey, thanks so much for all this info! Some questions:

I have an old Pixel 3 64GB to make into a backup server, is capacity really an issue at all when all it should be doing is relaying photos from ",False,Questions about backup servers and metadata retention.,,not_specified,[],[],not_mentioned,,not_applicable,,none_mentioned,unknown,,neutral,And does photos transferred and backed up this way retain all the location and time metadata?,,
7da5481f598d,reddit_comment,"1) not really. i've been using a 16GB pixel XL for the past 3 years and it's still going. it's just slightly annoying when trying to copy a lot of media, i have to split it up.
2) it does not matter m",False,Replies regarding Pixel setup for backups.,,not_specified,[],[],not_mentioned,,not_applicable,,none_mentioned,unknown,,neutral,yes the backed up photos retain location and time metadata. they are sorted correctly in google photos.,,
4006c79ce20c,reddit_post,"Lately, I've been trying to get a reliable backup of my Google Photos so I can move to iCloud or just plain have a decent offline backup. I've used Google Takeout, but the resulting file structure is ",False,"Discusses exporting photos and getting them out of Google Photos via Takeout alternatives, not searching/retrieving a specific memory.",,not_specified,[],[],not_mentioned,,not_applicable,,none_mentioned,unknown,,frustrated,"Lately, I've been trying to get a reliable backup of my Google Photos so I can move to iCloud or just plain have a decent offline backup.",,
09ac76937561,reddit_comment,"\> Best of all, the file creation dates are adjusted based on the metadata so no having to mess with exiftool to try to parse the JSON files

This is actually a big one. I will have to look into it. T",False,Comment on Google Takeout and metadata file handling.,,not_specified,[],[],not_mentioned,,not_applicable,,none_mentioned,unknown,,frustrated,Edit: Fuck you Google for killing Picasa without a proper replacement!,,
a0d04e9467e4,reddit_comment,"Google better make this experience (photos takeout) from ""worst"" to ""okay"" by the end of June '21! It's the least they should do.",False,Complaint about Google Takeout experience.,,not_specified,[],[],not_mentioned,,not_applicable,,none_mentioned,unknown,,frustrated,"Google better make this experience (photos takeout) from ""worst"" to ""okay"" by the end of June '21!",,
98d9ce3cb670,reddit_comment,They haven't LOL,False,"Discusses Google Takeout and exporting photos, not finding a specific photo.",,not_specified,[],[],not_mentioned,,not_applicable,,none_mentioned,unknown,,neutral,They haven't LOL,,
daaea3f5e1b9,reddit_comment,yeah as of today they havent,False,"Discusses Google Takeout, not finding a specific photo.",,not_specified,[],[],not_mentioned,,not_applicable,,none_mentioned,unknown,,neutral,yeah as of today they havent,,
cc700a324dce,reddit_comment,"Since OneDrive has a better deal, I am migrating from google drive. After downloading all my photos with takeout, here I am uploading my files noticing that every picture I uploaded to OneDrive is dat",False,"Complains about migration to OneDrive and file dates resetting, not photo retrieval.",,not_specified,[],[],not_mentioned,,not_applicable,,none_mentioned,unknown,,frustrated,"After downloading all my photos with takeout, here I am uploading my files noticing that every picture I uploaded to OneDrive is dating as of today.",,
e797717ad3b8,reddit_comment,"But at least now you can directly export from GooglePhotos into OneDrive as a native cloud-to-cloud transfer. This means no need to download/upload, but you will need to in-zip the file once received ",False,Discusses cloud-to-cloud transfer between Google Photos and OneDrive.,,not_specified,[],[],not_mentioned,,not_applicable,,none_mentioned,unknown,,neutral,now if only we could get the dates sorted…,,
7737e263129a,reddit_comment,"Apple lets you copy your Google photos Library to iCloud photos, if your willing to get an iCloud subscription for a month or two, you can download the photos in a much more usable form by using apple",False,"Discusses copying library to iCloud, not photo retrieval.",,not_specified,[],[],not_mentioned,,not_applicable,,none_mentioned,unknown,,neutral,Apple lets you copy your Google photos Library to iCloud photos,,
876288c8d7cf,reddit_comment,"I got that part figured out. I ran the exiftool in cmd to replace the metadata, so basically it took the date the shot was taken and replaced the modified date of all the files from the zip files. It ",False,Discusses fixing metadata with exiftool after export.,,not_specified,[],[],not_mentioned,,not_applicable,,none_mentioned,unknown,,neutral,I ran the exiftool in cmd to replace the metadata,,
546d75e8a172,reddit_comment,"Are the creation/modification dates sorted correctly in this case with iCloud? If yes, then the combination GooglePhotos to iCloud and iCloud to NAS might be winning.",False,Discusses file creation and modification dates during migration.,,not_specified,[],[],not_mentioned,,not_applicable,,none_mentioned,unknown,,neutral,Are the creation/modification dates sorted correctly in this case with iCloud?,,
52ab57953149,reddit_comment,or: [https://github.com/gilesknap/gphotos-sync](https://github.com/gilesknap/gphotos-sync),False,Shares a GitHub repository link for syncing photos.,,not_specified,[],[],not_mentioned,,not_applicable,,none_mentioned,unknown,,neutral,or: https://github.com/gilesknap/gphotos-sync,,
1ffd9df56a7f,reddit_comment,"I see people periodically link to github.  if I wanted to use this tool, is there a downloadable program to click on?  Or do you make it work some other way?",False,Asks a question about a GitHub software tool.,,not_specified,[],[],not_mentioned,,not_applicable,,none_mentioned,unknown,,neutral,"if I wanted to use this tool, is there a downloadable program to click on?",,
15c189963941,reddit_comment,"GitHub is a website around the ‘git’ tool, which is a tool that exists to organize/manage software projects. As a result, it stores the code, but not the binaries/executables. You'll pretty much alway",False,Explains how GitHub works.,,not_specified,[],[],not_mentioned,,not_applicable,,none_mentioned,unknown,,neutral,"GitHub is a website around the ‘git’ tool, which is a tool that exists to organize/manage software projects.",,
a5a9a4c78343,reddit_post,"Hello. First time user here and I am desperate for a solution. 
This morning I was searching for a photo of my kid from 5 years ago and I discovered in total disbelief that everything prior to Nov 202",True,"The user is trying to find a photo of their kid from 5 years ago, but all photos prior to Nov 2021 are missing.",Trying to find a photo of a kid from 5 years ago.,person_face,"['approx_time', 'people_present']",['exact_date'],not_mentioned,,content_not_indexed,"photos missing entirely from account, preventing retrieval",gave_up,3plus_years,parent,frustrated,This morning I was searching for a photo of my kid from 5 years ago and I discovered in total disbelief that everything prior to Nov 2021 is not on my Google photos anymore.,data_missing_sync,
494d4a0edba4,reddit_comment,"Google Photos search has been changed from Assistant to AI so now I can't find things that I used to be able to. I have a dog. I have hundreds of pictures of him. Search for ""dog"" or ""puppy"" before an",True,"The user is trying to find photos of their dog or BBQ using search keywords, but AI search fails to return them.",Trying to find pictures of a dog and BBQ photos using search terms.,pet_animal,"['visual_detail', 'context_event']",['approx_time'],single_keyword,dog,app_misunderstands,search for dog or BBQ returns very few results,scroll_by_date,unknown,pet owner,frustrated,Google Photos search has been changed from Assistant to AI so now I can't find things that I used to be able to.,vague_memory_retrieval,remembers object category like dog or BBQ; search returns very few results
a264b6a04001,reddit_comment,"Everything is shoving AI down your throat and adding extra clicks to access basic functions. 

1. Editting color/brightness of a photo used to take 3 clicks and was easy to find. Now it's 5 clicks, an",True,Mentions searching for an image like 'wedding' and how the UI features have changed.,Searching for an image such as a wedding photo.,event_celebration,['text_content'],['exact_date'],single_keyword,wedding,app_misunderstands,UI changes removed date grouping features from search results,none_mentioned,3plus_years,heavy user with 10 years of photos,frustrated,"If you search an image (say, ""wedding""), you used to be able to see the date atop each result.",ui_navigation_regression,
175325cbcd66,reddit_comment,Google photos was critical to our business. We take photos and make albums of locations and sites. Being able to go back to the album to review the photos is essential for us. We have tons of document,True,"The user is trying to access and review photo albums of locations and sites for their business, but links are broken.",Trying to access previously created albums of locations and sites for business.,place_venue_travel,['context_event'],['exact_date'],not_mentioned,,content_not_indexed,albums broken and showing 'there's nothing here' error,gave_up,1_2_years,business professional,frustrated,Being able to go back to the album to review the photos is essential for us.,data_missing_sync,
915681e45b96,reddit_comment,ill give just a couple... The people thing where it finds a face via AI and then compiles them...there doesnt seem to be a way to initiate this.  You should be able to select a photo and an option to ,True,The user complains about not being able to find specific photos because the app mixes different sources like messenger and screenshots.,"Trying to find specific photos among cluttered sources like messenger, messages, and screenshots.",whatsapp_social_download,['none_stated'],['source_channel'],not_mentioned,,cannot_express,app blends multiple photo sources together making targeted retrieval impossible,gave_up,unknown,tech professional,frustrated,"I dont care where other photos are *from*.. messenger, messages, screenshots, etc.. but it does. So I cant find anything.",ui_navigation_regression,
af47dacef46f,reddit_comment,"What are you being paid not to notice the issues? And daily driver means it's on the phone and you never use it or what? Literally camo is different results than camo jacket, which is different result",True,User is complaining about inaccurate search results when searching for specific visual concepts like camo clothing or ski masks.,Trying to find pictures of oneself in a ski mask or specific camo clothing items using text search.,object_thing,['visual_detail'],['none_stated'],single_keyword,camo,app_misunderstands,keyword search results vary widely and incorrectly depending on exact wording like camo vs camo jacket,none_mentioned,unknown,,frustrated,"Literally camo is different results than camo jacket, which is different results than camo clothing.",vague_memory_retrieval,remembers clothing type like camo jacket; keyword variations return inconsistent results
f4ed585cb454,reddit_comment,"You know, I was so shocked to not be able to find pictures of my cats, I was trying to show a friend some pictures over the weekend but got no results. I remember being able to find such straightforwa",True,User could not find pictures of their cats using search and had to scroll manually.,Trying to find pictures of cats to show a friend over the weekend.,pet_animal,"['visual_detail', 'context_event']",['none_stated'],category_word,,app_misunderstands,search for cat photos yielded no results,scroll_by_date,unknown,,frustrated,"You know, I was so shocked to not be able to find pictures of my cats, I was trying to show a friend some pictures over the weekend but got no results.",vague_memory_retrieval,remembers subject as cats; search yields no results
829f711f3f92,reddit_comment,I agree. I havent used google search for about 1 years and was confused because there doesn't seem to be a search function anymore. There is a ? Ask button.,False,"User is complaining about the UI and missing search function in Google Search, not looking for a photo.",,not_specified,[],[],not_mentioned,,not_applicable,,none_mentioned,unknown,,neutral,I havent used google search for about 1 years and was confused because there doesn't seem to be a search function anymore.,,
216bb8f3f352,reddit_comment,"Do you have a good way to download the archive files?

I've got a great Internet connection, and even still I find that the archives take a really long time to download and often fail in the middle so",False,"Complaining about archive downloads failing, not finding a specific photo.",,not_specified,[],[],not_mentioned,,not_applicable,,none_mentioned,unknown,,neutral,"I've got a great Internet connection, and even still I find that the archives take a really long time to download and often fail in the middle so I have to restart.",,
3a90579329e9,reddit_comment,"First, you need to have a reliable network. This includes your ISP and your Wi-Fi. If either of those suck, you're going to have a hard time. 

I have found Wi-Fi, and even Chrome, to sometimes be les",False,"Providing a technical guide on downloading large archives, not searching for a photo.",,not_specified,[],[],not_mentioned,,not_applicable,,none_mentioned,unknown,professional,neutral,I'm a professional network engineer for decades and have an enterprise Wi-Fi setup at home.,,
51d2dbba915e,reddit_comment,"Still there, but I cannot guarantee for all of them as I didn't keep track of the total pictures within the album. Moving them to physical disk and deleting from cloud now.",False,"Discussing moving photos to a physical disk and deleting from cloud, not retrieval.",,not_specified,[],[],not_mentioned,,not_applicable,,none_mentioned,unknown,,neutral,Moving them to physical disk and deleting from cloud now.,,
1cb2ad4c2f34,reddit_comment,"nag (verb) 


annoy or irritate (a person) with persistent fault-finding or continuous urging.",False,"Providing definition of 'nag' regarding backup prompts, not photo retrieval.",,not_specified,[],[],not_mentioned,,not_applicable,,none_mentioned,unknown,,neutral,nag (verb) annoy or irritate (a person) with persistent fault-finding or continuous urging.,,
b4e5be6573f7,reddit_comment,"Harder to make a shared family album though, no?",False,"Commenting on shared family albums difficulty, not finding a photo.",,not_specified,[],[],not_mentioned,,not_applicable,,none_mentioned,unknown,,neutral,"Harder to make a shared family album though, no?",,
9310130625e5,reddit_comment,Mounting a shared network location directly into the DCIM folder is what I do. PM me if you need assistance.,False,"Discussing storage mounting workaround, not photo retrieval.",,not_specified,[],[],not_mentioned,,not_applicable,,none_mentioned,unknown,,neutral,Mounting a shared network location directly into the DCIM folder is what I do.,,
d387862b9b7b,reddit_comment,"There's a paid alternative that's censored here on reddit so I can't name it directly. It's called e... n... t... e... dot io.

Another great alternative is [Immich](https://immich.app/) (it's super s",False,"Recommending alternative photo apps due to account bans, not searching for a specific photo.",,not_specified,[],[],not_mentioned,,not_applicable,,none_mentioned,unknown,,neutral,Another great alternative is Immich (it's super similar to Google Photos both in interface and features)...,,
ddef3b76b93c,reddit_post,"# Just today, my google photos app started shimmering white outlines over my photos every few seconds when I stop to look at them. I hunt through the settings to find a way to turn it off - Nothing! I",False,"Complaining about photo sticker feature and scanning, not photo retrieval.",,not_specified,[],[],not_mentioned,,not_applicable,,none_mentioned,unknown,,frustrated,Where is the off button? Who on earth thought this was a good idea?,,
59d66e08a773,reddit_post,My account got banned. Happened for the second time. Should have moved off of google mail and photos a long time ago. Some times accidentally we may do reverse image search on something is all I can t,False,"Complaining about account ban and loss of access, not search or retrieval issues.",,not_specified,[],[],not_mentioned,,not_applicable,,none_mentioned,unknown,,frustrated,My account got banned. Happened for the second time. Should have moved off of google mail and photos a long time ago.,,
7123934b11ed,reddit_comment,Face grouping or recognition has been available since the Picasa days. Has always worked fine for me. I wonder if they moved to a more generalized version of the recognition algo? I expect that to be ,False,"Discussing face recognition feature history and algorithms, not searching for a specific photo.",,not_specified,[],[],not_mentioned,,not_applicable,,none_mentioned,unknown,,neutral,Face grouping or recognition has been available since the Picasa days. Has always worked fine for me.,,
1eebdd4d21fc,reddit_comment,"I found this thread a few weeks later. Today's Google Photos is little more than a merged Picasa and Snapseed. Except for the new AI tools, I can recall very little happening the past 5+ years except ",False,"Commenting on app history and features, not searching for a specific photo.",,not_specified,[],[],not_mentioned,,not_applicable,,none_mentioned,unknown,,neutral,Today's Google Photos is little more than a merged Picasa and Snapseed.,,
ef00f9be7151,reddit_comment,"If all your data is in only one location/service, _you have no backup_.",False,"Generic comment about backups, not photo retrieval.",,not_specified,[],[],not_mentioned,,not_applicable,,none_mentioned,unknown,,neutral,"If all your data is in only one location/service, you have no backup.",,
05c80cf80fea,reddit_comment,"Maybe you don't understand what backups are for. 

You have primary storage that you work from, and you should have at least two _more_ copies in different places or services. Those additional copies ",False,Discusses backup strategies and data storage rather than trying to find a specific photo.,,not_specified,[],[],not_mentioned,,not_applicable,not applicable,none_mentioned,unknown,,neutral,Maybe you don't understand what backups are for.,,
6cd4cb959068,reddit_post,"I’m writing this to ask for help and to warn others because I’m really overwhelmed. Yesterday, Google sent me a notice saying that they had permanently deactivated my 6-year-old main account:

>It loo",False,"Account suspension and lost access to photos due to automated CSAM detection, not search or retrieval failure.",,not_specified,[],[],not_mentioned,,not_applicable,not applicable,none_mentioned,unknown,uncle,frustrated,Google permanently disabled my 6-year account over an alleged Child sexual abuse material (CSAM) violation,,
2ade0503235b,reddit_post,"THIS IS A MESS.

I have several Google accounts and recently purchased Google Pro to get Gemini, and just recently my hard drive where I store all my backups has started making strange noises, so I th",False,"Account ban issue following backup upload, not a photo search or retrieval problem.",,not_specified,[],[],not_mentioned,,not_applicable,not applicable,none_mentioned,unknown,professional programmer,frustrated,Google just banned my main account for uploading a 10-year-old backup and is accusing me of CSAM.,,
8da983501125,reddit_post,"Hi, I have no idea where to start. 
I went to look up photos of my grandma, and I noticed most are now missing with no clue on when or how they ever got deleted. 
Ive been using Google photos since 20",True,User is trying to locate missing photos of their grandma from years past.,User wants to find missing photos of their grandma from 2012 to 2019 that appeared to be deleted.,person_face,"['people_present', 'approx_time']","['exact_date', 'approx_time']",combined_filters,,cannot_refine,photos missing from backup library,search_multiple_terms,3plus_years,student member,frustrated,"I went to look up photos of my grandma, and I noticed most are now missing with no clue on when or how they ever got deleted.",data_missing_sync,
e31dfb07ba66,reddit_comment,I tried contacting support but they ran the recovery tool and told me to check bin but I didn’t find anything.,True,Comment on finding missing photos and checking trash bins.,User attempted to recover missing photos through support and bin check.,not_specified,['none_stated'],['none_stated'],not_mentioned,,gave_up,recovery tool and bin check returned nothing,check_other_app,unknown,,frustrated,I tried contacting support but they ran the recovery tool and told me to check bin but I didn’t find anything.,data_missing_sync,
21ae66b1a9ff,reddit_comment,You can double check on [https://photos.google.com](https://photos.google.com) to confirm it's not an app issue. 99% of the time this is some kind of user error as I don't remember ever reading of pho,True,Discussion about verifying missing photos on the web interface.,User is checking whether photos are truly missing or if it is just an app display error.,not_specified,['none_stated'],['none_stated'],not_mentioned,,app_misunderstands,suspected app sync or display issue rather than actual deletion,check_other_app,unknown,,neutral,You can double check on photos.google.com to confirm it's not an app issue.,data_missing_sync,
8f2ce45981ef,reddit_comment,"Truly no, this was a main photo backup. I was a Samsung user for years so it was very well integrated into their systems. Every photo was kept. I manually deleted things like screenshots but I never w",True,User clarifying they are looking for specific missing grandma photos.,User is searching for missing photos of their grandma that were previously backed up.,person_face,['people_present'],['exact_date'],not_mentioned,,content_not_indexed,previously backed up photos disappeared from library,none_mentioned,3plus_years,Samsung user,frustrated,I never would have deleted photos of my grandma,data_missing_sync,
3b063aaf4a0b,reddit_comment,"""They"" are not scanning it because ""they"" never get the data. Your device scans the photos to build its own local database of location, face, and other tags so you can search your photos, get suggeste",False,"Technical discussion about local device indexing and cloud privacy, not about a specific retrieval attempt.",,not_specified,[],[],not_mentioned,,not_applicable,not applicable,none_mentioned,unknown,,neutral,"Your device scans the photos to build its own local database of location, face, and other tags so you can search your photos",,
cdcd10733e1a,reddit_post,Not sure if many have already known this. I’ve been trying to pack up my google photos. Google take away is the most obvious one but it separates metadata from the photos and makes the photos very dif,False,"Sharing a guide on how to download Google Photos with metadata, not a photo retrieval problem.",,not_specified,[],[],not_mentioned,,not_applicable,not applicable,none_mentioned,unknown,mac user,neutral,Not sure if many have already known this. I’ve been trying to pack up my google photos.,,
d123ba340893,reddit_comment,"**Warning for other before you use this application**

Just tried this tool and found a couple concerning results.

On a positive note it did fix the issue of Google Takeout making ""created"" and ""modi",False,"Feedback on a third-party application or script, not photo retrieval.",,not_specified,[],[],not_mentioned,,not_applicable,not applicable,none_mentioned,unknown,,frustrated,Just tried this tool and found a couple concerning results.,,
2009c7f241c5,reddit_comment,"After 1h of looking for solutions, checking lots of alternatives, being broke and being the kind of person that hates using anything from github (because I don't understand any of this), I could manag",False,"Comment thanking someone for a metadata tool, unrelated to searching for a photo.",,not_specified,[],[],not_mentioned,,not_applicable,not applicable,none_mentioned,unknown,,positive,I could manage to do it quite easily with your program.,,
316454c9389a,reddit_post,"Google photos is so much more than a storage location. The ability to search for people, places, And other things that you haven't actually identified but Google AI does makes it so valuable.
Recently",True,User successfully searched for and retrieved a specific photo using natural language description.,User wanted to find a picture of themselves and their wife sitting in front of tulips about 5 years ago.,event_celebration,"['approx_time', 'people_present', 'visual_detail']","['exact_date', 'place_location']",natural_language_sentence,myself and my wife sitting in front of some tulips about 5 years ago,succeeded,search successfully retrieved the photo in 2 minutes,none_mentioned,1_2_years,,positive,So I just typed that description in and found it in 2 minutes.,general_praise_or_success,
340c653871e2,reddit_comment,Hard to find the pixel 1! I’m curious of its performance/battery life or do you solely only use for backing up purposes?,False,"Asking about the performance and backup usage of a Pixel 1 device, not photo retrieval.",,not_specified,[],[],not_mentioned,,not_applicable,not applicable,none_mentioned,unknown,,neutral,Hard to find the pixel 1!,,
ef44f1a40576,reddit_post,"Just last week, Google Photos search was awesome. Need a pic of passport? Just type ""Passport"". Forgot your Known Traveler Number? Search ""Global Entry Card"". Now I search any of the above and it show",True,User complains that search fails to find specific document/ID photos like passport or Global Entry Card.,User wants to find a passport photo or Global Entry Card using keyword search.,document_receipt_id,['text_content'],"['approx_time', 'exact_date']",single_keyword,Passport,app_misunderstands,search returns thousands of irrelevant photos instead of the document,none_mentioned,unknown,traveller,frustrated,Now I search any of the above and it shows be thousands of photos with absolutely no relevance.,vague_memory_retrieval,remembers document type like passport; search returns irrelevant thousands of photos
f057509b4706,reddit_comment,Agreed on all counts. The searchability is an underrated aspect of google photos. What’s the point of having 1000s of pictures if they’re not easily findable. I find myself revisiting older pictures b,True,Discusses the searchability and AI-curated memories of Google Photos to find older pictures.,User appreciates finding and revisiting older pictures through search and AI curated memories.,other,['none_stated'],['none_stated'],category_word,,succeeded,none,none_mentioned,unknown,,positive,I find myself revisiting older pictures because of the AI curated memories.,general_praise_or_success,
4208139b78a9,reddit_comment,What do we think Gemini integration into photos search will bring to the table? I can't think of anything the current search can't do wrt returning object/people matches.,False,"The user is discussing search capabilities generally and praising them, not trying to find a specific photo.",,not_specified,[],[],not_mentioned,,not_applicable,,none_mentioned,unknown,,neutral,I can't think of anything the current search can't do wrt returning object/people matches.,,
f2d57516941d,reddit_comment,The current search can't search for Person1 AND Person2 in the same photo. It uses OR.,False,The user is discussing a limitation in search logic (OR vs AND for people) without describing an active retrieval attempt.,,not_specified,[],[],not_mentioned,,not_applicable,,none_mentioned,unknown,,neutral,The current search can't search for Person1 AND Person2 in the same photo.,,
dbcb656f0bb2,reddit_post,"Hi all! 

I see that this is a common question, but I have now spent hours trying all of the solutions I’ve seen posted online for this, and stayed on hold with the only customer support number I coul",False,"The text is about storage management, account deletion, and backup/sync issues.",,not_specified,[],[],not_mentioned,,not_applicable,,none_mentioned,unknown,,frustrated,I’m out of google photos storage and do not use it for anything,,
dc245acc434f,reddit_comment,"Thank you for posting this.

This has to be the worst BS design implementation so far. I used to be able to type the name of a place or product and get accurate results of anything taken at location o",True,The user complains that searching for places or products no longer yields accurate results due to search changes.,User is trying to find photos taken at a specific location or containing specific product names/places.,place_venue_travel,"['place_location', 'text_content']",[],single_keyword,,app_misunderstands,search results return unrelated photos instead of accurate place or product matches,none_mentioned,unknown,,frustrated,I used to be able to type the name of a place or product and get accurate results,vague_memory_retrieval,remembers place or product name; search returns unrelated recent photos
4ba604b62448,reddit_comment,"I don't think it's just documents, search for words used to show both those object or descriptions as well as photos with that word in it (ie: tropical would show an island and products or things with",True,"The user is discussing how search fails to find objects, descriptions, or words in images properly.",User is trying to search for specific words or objects within images like documents or descriptions.,text_in_image,['text_content'],[],single_keyword,tropical,app_misunderstands,search for specific words fails to show matching documents or descriptions,none_mentioned,unknown,,frustrated,search for words used to show both those object or descriptions as well as photos with that word in it,vague_memory_retrieval,remembers text or word in image; search fails to show matching documents
76c465224283,reddit_comment,Could not agree more with this,False,Agreement comment without context about retrieval.,,not_specified,[],[],not_mentioned,,not_applicable,,none_mentioned,unknown,,neutral,Could not agree more with this,,
dfefafaafae4,reddit_comment,"They switched from using their tried and tested image recognition and OCR system, to using an entirely AI-powered search. It's absolutely horrible. I hope they will fix it. I mean, Googlers are using ",False,Commentary on the shift to AI search infrastructure rather than a specific retrieval failure instance.,,not_specified,[],[],not_mentioned,,not_applicable,,none_mentioned,unknown,,frustrated,"They switched from using their tried and tested image recognition and OCR system, to using an entirely AI-powered search.",,
2608cdb13720,reddit_comment,Well they use the main search engine too and they haven't fixed their main product for years.,False,General comment about Google search engine quality.,,not_specified,[],[],not_mentioned,,not_applicable,,none_mentioned,unknown,,neutral,Well they use the main search engine too and they haven't fixed their main product for years.,,
ddb14013a908,reddit_comment,"My conspiracy theory is the want people to use the new photos assistant thing, so they're making the old search look bad in comparison.",False,"Conspiracy theory about UI changes, not a specific photo retrieval task.",,not_specified,[],[],not_mentioned,,not_applicable,,none_mentioned,unknown,,neutral,My conspiracy theory is the want people to use the new photos assistant thing,,
2d6c4fa7a59c,reddit_comment,"My conspiracy theory is the want people to use the new photos assistant thing, so they're making the old search look bad in comparison.",False,Duplicate comment about the assistant feature.,,not_specified,[],[],not_mentioned,,not_applicable,,none_mentioned,unknown,,neutral,My conspiracy theory is the want people to use the new photos assistant thing,,
173c32875d13,reddit_comment,"This shir AI is awful it is destroying everything. Same thing in samsung galery, OCR does work anymore",False,General complaint about OCR failing in multiple gallery apps.,,not_specified,[],[],not_mentioned,,not_applicable,,none_mentioned,unknown,,frustrated,This shir AI is awful it is destroying everything.,,
1e80bec6f13a,reddit_comment,Did they fix it? I’m thinking about taking the dip into Google photos as my main photo storage.,False,"User asking a question about adopting the app, not searching for a photo.",,not_specified,[],[],not_mentioned,,not_applicable,,none_mentioned,unknown,,neutral,Did they fix it? I’m thinking about taking the dip into Google photos as my main photo storage.,,
78337f74973c,reddit_comment,3 months later and now we can't even use the messed up traditional search. AI can't find jack shit.,True,The user is complaining that the updated traditional search and AI search cannot find anything in their library.,User is trying to find photos using search terms but the AI search fails to return them.,not_specified,[],[],not_mentioned,,app_misunderstands,AI search cannot find relevant photos in the library,none_mentioned,unknown,,frustrated,AI can't find jack shit.,vague_memory_retrieval,remembers specific query; AI search finds nothing
082b080af842,reddit_comment,Do you have the AI search on your end?,False,A clarifying question about UI features.,,not_specified,[],[],not_mentioned,,not_applicable,,none_mentioned,unknown,,neutral,Do you have the AI search on your end?,,
fb452db6bf94,reddit_comment,"They keep asking if i want to use it but i refuse to , the terms say they can use my images for their own purposes.",False,"Privacy concern about AI terms, not about photo retrieval.",,not_specified,[],[],not_mentioned,,not_applicable,,none_mentioned,unknown,,neutral,the terms say they can use my images for their own purposes.,,
ee3e69ffacf4,reddit_comment,"I prefer Samsung's Gallery on my phone, yes. However, I value cross-platform support above all. I used to use OneDrive for my photos backup. The Samsung Gallery x OneDrive integration is confusing to ",False,"Discusses cross-platform photo backup, organization preferences, and account ban concerns, but not a specific photo retrieval task.",,not_specified,[],[],not_mentioned,,not_applicable,,none_mentioned,unknown,20-something user,frustrated,"Google Photos is less granular with its controls, it feels like I'm always fighting it when it comes to organizing my photos.",,
a0341dcbc338,reddit_post,"Using Google Photos in a web browser, I just tried to search for a photo. 

Instead of providing the results by date, it gives me results based on *what it thinks* is the ""relevance"" of each photo. Mo",True,The user tried to search for photos in a web browser and is frustrated that results are sorted by relevance rather than chronological order with no way to change it.,User tried to search for a photo on the web browser but could not sort or view the results chronologically.,not_specified,[],[],not_mentioned,,too_many_results,search results forced relevance order instead of chronological order with no option to change,none_mentioned,unknown,,frustrated,"Instead of providing the results by date, it gives me results based on *what it thinks* is the ""relevance"" of each photo.",ui_navigation_regression,
c564ff623aff,reddit_comment,"I still want a map view from the web, it's so annyoing that you can only do that from the app. WTF.",False,"Complains about missing map view on the web version, not a specific retrieval struggle.",,not_specified,[],[],not_mentioned,,not_applicable,,none_mentioned,unknown,,frustrated,"I still want a map view from the web, it's so annyoing that you can only do that from the app.",,
062a7a20692a,reddit_comment,"I do miss it myself, but that is never coming back and for good reason. Law enforcements all over the world used that feature to extensively sue for location information, which is a huge invasion of p",False,Discusses privacy and law enforcement abuse of location tracking features.,,not_specified,[],[],not_mentioned,,not_applicable,,none_mentioned,unknown,,neutral,Law enforcements all over the world used that feature to extensively sue for location information...,,
8b8c73dc1086,reddit_comment,"I think what he's saying is Google no longer reads the location, data or other identifiable data. so law enforcement can't subpoena that data off of Google servers",False,Discusses location data and server storage regarding law enforcement subpoenas.,,not_specified,[],[],not_mentioned,,not_applicable,,none_mentioned,unknown,,neutral,"I think what he's saying is Google no longer reads the location, data or other identifiable data.",,
9da9356876d3,reddit_comment,No its not. Its separate to them in your timeline. When you don't have both of them together on youtr device you don't see any location of your pictures.,False,Discusses timeline UI and missing location data when devices are separated.,,not_specified,[],[],not_mentioned,,not_applicable,,none_mentioned,unknown,,neutral,When you don't have both of them together on youtr device you don't see any location of your pictures.,,
6ad6675f316c,reddit_post,"Google Photos' navigation is a complete disaster. How can a company as big as Google get something as fundamental as navigation so wrong?

One of the most important features in any photo app—**albums*",False,"Complains about app navigation and how albums are buried under collections, not a photo retrieval failure.",,not_specified,[],[],not_mentioned,,not_applicable,,none_mentioned,unknown,,frustrated,One of the most important features in any photo app—albums—is ridiculously buried behind two levels of navigation.,,
53d1bbeef3e7,reddit_comment,This explains why they randomly changed the search button to the bottom and now I have to do 2 clicks on opposite ends of the screen to use the function.,False,Complains about UI placement of the search button.,,not_specified,[],[],not_mentioned,,not_applicable,,none_mentioned,unknown,,frustrated,This explains why they randomly changed the search button to the bottom and now I have to do 2 clicks on opposite ends of the screen to use the function.,,
4f732b2f92d7,reddit_comment,Honestly this in a nutshell is what is wrong with large corporations. For the first time since the days of altavista I have switched my browser home page and search engines. I don’t know what is going,False,General corporate complaint and search engine switch.,,not_specified,[],[],not_mentioned,,not_applicable,,none_mentioned,unknown,,frustrated,For the first time since the days of altavista I have switched my browser home page and search engines.,,
98cb22e7a487,reddit_comment,"As soon as I saw this post, I thought to myself, I miss Picasa. It's basically criminal because Google took away great software and they never integrated the best parts into their current offerings.  ",False,"Critiques Google's reliance on search and lack of Picasa features, but does not describe a specific retrieval task.",,not_specified,[],[],not_mentioned,,not_applicable,,none_mentioned,unknown,,frustrated,Google overly relies on search to make photos work.,,
537d3520793c,reddit_comment,"I'm still using it. On desktop it organizes my primary backup. I export pictures an album at a time and then upload to GP an album at a time.  (Some edits are still easier on Picasa, and export reduce",False,Describes workflow for backup and desktop organization using Picasa.,,not_specified,[],[],not_mentioned,,not_applicable,,none_mentioned,unknown,,neutral,On desktop it organizes my primary backup.,,
8b4f5edc6ef5,reddit_comment,"I have no idea. I just looked up ""Paper Shy Guy"" on Google and picked the best looking image.

Edit: I think this link should take you to the specific result I found. https://images.app.goo.gl/Co2MMkT",False,General web search discussion for an image.,,not_specified,[],[],not_mentioned,,not_applicable,,none_mentioned,unknown,,neutral,"I just looked up ""Paper Shy Guy"" on Google and picked the best looking image.",,
3921d221d128,reddit_comment,No problem. I got each of these images from a simple Google search.,False,General web search discussion for images.,,not_specified,[],[],not_mentioned,,not_applicable,,none_mentioned,unknown,,neutral,I got each of these images from a simple Google search.,,
dbf71ec6463b,reddit_comment,"The old symbol had the idea of a lens in the middle, which is an obvious link to pictures... but the new one is just 4 random colours with no link towards the concept of photos at all..
I agree, bring",False,Discusses the app icon design.,,not_specified,[],[],not_mentioned,,not_applicable,,none_mentioned,unknown,,frustrated,"The old symbol had the idea of a lens in the middle, which is an obvious link to pictures...",,
f7d8361d5eaf,reddit_comment,"I wish I had the exact wording. The first appeal was terse, something like ""false positive, no such material present"". I was so floored by what Google was saying that it was hard to believe what was h",False,Discusses account banning and the appeal process for CSAM false positives.,,not_specified,[],[],not_mentioned,,not_applicable,,none_mentioned,unknown,,frustrated,"Account disabled for CSAM, reenabled on appeal.",,
e35839f3199f,reddit_comment,I believe the latter. That's all I'm able to find going through the old pc,False,"User is talking about finding files on an old PC, not searching within a photo library.",,not_specified,[],[],not_mentioned,,not_applicable,,none_mentioned,unknown,,neutral,I believe the latter.,,
3d8b748411ca,reddit_comment,I'm gutted! Devastated! This has been such a wonderful thing to have. I came here to reddit just to find people to commiserate with.,False,"User is expressing sadness over a service being shut down, not performing a retrieval.",,not_specified,[],[],not_mentioned,,not_applicable,,none_mentioned,unknown,,frustrated,I'm gutted! Devastated!,,
2439b16a0b16,reddit_comment,"I just found out, I used this a few times a year.",False,"General comment about a service closing, no photo retrieval described.",,not_specified,[],[],not_mentioned,,not_applicable,,none_mentioned,unknown,,neutral,"I just found out, I used this a few times a year.",,
27494f3a21e8,reddit_comment,"I started 8 years ago! I am in absolute grief. Today, I was about to go into my suggestions... And I remembered it's gone. Sure, there might be options but this was the easiest way to keep our memorie",False,"User is lamenting the loss of an automated shared memories/album feature, not searching for a specific photo.",,not_specified,[],[],not_mentioned,,not_applicable,,none_mentioned,unknown,,frustrated,I started 8 years ago! I am in absolute grief.,,
36bea6e65585,reddit_post,"Today I learned (the hard way) that in 2025, **Google Photos still doesn't allow you to delete large numbers of photos in a simple, intuitive way**.

You can select up to 500 photos at once. Great. Bu",False,"Complaint about bulk deletion limitations and storage prompts, not photo retrieval.",,not_specified,[],[],not_mentioned,,not_applicable,,none_mentioned,unknown,heavy-screenshot user,frustrated,"Today I learned (the hard way) that in 2025, Google Photos still doesn't allow you to delete large numbers of photos in a simple, intuitive way.",,
7e13341fc974,reddit_post,"I have used Google Photos since 2015, at the time when owning a Google Nexus/Pixel phone entitled you to special perks, unlimited storage being one, until they removed device-specific exclusive featur",True,"User is trying to find specific photos like comics, memes, signage, or DVD covers from years past, but search is failing due to AI updates.","Trying to find specific visual items like comics, memes, signage, or DVD covers using keywords.",object_thing,"['visual_detail', 'text_content']","['approx_time', 'place_location']",single_keyword,,app_misunderstands,Gemini/AI search update returns inaccurate matches for specific keyword queries.,gave_up,3plus_years,longtime user since 2015,frustrated,"In recent months, thanks to Google's unnecessary shoehorning of Gemini/AI (which is merely a buzzword), it now feels nearly impossible to find anything",vague_memory_retrieval,remembers specific keywords like comics and signs; AI search returns inaccurate matches
1b3044104a0f,reddit_post,"I have a Google Photos album that contains sexually explicit photos of My partner and I.  It is shared, but only with My partner.  I just got a notification that the automated system flagged one of th",False,"User is discussing account moderation, content flagging, and appeals, not searching for a photo.",,not_specified,[],[],not_mentioned,,not_applicable,,none_mentioned,unknown,,frustrated,"I just got a notification that the automated system flagged one of the photos, and it was thus reviewed by a human and deemed abusive.",,
5be89cd6e2d9,reddit_comment,"It's absolutely rediculous, who on earth thought this made sense. It feels cocky and arrogant if nothing else.",False,Generic agreement/complaint about the search UI update without describing a retrieval task.,,not_specified,[],[],not_mentioned,,not_applicable,,none_mentioned,unknown,,frustrated,"It's absolutely rediculous, who on earth thought this made sense.",,
6935a01e09b7,reddit_comment,"Same here, it’s terrible. I just skip now and go right to classic search.",True,User is actively trying to retrieve photos using search but skips the broken new search to use classic search.,Trying to find photos using search but bypassing the new broken layout.,not_specified,[],[],not_mentioned,,app_misunderstands,New search mechanism forces user to find workarounds.,none_mentioned,unknown,,frustrated,I just skip now and go right to classic search.,vague_memory_retrieval,remembers specific target; new search fails forcing classic search
390c001786da,reddit_comment,wait... how do you 'go back' to classic search? I want to do that too.,False,"User is asking a procedural UI question about reverting search modes, not describing a specific photo retrieval task.",,not_specified,[],[],not_mentioned,,not_applicable,,none_mentioned,unknown,,neutral,wait... how do you 'go back' to classic search?,,
5cbace104312,reddit_comment,"I can't seem to find it anymore, wtf.",False,"User is expressing inability to find a settings option, not searching for a photo.",,not_specified,[],[],not_mentioned,,not_applicable,,none_mentioned,unknown,,frustrated,"I can't seem to find it anymore, wtf.",,
176415731c2c,reddit_comment,"In settings there is an option to turn ask Gemini off, but there are still issues. 


https://www.reddit.com/r/googlephotos/comments/1lklsk2/comment/n1os90c/?utm_source=share&utm_medium=mweb3x&utm_nam",False,"User is discussing settings toggles for Gemini, not a photo retrieval action.",,not_specified,[],[],not_mentioned,,not_applicable,,none_mentioned,unknown,,neutral,"In settings there is an option to turn ask Gemini off, but there are still issues.",,
ed5b7590b20e,reddit_comment,"Totally agree, it's totally useless now. I have to attempt 3-4 different searches for other things that might be in the picture I'm looking for according to my memory, which used to be less reliable t",True,"User is trying to find a picture based on elements they remember being in it, but search fails and requires multiple alternative queries.",Trying to find a specific picture by attempting multiple different searches for items remembered to be in the photo.,object_thing,['visual_detail'],"['exact_date', 'approx_time', 'place_location']",single_keyword,,app_misunderstands,Search requires multiple attempts and fails to return correct results on first try.,search_multiple_terms,unknown,,frustrated,I have to attempt 3-4 different searches for other things that might be in the picture I'm looking for according to my memory,vague_memory_retrieval,remembers objects in picture; new search requires multiple failed attempts
7075d25c10ae,reddit_comment,"What kinds of things are you searching for that aren’t working? I actually really enjoy its ability to find like best pic of X, beautiful sunset etc since the update- it’s crazy that it can do adjecti",True,"User discusses searching for specific items (pen set, pen brand, sunset) in their photo library.","Trying to find specific items like a pen set, brand, or sunset.",object_thing,['visual_detail'],"['exact_date', 'place_location']",single_keyword,,succeeded,none,none_mentioned,unknown,,positive,"It found my best pen set, a specific pen brand…",general_praise_or_success,
8609fe3f4154,reddit_comment,"Yep, a fix is inbound:

[https://www.androidpolice.com/no-you-werent-imagining-things-google-photos-search-has-been-broken-lately/](https://www.androidpolice.com/no-you-werent-imagining-things-google-",True,Quoting an article discussing how image search stopped showing results or showed irrelevant results for search prompts.,Trying to retrieve photos using search prompts but getting zero results or irrelevant matches due to a bug.,not_specified,[],[],not_mentioned,,app_misunderstands,Search feature stopped showing results or showed unrelated results.,none_mentioned,unknown,,neutral,"Google Photos' image search feature has been broken for roughly 20 days. The feature stopped showing search results, or showed results that had nothing to do with the search prompt.",data_missing_sync,
9bc153d581b6,reddit_comment,"\> you weren't imagining things  
the arrogance.",False,The text only comments on search quality generally without describing a retrieval attempt.,,not_specified,['none_stated'],['none_stated'],not_mentioned,,not_applicable,,none_mentioned,unknown,,frustrated,you weren't imagining things,,
7fc87767eb65,reddit_comment,Thank god! I will look out for it! 🫡,False,This is a generic expression of thanks and not a photo retrieval experience.,,not_specified,['none_stated'],['none_stated'],not_mentioned,,not_applicable,,none_mentioned,unknown,,positive,Thank god! I will look out for it!,,
9b35fed4d114,reddit_comment,"4 months later and still fucked. Last chance Google, back to iPhone for me. Everything just works as intended unlike this dogshit android. Shame.",False,"General complaint about search and switching devices, no specific photo retrieval task described.",,not_specified,['none_stated'],['none_stated'],not_mentioned,,not_applicable,,none_mentioned,unknown,,frustrated,4 months later and still fucked.,,
d97f9925ec39,reddit_comment,It is still fucked.,False,"Short complaint about search being broken, no specific photo search mentioned.",,not_specified,['none_stated'],['none_stated'],not_mentioned,,not_applicable,,none_mentioned,unknown,,frustrated,It is still fucked.,,
d2a9b285b667,reddit_comment,It may be a protection against stupid people mass deleting data and then blaming Google for it.,False,"Discusses bulk deletion features, not photo retrieval.",,not_specified,['none_stated'],['none_stated'],not_mentioned,,not_applicable,,none_mentioned,unknown,,neutral,It may be a protection against stupid people mass deleting data and then blaming Google for it.,,
01fe921346b3,reddit_comment,Just piggybacking because I've tried to get this efficient work around (still not perfect) to the top of searches when I was trying to solve this issue for myself. Still seems to be the way to go base,False,"Discusses bulk deletion and workarounds for managing storage, not finding a specific photo.",,not_specified,['none_stated'],['none_stated'],not_mentioned,,not_applicable,,none_mentioned,unknown,,neutral,Just piggybacking because I've tried to get this efficient work around to the top of searches when I was trying to solve this issue for myself.,,
557c9e19fa64,reddit_comment,"Maybe. But the same can be achieved by convenient methods like asking for confirmation, allowing the user to restore photos back after they have been deleted for 30 days, etc etc

Surely this can't be",False,"Discusses deletion safeguards, not photo finding.",,not_specified,['none_stated'],['none_stated'],not_mentioned,,not_applicable,,none_mentioned,unknown,,neutral,Surely this can't be the only way to protect against accidental deletion,,
0eaba0e1bf3e,reddit_comment,That's what the recycle bin is for.,False,"About the recycle bin feature, unrelated to photo retrieval.",,not_specified,['none_stated'],['none_stated'],not_mentioned,,not_applicable,,none_mentioned,unknown,,neutral,That's what the recycle bin is for.,,
087b1edbba14,reddit_comment,[deleted],False,Deleted comment.,,not_specified,['none_stated'],['none_stated'],not_mentioned,,not_applicable,,none_mentioned,unknown,,neutral,[deleted],,
bda0d1e4c9c7,reddit_comment,"Do you use android? If so how do you get around this? From my understanding even if you use a different gallery app it's still synced with Google, that's why deleting a good photo will still delete th",False,"Discusses Android account sync and deletion behavior, not finding photos.",,not_specified,['none_stated'],['none_stated'],not_mentioned,,not_applicable,,none_mentioned,unknown,,neutral,Do you use android? If so how do you get around this?,,
677e195b6ec0,reddit_comment,[deleted],False,Deleted comment.,,not_specified,['none_stated'],['none_stated'],not_mentioned,,not_applicable,,none_mentioned,unknown,,neutral,[deleted],,
20fc3c37c005,reddit_comment,"Mine started syncing back in 2013, ive had sync off for 2 years now but its a little late to not sync. Again to my understanding if you have a google account on your phone, which most phones require t",False,"Discusses photo syncing behavior across devices and accounts, not searching for a photo.",,not_specified,['none_stated'],['none_stated'],not_mentioned,,not_applicable,,none_mentioned,unknown,,neutral,"Mine started syncing back in 2013, ive had sync off for 2 years now but its a little late to not sync.",,
0ad4c1ade21c,reddit_comment,"On Android you can easily scroll to a year and month, select all for that month and year with a single tap for each month, and then bin the lot in one go..

12 taps per year isn't that much of a chore",False,"Discusses scrolling/deleting interface and complains about Pixel Screenshots app storage, not retrieving a lost photo.",,not_specified,['none_stated'],['none_stated'],not_mentioned,,not_applicable,,none_mentioned,unknown,,frustrated,What really bothers me is the automatic installation of system apps like Pixel Screenshots.,,
bdd8a880bd80,reddit_comment,I did the same with iPad. It's possible to select month by month from the Google Photos app without selection limits and delete everything at once.,False,"Discusses deleting photos month by month on iPad, not retrieving a specific photo.",,not_specified,['none_stated'],['none_stated'],not_mentioned,,not_applicable,,none_mentioned,unknown,,neutral,It's possible to select month by month from the Google Photos app without selection limits and delete everything at once.,,
795c9ec4cfa8,reddit_comment,"weird, i have a select all button, but only for days, not months.",False,"Discusses UI behavior of the select button (days vs months), not photo search or retrieval.",,not_specified,['none_stated'],['none_stated'],not_mentioned,,not_applicable,,none_mentioned,unknown,,neutral,"weird, i have a select all button, but only for days, not months.",,
c656f65e3bdc,reddit_comment,"On desktop in a browser, I found it possible to type a year in the search bar, which shows all pics for that year. Selecting the first and last with 'shift' pressed, was easy - then delete.  
Bit tedi",True,The user used the search bar to locate and view all photos from a specific year in order to delete them.,I wanted to find all pictures from a specific year to clean them up.,not_specified,['approx_time'],"['exact_date', 'place_location', 'people_present', 'visual_detail', 'context_event', 'source_channel', 'text_content', 'emotion_significance']",date_only,a year,succeeded,none,none_mentioned,3plus_years,heavy-screenshot user or long-term user with 20 years of pics,neutral,"On desktop in a browser, I found it possible to type a year in the search bar, which shows all pics for that year.",general_praise_or_success,
72ae930fb4cd,reddit_comment,"Immich is way better than Google Photos, particularly on the search functionality.",False,General comment comparing search functionality of different apps without describing a specific photo retrieval task.,,not_specified,[],[],not_mentioned,,not_applicable,,none_mentioned,unknown,,neutral,"Immich is way better than Google Photos, particularly on the search functionality.",,
b3d2f339a5c7,reddit_comment,Did you found any solution bro I've the same problem please if you can help,False,"Asking about photo backup settings, not photo retrieval.",,not_specified,[],[],not_mentioned,,not_applicable,,none_mentioned,unknown,,neutral,Did you found any solution bro I've the same problem please if you can help,,
b4bcf8c4b2d5,reddit_post,"I’m trying to delete my entire Google photos album, just recently switched to iOS and apple photos so I don’t need Google photos anymore.

I cancelled my Google one account but I can’t figure out how ",False,"Post is about deleting an entire photo library, not finding a specific photo.",,not_specified,[],[],not_mentioned,,not_applicable,,none_mentioned,unknown,,frustrated,"I’m trying to delete my entire Google photos album, just recently switched to iOS and apple photos so I don’t need Google photos anymore.",,
af22528e4f3a,reddit_comment,"#**HIJACKING THIS COMMENT YEARS LATER TO SHARE A MORE EFFICIENT VARIANT OF THE DEFAULT SOLUTION**

Hey

So, I made sure to max zoom out on my library page (ctrl + ""-"", or alternatively use ctrl + scro",False,"Discussing bulk deletion methods, not finding a specific photo.",,not_specified,[],[],not_mentioned,,not_applicable,,none_mentioned,unknown,,neutral,"So, I made sure to max zoom out on my library page (ctrl + ""-"", or alternatively use ctrl + scroll, forget which direction but it should be quickly apparent), then I was able to much more easily select thousands of photos at a time.",,
5aad819d4a0e,reddit_comment,There’s an option in account settings to remove large files and “free up space” but no option that I can find that lets me completely remove Google photos,False,"Discussing storage settings and account options to remove large files, not photo retrieval.",,not_specified,[],[],not_mentioned,,not_applicable,,none_mentioned,unknown,,neutral,There’s an option in account settings to remove large files and “free up space” but no option that I can find that lets me completely remove Google photos,,
f572c7bfb1f6,reddit_comment,Can't find the post right now but it might be this [https://propertakeout.com/](https://propertakeout.com/),False,Sharing a link related to Google Takeout.,,not_specified,[],[],not_mentioned,,not_applicable,,none_mentioned,unknown,,neutral,Can't find the post right now but it might be this [https://propertakeout.com/](https://propertakeout.com/),,
c4824f2e3827,reddit_comment,Someone here on reddit made an app to download the photos with all info. Don't know if live photos work but I will try to find the post.,False,"Trying to find a reddit post, not a photo.",,not_specified,[],[],not_mentioned,,not_applicable,,none_mentioned,unknown,,neutral,Someone here on reddit made an app to download the photos with all info. Don't know if live photos work but I will try to find the post.,,
64f06f8a6af3,reddit_comment,"I've just been through this journey and tried all sorts of methods for migrating without losing the metadata, including the metadata fix scripts mentioned below. You mentioned it already, but the new ",False,"Discussing photo migration and metadata retention, not photo retrieval or search.",,not_specified,[],[],not_mentioned,,not_applicable,,none_mentioned,unknown,,neutral,"I've just been through this journey and tried all sorts of methods for migrating without losing the metadata, including the metadata fix scripts mentioned below.",,
23f6453ce7e9,reddit_post,"1) Quality: Many of us got our photos compressed to lower quality because we were getting free unlimited storage. If we knew google was gonna stop the unlimited storage this soon, we would have though",False,"Discussing storage policy changes, AI training, and pricing.",,not_specified,[],[],not_mentioned,,not_applicable,,none_mentioned,unknown,,frustrated,"There is no such service left, not even close, that can search and categorise our photos this accurately.",,
6d1aadffed29,reddit_comment,">If we knew google was gonna stop the unlimited storage this soon, we would have thought about keeping photos at original quality.

Then you would have been paying all along. If quality was worth the ",False,"Discussing storage policy, cloud profitability, and AI training methodology.",,not_specified,[],[],not_mentioned,,not_applicable,,none_mentioned,unknown,,neutral,Your photos weren't really used to train AI. Vision AIs are trained with public photos scraped from the web...,,
ccbf7a030d9e,reddit_comment,"Paying for these services is the worst thing someone can do.
It's going to be a time in your life that you're not gonna be able to pay for that service, because nobody has the life in their hands, and",False,Discussing subscription services and cloud data loss due to non-payment.,,not_specified,[],[],not_mentioned,,not_applicable,,none_mentioned,unknown,,frustrated,"Just recently I lost more than a TB of personal data, pictures, videos, documents, etc that I had in OneDrive...",,
d153154d41fa,reddit_post,"What the actual F. I have, never in my life seen or been in the posession of any child exploitation material, let alone have anything related to this on my decade old google account. I got this messag",False,Discussing an account suspension/flagging issue regarding child safety policies.,,not_specified,[],[],not_mentioned,,not_applicable,,none_mentioned,unknown,,frustrated,"I got this message seemingly out of the blue yesterday. A screen popped up with a button to ""Take Action"" which restored access to my account, but now what?",,
be2d99f72ac6,reddit_comment,"Yes, but please keep in mind that this project is in its early stages. I will for sure keep working on this.

I was not able to find much information about how Google nest exports are structured, but ",False,Discussing an open-source tool for fixing Google Takeout exports and face tags support.,,not_specified,[],[],not_mentioned,,not_applicable,,none_mentioned,unknown,,neutral,Right now face tags are not supported.,,
76a62595623f,reddit_comment,Can you easily tell me what you did? My dad keeps enabling backup and I've dealt with it before but can't find it right now,False,"Asking how to turn off backup settings, not finding a photo.",,not_specified,[],[],not_mentioned,,not_applicable,,none_mentioned,unknown,,neutral,Can you easily tell me what you did? My dad keeps enabling backup and I've dealt with it before but can't find it right now,,
65463db97a10,reddit_comment,"Hello,  
I just woke up to find out that you all blew up the API quota! It resets every day at midnight PST, so feel free to try again in an hour or so.  
Honestly, I never thought this would happen o",False,"Discusses Google Photos API quota limits, not photo retrieval.",,not_specified,[],[],not_mentioned,,not_applicable,,none_mentioned,unknown,,neutral,I just woke up to find out that you all blew up the API quota!,,
607e67f78cd0,reddit_comment,This is also going to break a lot of functionality in products that rely on the API. Got an email from Aura frames that Google smart albums (that auto-update based on face recognition for example) wil,False,Discusses third-party smart album functionality breaking due to API changes.,,not_specified,[],[],not_mentioned,,not_applicable,,none_mentioned,unknown,,neutral,Got an email from Aura frames that Google smart albums (that auto-update based on face recognition for example) will no longer be supported in their app.,,
9a4654525fdd,reddit_post,"Hi.  
I've spent then last two months learning webdev to make this tool.  
My main goal was to find all space-consuming media in my library to reupload it with OG Pixel. The official API is very limit",False,About a userscript created to find space-consuming media to reupload.,,not_specified,[],[],not_mentioned,,not_applicable,,none_mentioned,unknown,,neutral,My main goal was to find all space-consuming media in my library to reupload it with OG Pixel.,,
3a42b9fefbd5,reddit_comment,"Omg!!! I was thinking of building the tool for this exact idea, to find out the space taking media!!! You saved my few weekends!!! Thanks a million 🫡🫡🫡🙌🙌🙌🙌",False,Comment praising a tool to find space-taking media.,,not_specified,[],[],not_mentioned,,not_applicable,,none_mentioned,unknown,,positive,"I was thinking of building the tool for this exact idea, to find out the space taking media!!!",,
0e1a661f304f,reddit_comment,"Super cool to see people using your tool :D  
BTW - You don't need to select photos in album to download them, there is a standart option to download all items in it.",False,Comment about downloading items from albums.,,not_specified,[],[],not_mentioned,,not_applicable,,none_mentioned,unknown,,neutral,"BTW - You don't need to select photos in album to download them, there is a standart option to download all items in it.",,
252241b6225b,reddit_comment,"very impressive for something you built in just 2 months.

Any idea why I am getting these messages logged to my console?

* No data found in localStorage for key: apiSettings
* No data found in local",False,Asking for technical support regarding console logs in a toolkit script.,,not_specified,[],[],not_mentioned,,not_applicable,,none_mentioned,unknown,,neutral,Any idea why I am getting these messages logged to my console?,,
e8179c69fede,reddit_post,"hello! i am desperate to recover my files, so i am posting my concern here, someone might and can help me.

apparently, google is notifying me that i already reached the maximum storage. i checked it ",False,Discusses accidental permanent deletion of photos due to cloud syncing and storage limits.,,not_specified,[],[],not_mentioned,,not_applicable,,none_mentioned,unknown,,frustrated,"hello! i am desperate to recover my files, so i am posting my concern here, someone might and can help me.",,
e34b0bb2043b,reddit_comment,I did the same thing 😔 came here looking for help,False,Comment relating to accidental deletion of files.,,not_specified,[],[],not_mentioned,,not_applicable,,none_mentioned,unknown,,frustrated,I did the same thing 😔 came here looking for help,,
5705a069df3b,reddit_comment,"Uhm hello, I just find a way to restore permanently deleted photos and i use some kind of app to scan it. If your still seeking for your previous deleted photos just tell me, I'll be updated dear OP🥰✨",False,Offering an app to recover deleted files.,,not_specified,[],[],not_mentioned,,not_applicable,,none_mentioned,unknown,,positive,"Uhm hello, I just find a way to restore permanently deleted photos and i use some kind of app to scan it.",,
82824cb8e0ae,reddit_post,"I'm a photographer. Not professionally, but seriously. I have years of work in Google Photos, almost all shot in 3:2 aspect ratio. I pay Google every month for storage. And for years, Google's own Amb",False,Complaint about Chromecast Ambient Mode cropping photos and API changes breaking third-party TV apps.,,not_specified,[],[],not_mentioned,,not_applicable,,none_mentioned,unknown,photographer,frustrated,"Google killed the only app that displayed my photos correctly on my TV, and it's genuinely put me off photography",,
6e4fbf7b1c07,reddit_comment,"Yes! I swear Ambient Mode used to show at least location data. But not anymore. It won't even show the month it was taken anymore most of the time.

The paid app that Google broke by shutting off acce",False,Discusses missing metadata display in Chromecast Ambient Mode.,,not_specified,[],[],not_mentioned,,not_applicable,,none_mentioned,unknown,,neutral,Yes! I swear Ambient Mode used to show at least location data. But not anymore.,,
003917a91eb2,reddit_comment,">  Picasa desktop app

I still run Picasa, it's much faster than Lightroom when searching for key words or tags.

When Google killed Picasa, it started a slow burning hatred in me.",False,Mentions Picasa being faster for searching keywords or tags compared to Lightroom.,,not_specified,[],[],not_mentioned,,not_applicable,,none_mentioned,unknown,,frustrated,"I still run Picasa, it's much faster than Lightroom when searching for key words or tags.",,
5ae11446d7e4,reddit_comment,^^ found this guy's villain origin story ^^,False,Humorous comment about another user's frustration with Picasa.,,not_specified,[],[],not_mentioned,,not_applicable,,none_mentioned,unknown,,neutral,^^ found this guy's villain origin story ^^,,
288bc304fb68,reddit_post,"I've just finished on the phone with Google support after nearly two hours.

I use Google Photos as a backup of my lightroom library. Both lightroom and Google Photos point to the parent directory of ",False,Complaint about Google Drive for desktop backup discontinuation causing duplicate uploads.,,not_specified,[],[],not_mentioned,,not_applicable,,none_mentioned,unknown,photographer,frustrated,I've just finished on the phone with Google support after nearly two hours.,,
a3dea334be84,reddit_post,"Google has been suspending accounts left and right for ""CSAM violations."" That could mean:

* A kid in a bathtub photo.
* A medical pic sent to a telehealth doc.
* Or in my case… an AI training datase",False,Complaint about account suspensions due to false positive AI content flags.,,not_specified,[],[],not_mentioned,,not_applicable,,none_mentioned,unknown,,frustrated,"Google has been suspending accounts left and right for ""CSAM violations.""",,
cc214fea420c,reddit_comment,"I have a dedicated backup solution, my NAS uses rclone to backup to Backblaze B2. This is to enable unified search across all photos from multiple devices so I have a single pane of glass to search fo",True,User mentions wanting unified search across all photos from multiple devices to search for images.,Unified search across all photos from multiple devices.,not_specified,['none_stated'],['none_stated'],not_mentioned,,not_applicable,not applicable,none_mentioned,unknown,heavy backup user with NAS,neutral,This is to enable unified search across all photos from multiple devices so I have a single pane of glass to search for images.,other,
b2f7198d53b9,reddit_comment,"I came here to post the same!

Why in the world would you remove the “day & date labels” like “Wed, 11 Feb” etc? 

Now all the photos are one big grid and I have to look up at some nonsensical floatin",True,User complains about the removal of date labels making finding a specific day's pictures very hard.,Finding a specific day's pictures in the photo grid.,not_specified,['exact_date'],['none_stated'],not_mentioned,,cannot_refine,grid lacks date labels making it hard to find a specific day,scroll_by_date,unknown,not_specified,frustrated,The space between days & header text of Days and Months was very convenient to keep the pics separate and made finding a specific day’s pics very easy.,ui_navigation_regression,
8c9b6c28eeb4,reddit_post,"Hi everyone,

I’m hoping someone here has been through something similar, because I’m really overwhelmed and trying to understand what happened.

Google suddenly disabled my entire account (Gmail, Dri",False,"Account disabled issue, not about finding a photo.",,not_specified,[],[],not_mentioned,,not_applicable,,none_mentioned,unknown,,frustrated,"Google suddenly disabled my entire account (Gmail, Drive, Photos, everything) with the message that it “contains content involving a child being sexually abused or exploited.”",,
33ad3e930cec,reddit_comment,"I found a “workaround”. 

If you download the photos manually from Google Photos  to your phone and then upload them to whatever app you want (through your phone again), all the info are preserved fin",False,"Discussion about backing up and transferring photos, not searching for a specific photo.",,not_specified,[],[],not_mentioned,,not_applicable,,none_mentioned,unknown,,neutral,"If you download the photos manually from Google Photos to your phone and then upload them to whatever app you want (through your phone again), all the info are preserved fine.",,
5f9a650c250e,reddit_comment,"Thank you but I have 100,000 pictures and videos. With about a thousand plus albums. I would literally have to pay a crowdsource network of Amazon Turks to do this for me.",False,"Talks about having 100,000 pictures and videos regarding backup/storage migration.",,not_specified,[],[],not_mentioned,,not_applicable,,none_mentioned,unknown,,neutral,"Thank you but I have 100,000 pictures and videos.",,
640cbdd36681,reddit_comment,"For a one-time transfer tool that would retain the exif data of the original images + the GP-added stuff (album tags, location edits or additions, description, edited date/time), I'd be willing to pay",False,Transfer tool and exif data discussion.,,not_specified,[],[],not_mentioned,,not_applicable,,none_mentioned,unknown,,neutral,For a one-time transfer tool that would retain the exif data of the original images + the GP-added stuff... I'd be willing to pay quite a bit,,
604e4698bb1b,reddit_comment,A part of it could also be the recycle bin. But files get cleared automatically in 1-3 months (I don't remember exactly how long they stay in there),False,Discusses recycle bin and file deletion timing.,,not_specified,[],[],not_mentioned,,not_applicable,,none_mentioned,unknown,,neutral,A part of it could also be the recycle bin. But files get cleared automatically in 1-3 months,,
98328dddf7d1,reddit_post,"Anyone else notice how bad the new Google Photos Search is?  Yesterday, for example, I search for pics with the new version, and it gave me 2 pics.  It did show I could click to ""see more"", but clicki",True,"User searched for pictures using the new version, got almost no results, but found them using classic search.",Searching for pictures using keywords in the new AI search version.,not_specified,['text_content'],['none_stated'],single_keyword,,app_misunderstands,new search gave only 2 pics and said no more results,check_other_app,unknown,not_specified,frustrated,"I switch back to ""Classic Search"" and put in same word and got all the pics I was expecting",vague_memory_retrieval,remembers many matching photos; new search returns only two results
cd2056b9e012,reddit_post,"as you guys see in the screenshot, its loading on infinity, been waiting for like 15 minutes and several hours but still stuck at this loading style, been tryinh to reinstal, clear cache, clear data, ",False,"Magic eraser stuck loading issue, not search/retrieval.",,not_specified,[],[],not_mentioned,,not_applicable,,none_mentioned,unknown,,frustrated,"as you guys see in the screenshot, its loading on infinity, been waiting for like 15 minutes and several hours",,
53b5ac71d334,reddit_comment,And they are no longer in time order. It kills me,True,Discusses search results no longer being in time order.,Retrieving search results in chronological order.,not_specified,['none_stated'],['none_stated'],not_mentioned,,app_misunderstands,search results are no longer in time order,none_mentioned,unknown,not_specified,frustrated,And they are no longer in time order. It kills me,ui_navigation_regression,
520bdcd5ebad,reddit_comment,Right?  Such garbage results,True,Agrees that search results are garbage.,Getting relevant results from photo search.,not_specified,['none_stated'],['none_stated'],not_mentioned,,app_misunderstands,search returns garbage results,none_mentioned,unknown,not_specified,frustrated,Right? Such garbage results,vague_memory_retrieval,remembers specific target; search returns garbage results
f850dfffe05e,reddit_comment,Frl with the earlier search update you could select to see it in order now you can’t like wtf,True,Complains about inability to view search results in order anymore.,Viewing search results in chronological order.,not_specified,['none_stated'],['none_stated'],not_mentioned,,cannot_refine,cannot sort search results in order,none_mentioned,unknown,not_specified,frustrated,Frl with the earlier search update you could select to see it in order now you can’t like wtf,ui_navigation_regression,
48b2f6381a86,reddit_comment,"It's absolute garbage for me on the app. e.g. if I search for ""23 April 2023"" i get a whole bunch of seemingly random photos. If I do the exact same search on [photos.google.com](http://photos.google.",True,Searching for a specific date gives random photos on the app instead of correct ones.,Searching for photos from a specific date.,not_specified,['exact_date'],['none_stated'],date_only,23 April 2023,app_misunderstands,date search returned a whole bunch of seemingly random photos on the app,check_other_app,months,not_specified,frustrated,"if i search for ""23 April 2023"" i get a whole bunch of seemingly random photos.",vague_memory_retrieval,remembers date 23 April 2023; app search returns random photos instead of date
fc1b135ca190,reddit_comment,The last sentence is so funny🤣🤣🤣,False,"Laughing at a previous comment, not about retrieving a photo.",,not_specified,[],[],not_mentioned,,not_applicable,,none_mentioned,unknown,,positive,The last sentence is so funny🤣🤣🤣,,
336f3e11e0b3,reddit_comment,"Just turn it off... 

Go into photo settings, preferences, Gemini features in photos, and turn off the first option.",False,"Providing instructions on how to turn off Gemini features in settings, not a retrieval complaint itself.",,not_specified,[],[],not_mentioned,,not_applicable,,none_mentioned,unknown,,neutral,"Go into photo settings, preferences, Gemini features in photos, and turn off the first option.",,
c822eb17b510,reddit_comment,i don't have that option in photos settings,False,"User is talking about app settings/UI options, not trying to find a photo.",,not_specified,[],[],not_mentioned,,not_applicable,,none_mentioned,unknown,,neutral,i don't have that option in photos settings,,
9d0f8f00d765,reddit_comment,unfortunately even when I turn off Gemini features the search still uses Gemini not assistant 😑,False,User is complaining about AI search behavior/Gemini features rather than trying to retrieve a specific photo.,,not_specified,[],[],not_mentioned,,not_applicable,,none_mentioned,unknown,,frustrated,unfortunately even when I turn off Gemini features the search still uses Gemini not assistant 😑,,
71cccbaaec2c,reddit_comment,Thanks. Just did!,False,Generic reply agreeing with another comment.,,not_specified,[],[],not_mentioned,,not_applicable,,none_mentioned,unknown,,positive,Thanks. Just did!,,
808e522eb433,reddit_comment,You are an absolute god send,False,Generic expression of thanks.,,not_specified,[],[],not_mentioned,,not_applicable,,none_mentioned,unknown,,positive,You are an absolute god send,,
09a6d809bbd4,reddit_comment,I've been needing this! Thanks!!!!,False,Generic expression of gratitude.,,not_specified,[],[],not_mentioned,,not_applicable,,none_mentioned,unknown,,positive,I've been needing this! Thanks!!!!,,
f0108189d675,reddit_comment,"It's really, really bad. I've contacted support with screen shots but don't think I got anywhere.",False,"User mentions contacting support about search being bad, but does not describe trying to find a specific photo.",,not_specified,[],[],not_mentioned,,not_applicable,,none_mentioned,unknown,,frustrated,"It's really, really bad. I've contacted support with screen shots but don't think I got anywhere.",,
d358d29d9b1c,reddit_comment,Where are we supposed to see this?,False,User is asking about a UI element related to Magic Eraser.,,not_specified,[],[],not_mentioned,,not_applicable,,none_mentioned,unknown,,neutral,Where are we supposed to see this?,,
e7d227ed1fa5,reddit_post,"I've been working on tools for Google Photos migration for a while (some of you might know Metadata Fixer). The #1 complaint I kept hearing was about Takeout itself — the waiting, the massive ZIPs tha",False,"Post is about downloading photos, storage cleanup, and Google Takeout alternatives.",,not_specified,[],[],not_mentioned,,not_applicable,,none_mentioned,unknown,heavy-screenshot user,neutral,Free Chrome extension to downloads your Google Photos and Clean up storage.,,
2671a534b4dc,reddit_comment,"Weird indeed!  
This is prob more a Google account issue.   
If you visit r/GoogleOne I am sure you’ll find better and faster answers.",False,User is discussing storage limits and Google One accounts.,,not_specified,[],[],not_mentioned,,not_applicable,,none_mentioned,unknown,,neutral,This is prob more a Google account issue.,,
4ff51a7cb858,reddit_comment,"Shared albums. There's no way to get albums shared with you in takeout.  
If Takeout works fine for you, stick with it - Snapback is just another way to get there.  
  
That said, we can iterate on th",False,Comment discusses shared albums in Takeout vs. export tools.,,not_specified,[],[],not_mentioned,,not_applicable,,none_mentioned,unknown,,neutral,Shared albums. There's no way to get albums shared with you in takeout.,,
5137d30b76ff,reddit_comment,"Losing the album markers is my biggest beef too. GP displays the names of albums a photo is included within, so the pointer info must be there somewhere. It appears to be an indirect reference (since ",False,Comment discusses losing album markers and metadata during export/download.,,not_specified,[],[],not_mentioned,,not_applicable,,none_mentioned,unknown,,neutral,Losing the album markers is my biggest beef too.,,
daccf5a11918,reddit_comment,So we need to write album names somewhere in the metadata. Got it.,False,Comment is about metadata handling for albums.,,not_specified,[],[],not_mentioned,,not_applicable,,none_mentioned,unknown,,neutral,So we need to write album names somewhere in the metadata. Got it.,,
837bab10e627,reddit_comment,"Well, if you are looking for a free alternative, i'd recommend you to take a look at my tool i have been working on for a while. It may not be in a perfect state yet, but i think it's worth giving it ",False,Comment promotes an alternative backup/export tool.,,not_specified,[],[],not_mentioned,,not_applicable,,none_mentioned,unknown,,neutral,"Well, if you are looking for a free alternative, i'd recommend you to take a look at my tool i have been working on for a while.",,
7409ae4011a2,reddit_comment,"Pixel 8 Pro.

Edit: Also tested photos from the 9 Pro which export the same way using Takeout.

And here's a reddit post from 5 years ago pointing out the same thing:

https://www.reddit.com/r/googlep",False,Discussion is about how Google Takeout handles Live photos.,,not_specified,[],[],not_mentioned,,not_applicable,,none_mentioned,unknown,,neutral,Pixel 8 Pro.,,
c4d4d420ca0c,reddit_comment,"Try it now, just add a few motion photos to an album and do a Takeout of it and see what you get.",False,Comment discusses testing motion photos export in Google Takeout.,,not_specified,[],[],not_mentioned,,not_applicable,,none_mentioned,unknown,,neutral,"Try it now, just add a few motion photos to an album and do a Takeout of it and see what you get.",,
a23296df8fa8,reddit_post,"Recently, I backed up my trip videos on the Photos app because Google was offering 5 TB of free storage for a year. I thought my videos would be safe there, so I deleted all the videos from my phone. ",False,"User deleted trip videos from phone after backing them up and couldn't find them, but the issue is about storage, backup, and deletion rather than a retrieval/search problem.",,not_specified,[],[],not_mentioned,,not_applicable,,none_mentioned,unknown,,frustrated,"Recently, I backed up my trip videos on the Photos app because Google was offering 5 TB of free storage for a year.",,
9d87de1311e3,reddit_comment,"https://www.reddit.com/r/googlephotos/s/dqbygr4Oqk

Where are you looking for them?",False,Comment asking where the user is looking for deleted files.,,not_specified,[],[],not_mentioned,,not_applicable,,none_mentioned,unknown,,neutral,Where are you looking for them?,,
ad4cff17b9cf,reddit_comment,"Google Photos is a gallery app and a sync app. When you delete, it warns you that the item will be deleted ***everywhere***. You did it anyway and now have surprised Pikachu face. You should've used t",False,Comment discussing sync behaviour and deletion warning mechanics.,,not_specified,[],[],not_mentioned,,not_applicable,,none_mentioned,unknown,,frustrated,Google Photos is a gallery app and a sync app.,,
e6a951f207c1,reddit_post,"Samsung Note 10+ – Photos not showing in Gallery

My camera photos and screenshots suddenly stopped showing in Samsung Gallery. The files are still present in DCIM/Camera and open normally, but they d",False,User is complaining about local camera roll and screenshot files not showing up in the Samsung Gallery or Google Photos apps.,,not_specified,[],[],not_mentioned,,not_applicable,,none_mentioned,unknown,Samsung Note 10+ user,frustrated,My camera photos and screenshots suddenly stopped showing in Samsung Gallery.,,
78cd2fb3da46,reddit_post,"I did my first takeout to Google drive, it's a bunch of zip files which is fine. I scheduled another takeout for every two months. I just send them all to a remote location with rclone for safe keepin",False,User is asking a technical question about Google Takeout incremental backups and file exports.,,not_specified,[],[],not_mentioned,,not_applicable,,none_mentioned,unknown,,neutral,"I did my first takeout to Google drive, it's a bunch of zip files which is fine.",,
51646f5434a7,reddit_comment,"Depends whether you selected the option for incremental changes in Google Photos. I do not know if that option is available when selecting multiple products. 

Keep in mind that the incremental photos",False,Comment explaining Google Takeout incremental options and backup duplication.,,not_specified,[],[],not_mentioned,,not_applicable,,none_mentioned,unknown,,neutral,Depends whether you selected the option for incremental changes in Google Photos.,,
47b6a890736e,reddit_post,"I recently switched phones. When I open the Google photos app, it shows me photos from the last few years, but none older than that. However, when I open Google photos on a laptop web browser, I can s",False,"User is complaining that the mobile app does not show photos older than a few years, which is a sync/visibility app issue rather than searching for a specific remembered photo.",,not_specified,[],[],not_mentioned,,not_applicable,,none_mentioned,unknown,,frustrated,"When I open the Google photos app, it shows me photos from the last few years, but none older than that.",,
6bbf11945e59,reddit_comment,"Is it a ""find the differences"" challenge or what? Don't post random stuff with no context.",False,Irrelevant comment about an image post.,,not_specified,[],[],not_mentioned,,not_applicable,,none_mentioned,unknown,,frustrated,Don't post random stuff with no context.,,
f9f1c3904f51,reddit_post,"Hi, did anybody else get this message? And if so, how did you solve it? For context my storage is full and i’m trying to erase images from google photos but it keeps deleting from my phone as well, bu",False,User is dealing with a full storage issue and issues undoing backup/deletion.,,not_specified,[],[],not_mentioned,,not_applicable,,none_mentioned,unknown,,frustrated,For context my storage is full and i’m trying to erase images from google photos but it keeps deleting from my phone as well,,
d7cef132670b,reddit_comment,"Create another Google account or two and share the photos between them.

Edit: You can create a shared album with the photos you want to move to the secondary account, then use the 'Save' option in th",False,Comment providing a workaround for full storage by using multiple Google accounts.,,not_specified,[],[],not_mentioned,,not_applicable,,none_mentioned,unknown,,neutral,Create another Google account or two and share the photos between them.,,
ec694d6a383b,reddit_post,"Face grouping used to work great but since about January it won't recognise any new faces apart from pets. 

\-Face grouping is definitely turned on 

\-Backup is definitely turned on

\-Google photos",False,"User is complaining about face grouping feature not recognizing new faces, which is an indexing/metadata feature bug rather than finding a photo.",,not_specified,[],[],not_mentioned,,not_applicable,,none_mentioned,unknown,,frustrated,Face grouping used to work great but since about January it won't recognise any new faces apart from pets.,,
50fcf6485c7f,reddit_comment,"Unfortunately there isn’t a reliable manual rebuild for face grouping. Since you’ve already done the usual client-side resets, I’d stop repeating reinstalls and sign-outs: the grouping itself is proce",False,Comment troubleshooting face grouping issues.,,not_specified,[],[],not_mentioned,,not_applicable,,none_mentioned,unknown,,neutral,Unfortunately there isn’t a reliable manual rebuild for face grouping.,,
9566b763355e,reddit_comment,I just checked and it's a few new photos from the last week but that's it,False,Comment about face grouping status on photos.,,not_specified,[],[],not_mentioned,,not_applicable,,none_mentioned,unknown,,neutral,I just checked and it's a few new photos from the last week but that's it,,
77c43244c65c,reddit_comment,"That is a useful clue: new photos are reaching the library, but people recognition is only touching a few of them while pets still work. I would include exactly that in Send feedback, along with the J",False,Comment discussing face grouping diagnostics.,,not_specified,[],[],not_mentioned,,not_applicable,,none_mentioned,unknown,,neutral,"That is a useful clue: new photos are reaching the library, but people recognition is only touching a few of them while pets still work.",,
ff343b7c6dfd,reddit_post,Sick of paying a subscription to keep all my photos and videos on Google Photos. Has anyone found a way to get an organized file of all my photos/video that I can download and keep on a physical flash,False,"User wants to download all photos to a physical flash drive to avoid subscription fees, which is a pricing/backup/download complaint.",,not_specified,[],[],not_mentioned,,not_applicable,,none_mentioned,unknown,,frustrated,Sick of paying a subscription to keep all my photos and videos on Google Photos.,,
4c85e3368dce,reddit_post,"https://preview.redd.it/d3s0natutcoh1.png?width=1404&format=png&auto=webp&s=4fdc8e1e0df4aa7eb2901db0bcdcb20901e9d5b5

Sorry for the flood of questions, dealing with a lot of weird stuff migrating phot",False,"The user is talking about migrating and saving shared albums, not trying to find a specific lost photo.",,not_specified,[],[],not_mentioned,,not_applicable,,none_mentioned,unknown,,neutral,Mostly just want to know when exactly actually this will be done for good.,,
d5ce945a28c6,reddit_post,"When I bought my Pixel 9 pro I was enticed by the reimagine feature being heavily advertised that at the time was exclusive to this device. Eventually it was available to other devices, then eventuall",False,"The user is complaining about editing features (reimagine/magic editor) being removed, not finding a photo.",,not_specified,[],[],not_mentioned,,not_applicable,,none_mentioned,unknown,,frustrated,I'm so sick of editing features being moved or missing everytime I go to use them.,,
b0d4b6635b5d,reddit_post,I recently got force-switched from the Google Drive photo syncer to the Web App photo syncer for my Windows PC.  I'm finding that this product went from usable to useless.  So I'm wondering if there a,False,"The user is complaining about the Google Drive photo syncer web app taking too long to backup, not searching for photos.",,not_specified,[],[],not_mentioned,,not_applicable,,none_mentioned,unknown,,frustrated,Every time I open a Google Photos tab in Chrome the tab seems to restart a backup from scratch,,
07675348251d,reddit_post,"My Google account was disabled immediately after I bulk-uploaded a large family archive and an old WhatsApp backup containing \~21,000 files.

I had not individually reviewed every file, so I genuinel",False,"Account suspension/ban issue due to bulk backup, not about retrieving a specific photo.",,not_specified,[],[],not_mentioned,,not_applicable,,none_mentioned,unknown,,frustrated,My Google account was disabled immediately after I bulk-uploaded a large family archive,,
130386325fde,reddit_comment,"True, but even if you're on a paid plan, your contribution still can't provide the 25%-60%+ ROI equity firms want.

I would never trust any cloud company with my data. And this is not about mistrust *",False,"General commentary on cloud storage safety and equity firms, not about finding a photo.",,not_specified,[],[],not_mentioned,,not_applicable,,none_mentioned,unknown,,neutral,I would never trust any cloud company with my data.,,
4e73d47ba236,reddit_comment,"Exactly. It does the same with my mobile, except every couple of months, I download the photos from Google Photos. After I download the photos from Google, I delete them from Google as well, which als",False,Discussion about local downloading and deleting from cloud due to privacy and account ban fears.,,not_specified,[],[],not_mentioned,,not_applicable,,none_mentioned,unknown,,frustrated,"I don't trust Google or Microsoft with my photos, it's that simple.",,
b9a670d38888,reddit_comment,"I'm new to all this, so I apologize in advance. 

I am looking to storing (copies) my photos in a secondary backup, which would either be an ssd or hdd but I don't know which to go with. I have a phon",False,User is asking questions about secondary backups to SSD/HDD instead of Google Photos.,,not_specified,[],[],not_mentioned,,not_applicable,,none_mentioned,unknown,,neutral,"I am looking to storing (copies) my photos in a secondary backup, which would either be an ssd or hdd",,
931491947654,reddit_comment,"SSDs store files with electronic charge that can be lost when unplugged, whilst Hard Drives use a platter of discs to store theirs, and do not lose charge.

Nothing is secured on hard disks or SSDs. A",False,"Technical explanation of SSD vs HDD storage, metadata, and longevity.",,not_specified,[],[],not_mentioned,,not_applicable,,none_mentioned,unknown,,neutral,"For images, they usually come with metadata - data about the photo.",,
5eab84f57a52,reddit_comment,"They're not gone. They're just removed from your device because they are backed up in your Google online storage. You can still see them, use them, share them (including to other apps) from Google Pho",False,"Instructions on how to use Google Takeout after clicking free up space, not about finding a specific missing photo.",,not_specified,[],[],not_mentioned,,not_applicable,,none_mentioned,unknown,,neutral,"If you really want them back on your device, use the Google Takeout website to order a backup download.",,
3b4569889560,reddit_post,"&#x200B;

I thought I was losing it becuz I knew I took screenshots of things but they are not showing up in my photos like always, this just happened overnight into today, I haven't done anything dif",True,The user is trying to find screenshots they know they took because they are no longer showing up in the main photos feed.,The user is trying to locate recent screenshots that disappeared from the main photos stream after a system update.,screenshot,['none_stated'],"['place_location', 'people_present', 'visual_detail']",not_mentioned,,content_not_indexed,screenshots missing from main timeline feed after update,none_mentioned,days,heavy-screenshot user,frustrated,I thought I was losing it becuz I knew I took screenshots of things but they are not showing up in my photos like always,ui_navigation_regression,
32aa13b12582,reddit_comment,Open the Photos app and go into Collections>On This Device>Screenshots and see if the backup toggle is on.,True,Providing a navigation path to locate screenshots that are not showing up in the main feed.,The user is navigating app collections to find missing screenshots.,screenshot,['none_stated'],['none_stated'],not_mentioned,,cannot_express,user needed UI navigation help to find hidden folder,browse_albums,unknown,,neutral,Open the Photos app and go into Collections>On This Device>Screenshots and see if the backup toggle is on.,ui_navigation_regression,
bf41bfd0e319,reddit_comment,"It is on but what's weird is my screenshots aren't there, they are super old ones",True,The user checked the specified screenshots folder but could not find the specific recent screenshots they were looking for.,The user is trying to find recent screenshots inside the device folder but only sees old ones.,screenshot,['approx_time'],['visual_detail'],not_mentioned,,app_misunderstands,folder view only shows super old screenshots,browse_albums,days,,frustrated,"what's weird is my screenshots aren't there, they are super old ones",ui_navigation_regression,
d125c92f7e60,reddit_comment,If they're not in the Screenshots folder then they've been deleted at some point.,True,Discussing whether missing screenshots were deleted or lost from the user's view.,The user is trying to determine why screenshots are missing from the folder.,screenshot,['none_stated'],['none_stated'],not_mentioned,,content_not_indexed,screenshots deleted or unfindable in standard views,none_mentioned,unknown,,neutral,If they're not in the Screenshots folder then they've been deleted at some point.,data_missing_sync,
d5e4e0171b9f,reddit_comment,"I eventually found them in "" collections "" and then in ""on this device"", this makes no sense, they always just showed up in photos before overnight, I've had this phone almost a year and it's always b",True,The user successfully located missing screenshots in a deeply nested UI menu but is frustrated by the extra friction.,The user tried to find recent screenshots that vanished from the main timeline and had to dig into device collections.,screenshot,['none_stated'],['none_stated'],not_mentioned,,cannot_refine,screenshots hidden under deep menu layers instead of main photos view,browse_albums,days,heavy-screenshot user,frustrated,"I eventually found them in "" collections "" and then in ""on this device"", this makes no sense",ui_navigation_regression,
61beaf4fb03a,reddit_comment,Go into the Photos Settings>Preferences>Photos View and look for the 'Hide clutter from other apps' toggle.  If it's on things like screenshots get hidden from the main page.,True,Explaining a setting toggle that causes screenshots/other app photos to be hidden from the main view when users try to find them.,The user is trying to find screenshots that were hidden from the main page due to a settings toggle.,screenshot,['none_stated'],['none_stated'],not_mentioned,,wrong_metadata,hide clutter setting hides screenshots from main page,none_mentioned,unknown,,neutral,If it's on things like screenshots get hidden from the main page.,ui_navigation_regression,
b184ef1f2245,reddit_comment,Is the folder turned on for screenshots,False,"Discussing folder settings for screenshots, not searching for a specific photo.",,not_specified,[],[],not_mentioned,,not_applicable,,none_mentioned,unknown,,neutral,Is the folder turned on for screenshots,,
1d6455e11bab,reddit_comment,"Yes it was, I ended up going thru a ton of different screens and clicked one thing to see if it would change anything, I have no idea why it was clicked to begin with, it was not anywhere near what pe",False,"Discussing a folder visibility toggle and settings, not a photo retrieval action.",,not_specified,[],[],not_mentioned,,not_applicable,,none_mentioned,unknown,,neutral,stuff was hidden for some reason when it never has been,,
3df7c6e45eb0,reddit_comment,"Never did ask if you had android or iPhone. It’s been a while, but I know in an Android while in the Google Photos app you used to click on your account image and it would bring up the list. And in th",False,Providing instructions on how to toggle backup folders.,,not_specified,[],[],not_mentioned,,not_applicable,,none_mentioned,unknown,,neutral,When you opened that it would show all of your albums and you could toggle each one on or off,,
f51cbce9b512,reddit_comment,"It's an android, this wasn't the issue, I ended up messing around in the phone for a long time and got lucky and found an area to click off and that solved it, it wasn't anything anyone suggested, I c",False,"Discussing phone settings for visibility, not searching for a photo.",,not_specified,[],[],not_mentioned,,not_applicable,,none_mentioned,unknown,,neutral,I ended up messing around in the phone for a long time and got lucky and found an area to click off and that solved it,,
3213fd92cb77,reddit_comment,"And nevermind, it's happening again even though I fixed it, ugh!!!! Idk what to do!",False,"Complaining about settings reverting, not performing a retrieval.",,not_specified,[],[],not_mentioned,,not_applicable,,none_mentioned,unknown,,frustrated,"And nevermind, it's happening again even though I fixed it, ugh!!!!",,
ddb1045744de,reddit_comment,Screenshots never showed in photos,False,General comment about screenshot visibility.,,not_specified,[],[],not_mentioned,,not_applicable,,none_mentioned,unknown,,neutral,Screenshots never showed in photos,,
cf62815004bb,reddit_comment,"They do if either they're being backed up to cloud storage, or you turn off the setting for 'Only show backed up photos'.",False,Providing a tip about app settings and cloud storage.,,not_specified,[],[],not_mentioned,,not_applicable,,none_mentioned,unknown,,neutral,"They do if either they're being backed up to cloud storage, or you turn off the setting for 'Only show backed up photos'.",,
04f8e3f4c1b4,reddit_comment,Same on my Poco and then I can never find the edit,True,User cannot find edited photos after saving them as a copy.,Finding an edited photo that was saved as a copy on a phone.,other,['none_stated'],"['approx_time', 'place_location', 'visual_detail']",not_mentioned,,gave_up,edited copy is difficult to locate after saving,gave_up,unknown,Poco user,frustrated,Same on my Poco and then I can never find the edit,ui_navigation_regression,
cdf3b1abfbf9,reddit_post,I used to be able to do a search for two people in the same photo. I would search for Bob and Sue and pictures of Bob and Sue would come up. Now. I search for Bob and Sue and get no results found when,True,User is trying to search for a photo containing two specific people (Bob and Sue) and getting no results.,Finding a photo featuring both Bob and Sue by searching their names together.,person_face,['people_present'],"['approx_time', 'place_location', 'visual_detail']",combined_filters,Bob and Sue,app_misunderstands,multi-person search query returned no results despite matching photos existing,none_mentioned,unknown,heavy search user,frustrated,I would search for Bob and Sue and pictures of Bob and Sue would come up. Now. I search for Bob and Sue and get no results found when I know that's clearly wrong.,vague_memory_retrieval,remembers two people in photo; multi-person text search returns no results
8b6be7b12461,reddit_comment,Just enter both names in the search. Works for me.,False,"Providing a tip that multi-person search works for them, not describing personal retrieval failure.",,not_specified,[],[],not_mentioned,,not_applicable,,none_mentioned,unknown,,neutral,Just enter both names in the search. Works for me.,,
955a05734288,reddit_comment,"I tried that and got no results. I tried ""Bob and Sue"" and ""Bob Sue"" and got nothing. Bob alone works great.",True,User is trying to find photos of two people by typing their names together but search fails.,Searching for photos with multiple specific people using their names.,person_face,['people_present'],"['approx_time', 'place_location']",combined_filters,Bob and Sue,app_misunderstands,search for multiple names yielded zero results,none_mentioned,unknown,,frustrated,"I tried that and got no results. I tried ""Bob and Sue"" and ""Bob Sue"" and got nothing.",vague_memory_retrieval,remembers specific people in image; joint name query yields zero results
00ce278a0ffd,reddit_comment,"Use the full name like the face match is named. For my search I entered ""first last"" and selected the automatically matched card. Then I entered the first and last for the second person. No card came ",False,Offering a workaround/instructions for searching multiple people rather than experiencing a retrieval failure.,,not_specified,[],[],not_mentioned,,not_applicable,,none_mentioned,unknown,,neutral,Use the full name like the face match is named.,,
8a69cd68f8a9,reddit_comment,"That works, thanks",False,Acknowledging a successful tip from another user.,,not_specified,[],[],not_mentioned,,not_applicable,,none_mentioned,unknown,,positive,"That works, thanks",,
0c899b15d984,reddit_comment,Great!,False,Expressing satisfaction with a resolved discussion.,,not_specified,[],[],not_mentioned,,not_applicable,,none_mentioned,unknown,,positive,Great!,,
c1e247096879,reddit_comment,the search has definitely changed a lot. for the worse. it's because it's Ai driven. so it's Ai handling ur queries rather than having the ai improve on the search result. the damn thing keeps respond,True,User complains about how AI-driven search handles queries poorly when trying to find photos.,Searching for photos using simple queries that fail due to conversational AI behavior.,not_specified,['none_stated'],['none_stated'],single_keyword,,app_misunderstands,AI treats simple queries like a conversation instead of returning image results,none_mentioned,unknown,,frustrated,the damn thing keeps responding to my simple queries like im trying to have a conversation with it.,ui_navigation_regression,
4235ecf71272,reddit_post,"This morning I added some descriptions to photos to better assist with finding them when searching. [See here](https://imgur.com/a/IlKdIro).

Unfortunately, searching this term doesn't show anything i",True,"The user is trying to find photos they recently added text descriptions to, but search fails to return them.",User is trying to find photos using newly added text descriptions that fail to appear in search results.,text_in_image,['text_content'],['none_stated'],single_keyword,,content_not_indexed,Newly added photo descriptions/metadata were not indexed for search.,none_mentioned,days,not_specified,frustrated,"Unfortunately, searching this term doesn't show anything in the results.",vague_memory_retrieval,remembers newly added description; search for custom descriptor shows nothing
110865df562d,reddit_comment,"I've noticed the same issue before, but then after some random period of time the search will finally work.  I think maybe there's some search index that doesn't always get updated immediately after e",True,Discusses search indexing delays when trying to find photos after adding descriptions.,"User trying to find photos after adding descriptions, noting that search eventually works after a delay.",other,['text_content'],['none_stated'],not_mentioned,,content_not_indexed,Search index does not update immediately after editing photo descriptions.,none_mentioned,unknown,not_specified,neutral,I think maybe there's some search index that doesn't always get updated immediately after editing a photo,vague_memory_retrieval,remembers edited metadata; search index fails to update immediately
9aef38a45016,reddit_comment,That's what some older posts I read said. I'll check tomorrow and see,False,"User is just agreeing to check back on a previous indexing issue tomorrow, not searching for a photo.",,not_specified,[],[],not_mentioned,,not_applicable,,none_mentioned,unknown,not_specified,neutral,That's what some older posts I read said. I'll check tomorrow and see,,
1d17d70c749b,reddit_comment,So have a separate folder just for imports on your PC and put copies in there separate from your backup location.,False,"Discusses folder setup and imports for PC backups, not photo retrieval.",,not_specified,[],[],not_mentioned,,not_applicable,,none_mentioned,unknown,not_specified,neutral,So have a separate folder just for imports on your PC and put copies in there separate from your backup location.,,
f1b9e2fa1f9e,reddit_comment,If you have some technical knowledge you could set up an rclone sync to use the Photos API ([https://rclone.org/googlephotos/](https://rclone.org/googlephotos/)). You could set it to run automatically,False,Discusses technical rclone setup for syncing to Google Photos API.,,not_specified,[],[],not_mentioned,,not_applicable,,none_mentioned,unknown,not_specified,neutral,If you have some technical knowledge you could set up an rclone sync to use the Photos API,,
9eb7f0ff37a0,reddit_comment,"Submit feedback, and also look for some kind of sync option in the gallery app. If you find it, please show us a screen capture.",False,Discusses sync options between gallery app and Google Photos.,,not_specified,[],[],not_mentioned,,not_applicable,,none_mentioned,unknown,not_specified,neutral,"Submit feedback, and also look for some kind of sync option in the gallery app.",,
258f5f6ffa46,reddit_post,"Pointed the site at the folder I had Google drive uploader pointing at and this thing refuses to upload files now. 

It also has no option to exclude raws so instead of a no nonsense uploader I have t",False,Complains about web site folder upload issues and storage/sync.,,not_specified,[],[],not_mentioned,,not_applicable,,none_mentioned,unknown,not_specified,frustrated,Pointed the site at the folder I had Google drive uploader pointing at and this thing refuses to upload files now.,,
fc4fecb0c30f,reddit_comment,"You did it wrong since you have to confirm your action and it tells you what it's going to do. And no, you can't restore them, but since it only deletes stuff that's backed up, you can download it aga",False,Discusses deleting and downloading backed up photos/albums organization.,,not_specified,[],[],not_mentioned,,not_applicable,,none_mentioned,unknown,not_specified,neutral,And albums are a way better solution to organize your stuff instead of local folders.,,
d2a9939c2379,reddit_comment,"Sorry, but that's not how the button works. If I press ""Free up space"" on Google Photos, I'll be prompted to confirm it, and that has to be done every time you do it.

There is nothing that deletes st",False,Discusses how the 'Free up space' deletion button works.,,not_specified,[],[],not_mentioned,,not_applicable,,none_mentioned,unknown,not_specified,neutral,"If I press ""Free up space"" on Google Photos, I'll be prompted to confirm it",,
18f86c2da002,reddit_comment,"I told you that it doesn't give me the prompt, but thank you. It's gonna take me weeks to find everything again....",True,The user lost photos due to deletion and now faces a difficult time finding/recovering everything again.,User is trying to find all their deleted photos again after losing them.,other,['none_stated'],"['approx_time', 'place_location', 'visual_detail']",not_mentioned,,gave_up,User has to manually find everything again after accidental deletion.,scroll_by_date,unknown,not_specified,frustrated,It's gonna take me weeks to find everything again....,data_missing_sync,
fd922ebf9578,reddit_post,"Hello, I have a Samsung s25 ultra with Google photos of course. I have tried a few times this morning to search for a specific photos of my dad and one of my daughters and moving photos and it found t",True,"The user is trying to search for specific photos of their dad and daughter, but search fails to find them.","User is trying to find specific photos of their dad and daughter using search and Gemini, but it fails.",person_face,['people_present'],"['approx_time', 'place_location', 'visual_detail']",natural_language_sentence,,app_misunderstands,Search and Gemini failed to locate correct photos of family members.,none_mentioned,unknown,parent,frustrated,I have tried a few times this morning to search for a specific photos of my dad and one of my daughters... and it failed to find the correct picture.,vague_memory_retrieval,remembers specific family members; search and Gemini fail to find them
425aa27a6d65,reddit_comment,The search function is not as good as it used to be. But face match works great if you take the time to correct it and merge the same faces. Maybe that would work for you.,True,Discusses the performance of the search function and face matching when trying to find people.,User is trying to find specific people using search and face match.,person_face,['people_present'],"['approx_time', 'place_location']",person_name,,app_misunderstands,Search function quality has degraded for finding specific people.,use_face_groups,unknown,not_specified,neutral,The search function is not as good as it used to be. But face match works great,vague_memory_retrieval,remembers specific people; search function fails to locate them reliably
ae8d697dd774,reddit_comment,Thanks a bunch.,False,Simple expression of gratitude.,,not_specified,[],[],not_mentioned,,not_applicable,,none_mentioned,unknown,not_specified,positive,Thanks a bunch.,,
4c7951447de0,reddit_post,"I took two photos, it shouldn’t have brought me over the limit, and definitely not 15.3…Oh well, I deleted some videos, it said it cleared up my storage. I thought it was done. I didn’t touch anything",False,Complains about cloud storage limit jumping unexpectedly and deleting videos to free up space.,,not_specified,[],[],not_mentioned,,not_applicable,,none_mentioned,unknown,heavy-screenshot user,frustrated,"Please help me. I deleted photos after the storage jumped from 15 to 15.3, it went back to 15…And then the storage jumped to 16 in front of my eyes.",,
b67e583924b9,reddit_comment,"Get yourself a large thumb drive (or a few?) and check out google itself on how to download and save photos out of Google Photos. There are also YouTube tutorials you can check out.

Once it’s all bac",False,Discusses downloading and backing up photos to external thumb drives to save online storage.,,not_specified,[],[],not_mentioned,,not_applicable,,none_mentioned,unknown,not_specified,neutral,Get yourself a large thumb drive (or a few?) and check out google itself on how to download and save photos out of Google Photos.,,
43069ffb4ec2,reddit_comment,"Try typing ""selfies"" into the search in Google Photos.

My understanding is that a picture taken by the front camera on a device that contains a face will generally be considered a selfie.",True,The user is discussing how to search for a specific category of photos (selfies) in Google Photos.,Trying to find selfies in Google Photos by searching for the keyword.,person_face,['visual_detail'],['none_stated'],single_keyword,selfies,not_applicable,not applicable,none_mentioned,unknown,,neutral,"Try typing ""selfies"" into the search in Google Photos.",other,
8f7dd74fbead,reddit_comment,That came up with 1000s of false positives for me. It’s just searching for any photos that have a face close up and definitely not taking the lens metadata into consideration.,True,The user attempted to search for selfies in Google Photos and experienced bad results.,Searching for selfies resulted in many false positives because the app matches close-up faces instead of true front-camera metadata.,person_face,['visual_detail'],['source_channel'],single_keyword,selfies,app_misunderstands,search for selfies returned 1000s of false positives with close-up faces,none_mentioned,unknown,,frustrated,That came up with 1000s of false positives for me.,vague_memory_retrieval,remembers selfie concept; search relies on face proximity and ignores lens metadata
4cda35ce1951,reddit_comment,"There’s obviously no way to tell with certainty, but in the EXIF metadata the ‘Lens model’ field will tell you which lens was used. A selfie is more likely to have been taken using the front camera. Y",False,"Discusses EXIF metadata and third-party apps for finding camera info, not searching an existing photo library.",,not_specified,[],[],not_mentioned,,not_applicable,,none_mentioned,unknown,,neutral,in the EXIF metadata the ‘Lens model’ field will tell you which lens was used.,,
63a14c5b32e3,reddit_post,I work 50+ hours a week in a warehouse so meeting people is challenging. I started using pof again after a recurring delete/reinstall. I got lucky and stumbled upon a profile. Her description was dang,False,"The user used Google Images to verify a dating profile, not searching their own photo library.",,not_specified,[],[],not_mentioned,,not_applicable,,none_mentioned,unknown,,frustrated,"To reassure myself that she was real, I dropped her pictures into Google images.",,
32b2848fe02c,reddit_comment,"everyone who dates online stalks the fuck out of whoever they're talking to and pretends otherwise. if she can't admit it, that's her loss and not yours. 

the trick is to bring the things up you find",False,"Discusses online dating habits, unrelated to photo retrieval.",,not_specified,[],[],not_mentioned,,not_applicable,,none_mentioned,unknown,,neutral,everyone who dates online stalks the fuck out of whoever they're talking to and pretends otherwise.,,
c426f38bc19b,reddit_comment,"Plus if you have a website/public profiles on the Internet, guess what? People are going to find them, it isn't like OP was in the tree outside her house, this was totally reasonable.",False,"Comment on a dating/social story, unrelated to photo retrieval.",,not_specified,[],[],not_mentioned,,not_applicable,,none_mentioned,unknown,,neutral,"Plus if you have a website/public profiles on the Internet, guess what? People are going to find them",,
bfb22734557f,reddit_post,"Hey folks. Because I am spreading knowledge out of the goodness of my heart I ask for mercy. I ask you do not rip me to shreds for my naïvety and, frankly, stupidity. Yes. I know. I know all the thing",False,"A personal story about a debit card scam, unrelated to photo retrieval.",,not_specified,[],[],not_mentioned,,not_applicable,,none_mentioned,unknown,,frustrated,"For all I know I have the card of Aidan Labossiere, who according to a cursory Google Search is a player on the men's volleyball team here at York.",,
3233643f21ed,reddit_comment,"I remember telling them I don't have that much in my bank, and carried walking my poor ass home.",False,"Comment on a scam story, unrelated to photo retrieval.",,not_specified,[],[],not_mentioned,,not_applicable,,none_mentioned,unknown,,neutral,"I remember telling them I don't have that much in my bank, and carried walking my poor ass home.",,
6c06d9ee8a54,reddit_comment,The place I work doesnt have any sort of policy like that and sometimes I deal with some reallyyy old customers. I once had a lady trying to buy and just failing miserably. She asked if I could do it ,False,"An anecdote about a customer service card mix-up, unrelated to photo retrieval.",,not_specified,[],[],not_mentioned,,not_applicable,,none_mentioned,unknown,,frustrated,The next day I get a phone call from her saying I stole her card.,,
ae1f8abf1113,reddit_comment,Father of university students. Former university student myself. Former cab driver. I understand the world has changed and that for young people carrying cash may seem to not make much sense. Please b,False,"Comment offering advice on paying cab drivers, unrelated to photo retrieval.",,not_specified,[],[],not_mentioned,,not_applicable,,none_mentioned,unknown,,neutral,Please believe me when I say that having cash to pay a cab driver is the ultimate flex.,,
6d492c4b91c2,reddit_post,"Hi people, 

3 months ago, I posted here about my website, which got a lot of positive feedback. It featured a map of Berlin businesses that had removed user reviews from Google Maps by using the new ",False,"Announcement about a website analyzing Google Maps reviews, unrelated to photo retrieval.",,not_specified,[],[],not_mentioned,,not_applicable,,none_mentioned,unknown,,neutral,"Based on map project, I decided to build TrustScope.",,
0d3f353bba85,reddit_comment,"I forgot to mention it in the documentation because I started to use it later in trust score formula.   
It impacts the trust score the same as “unusual patterns”.

That penalty is logarithmic too: it",False,"Discussion about review trust score formulas, unrelated to photo retrieval.",,not_specified,[],[],not_mentioned,,not_applicable,,none_mentioned,unknown,,neutral,It impacts the trust score the same as “unusual patterns”.,,
b799b74ebe16,reddit_post,"Hello and welcome to the other side of the bricks. **This is a starter guide for everyone who wants to buy any types of bricks, building blocks or minifigures from China.**

It's a reworked version of",False,"A starter guide for buying building blocks/bricks from China, unrelated to photo retrieval.",,not_specified,[],[],not_mentioned,,not_applicable,,none_mentioned,unknown,,neutral,"This is a starter guide for everyone who wants to buy any types of bricks, building blocks or minifigures from China.",,
eba1033fff6f,reddit_comment,"For old sets where none of the new companies make them, is there any way to find a brick list and order the list from a website to build?",False,"Asking about brick lists for building old sets, unrelated to photo retrieval.",,not_specified,[],[],not_mentioned,,not_applicable,,none_mentioned,unknown,,neutral,"For old sets where none of the new companies make them, is there any way to find a brick list and order the list from a website to build?",,
bed019d5527e,reddit_comment,why is it so hard to find minifigs now? i can only find one place that sells minifigs and all the pictures are just black outlines and there aren't even that many options to begin with. did i miss som,False,"Asking where to find minifigures with black outline pictures, unrelated to personal photo library retrieval.",,not_specified,[],[],not_mentioned,,not_applicable,,none_mentioned,unknown,,frustrated,why is it so hard to find minifigs now?,,
4c2287e76fa3,reddit_comment,"Hey, I found my minifigs on Ali express and they’re great quality for what you pay (only starwars, haven’t tried anything else)",False,Discusses buying Lego minifigures on AliExpress.,,not_specified,[],[],not_mentioned,,not_applicable,,none_mentioned,unknown,,neutral,"Hey, I found my minifigs on Ali express and they’re great quality for what you pay",,
4b91b42e05a7,reddit_comment,Is there any webpage to buy individual parts? I want to build a custom lego but I can't find any website to buy lepin pieces,False,Asks where to buy individual Lego parts online.,,not_specified,[],[],not_mentioned,,not_applicable,,none_mentioned,unknown,,neutral,I want to build a custom lego but I can't find any website to buy lepin pieces,,
b80eac363e41,reddit_comment,"Does the site brick4 work for anyone else? The site never fully loads and any chromium based browser refuses to let me search if I have translate (to english) turn on.

Im looking for a clone of (Lego",False,Complains about browser issues on a Lego database website.,,not_specified,[],[],not_mentioned,,not_applicable,,none_mentioned,unknown,,frustrated,The site never fully loads and any chromium based browser refuses to let me search if I have translate (to english) turn on.,,
761b94584397,reddit_post,"**Trevor John Bilodeau** (known locally as Captain Trevor) has been missing from **Clearwater, Florida** since **January 23, 2025**. Despite being registered in federal missing persons databases, **hi",False,A missing person post sharing details about Captain Trevor John Bilodeau.,,not_specified,[],[],not_mentioned,,not_applicable,,none_mentioned,unknown,,neutral,"Trevor John Bilodeau (known locally as Captain Trevor) has been missing from Clearwater, Florida since January 23, 2025.",,
59e696978ed4,reddit_comment,"How strange. Do we know who reported him missing? And you mention a son and a wife. Was the son from a previous relationship, or was he also the wife’s? Was there a custody battle approaching, if he w",False,Asking clarifying questions about a missing person case.,,not_specified,[],[],not_mentioned,,not_applicable,,none_mentioned,unknown,,neutral,How strange. Do we know who reported him missing?,,
86499996f273,reddit_comment,"Unfortunately I wasn't able to find any of that information. I believe the son was from a previous relationship. As he has an ex wife, I was able to find an article about their Marriage. Other then th",False,Replying to questions about a missing person case with available information.,,not_specified,[],[],not_mentioned,,not_applicable,,none_mentioned,unknown,,neutral,Unfortunately I wasn't able to find any of that information.,,
2a50f9cd8d16,reddit_comment,"It’s weird to me he was married in 2023, disappeared January 2025, no one reports him missing until August (?) and she files to dissolve the marriage in November of 2025. 

That’s a lot in a super sho",False,Commenting on the timeline and suspicious details of a missing person case.,,not_specified,[],[],not_mentioned,,not_applicable,,none_mentioned,unknown,,frustrated,"It’s weird to me he was married in 2023, disappeared January 2025, no one reports him missing until August (?) and she files to dissolve the marriage in November of 2025.",,
4f1b97506112,reddit_comment,"From what I could find, his ex wife is residing in New Hampshire, his son however doesn't have any publicity available information. From a photo looks like he was about 6-10 years old in 2017. So he c",False,Discussing background and social media history related to a missing person.,,not_specified,[],[],not_mentioned,,not_applicable,,none_mentioned,unknown,,neutral,"From what I could find, his ex wife is residing in New Hampshire, his son however doesn't have any publicity available information.",,
fb8f12a1a14e,reddit_post,"**Search / SEO**

* **Google calls its DMA-driven EU Search changes the ""largest reduction in quality"" in Google's 29-year history**

Google has rolled out its next round of Digital Markets Act compli",False,"News roundup about SEO updates, Google Search changes, and Google Maps scams.",,not_specified,[],[],not_mentioned,,not_applicable,,none_mentioned,unknown,professional,neutral,Google has rolled out its next round of Digital Markets Act compliance changes affecting vertical search services,,
7a0dedc72d27,reddit_comment,"> **""largest reduction in quality"" in Google's 29-year history**

It's such a petty thing to put in your own docs lol. Anyway doesn't matter who's annoyed, if you do hotels in the EU the local pack is",False,Commenting on Google search changes and local packs in the EU.,,not_specified,[],[],not_mentioned,,not_applicable,,none_mentioned,unknown,professional,neutral,if you do hotels in the EU the local pack is just gone and the OTAs are sitting in that module now,,
5416b3725fa9,reddit_comment,Are tou already seeing traffic movement yet or too early? Interesting if the Hotel Sites module makes up for it at all since it does link to official sites,False,Asking about traffic movement regarding Google Search hotel module changes.,,not_specified,[],[],not_mentioned,,not_applicable,,none_mentioned,unknown,professional,neutral,Are tou already seeing traffic movement yet or too early?,,
221ccaeacaf7,reddit_comment,"yeah the passive aggressive tone in official docs is wild, thats a new one for sure",False,Commenting on the tone of official Google documentation.,,not_specified,[],[],not_mentioned,,not_applicable,,none_mentioned,unknown,professional,neutral,"yeah the passive aggressive tone in official docs is wild, thats a new one for sure",,
f2137ab6cfc2,reddit_comment,"Too early for anything clean. Hotel Sites module is a genuine win for individual properties though. 

But they stripped the prices out of the carousel so people click through to compare and a bunch ju",False,Discussing the impact of Google Search hotel module updates.,,not_specified,[],[],not_mentioned,,not_applicable,,none_mentioned,unknown,professional,neutral,Hotel Sites module is a genuine win for individual properties though.,,
cdc455813c84,reddit_comment,"Google does not deliver quality, For years.",False,General complaint about Google's quality over the years.,,not_specified,[],[],not_mentioned,,not_applicable,,none_mentioned,unknown,,frustrated,"Google does not deliver quality, For years.",,
a3fbfa300025,reddit_comment,The Maps scam bit is the one local teams should act on now. Check GBP photos often and report any image with a phone number in it since real biz photos dont need that.,False,Discussing precautions against Google Maps photo scams involving fake phone numbers.,,not_specified,[],[],not_mentioned,,not_applicable,,none_mentioned,unknown,professional,neutral,The Maps scam bit is the one local teams should act on now.,,
70870328a234,reddit_comment,"The programmatic SEO point is probably the most interesting one here. The issue isn't really the number of pages by itself, but whether those pages add enough unique value. Scaling thin combinations c",False,"Discusses programmatic SEO and Google search changes, not photo retrieval.",,not_specified,[],[],not_mentioned,,not_applicable,,none_mentioned,unknown,,neutral,The programmatic SEO point is probably the most interesting one here.,,
a9aa0eee7311,reddit_post,"This isn't a new idea by any means; from day 1 people have theorized that Paimon might, in some way, be connected to the events which led to the traveler's arrival in Teyvat. But since the game itself",False,Discusses Genshin Impact lore and connections to an old demonology grimoire.,,not_specified,[],[],not_mentioned,,not_applicable,,none_mentioned,unknown,,neutral,"A quick Google search of ""Paimon"" will inevitably be flooded with Genshin-related material, as expected.",,
8cdf549247ae,reddit_post,"Google Play: [https://play.google.com/store/apps/details?id=dev.koalalab.storeandforget](https://play.google.com/store/apps/details?id=dev.koalalab.storeandforget)  
  
Store & Forget, my Android home",True,The user is promoting an inventory app that helps find random items in boxes by searching conceptual descriptions.,Finding a specific random item stored in a box by searching a conceptual description.,object_thing,['visual_detail'],"['place_location', 'approx_time']",natural_language_sentence,the one that keeps drinks hot,succeeded,none,none_mentioned,unknown,ADHD,positive,"Then you find it later by describing what it does: ""the one that keeps drinks hot"", ""the thing for sore muscles"".",other,
69c1711a20bb,reddit_comment,"""The keeper is fading away; the creator has not yet come. But the world shall burn no more, for you shall ascend""

""Now, you who has set foot in this world.

Your journey has reached its end, but one ",False,"Discusses game quotes and character lore theories, not photo retrieval.",,not_specified,[],[],not_mentioned,,not_applicable,,none_mentioned,unknown,,neutral,These are quotes from the Traveler little description and at the end of the regions trailer,,
7ac6d92fb7c5,reddit_comment,"THANK YOU  
I can see this being tremendously helpful, and THANK YOU for giving the members of this subreddit access to the full app. You're a legend!",False,"Comment thanking the developer of an app, not about retrieving a photo.",,not_specified,[],[],not_mentioned,,not_applicable,,none_mentioned,unknown,,positive,"I can see this being tremendously helpful, and THANK YOU for giving the members of this subreddit access to the full app.",,
eaf0477d43c2,reddit_comment,Glad that you find it helpful. Thank you for installing the app. If you can give feedbacks and written review it will be great for the growth of the app.,False,"App developer reply asking for feedback, not about photo retrieval.",,not_specified,[],[],not_mentioned,,not_applicable,,none_mentioned,unknown,,positive,Glad that you find it helpful.,,
25a6fd9f008c,reddit_comment,Do you have promo codes?,False,"Asking for promo codes, not about photo retrieval.",,not_specified,[],[],not_mentioned,,not_applicable,,none_mentioned,unknown,,neutral,Do you have promo codes?,,
6ea906356f26,reddit_comment,yup go to advanced settings at the bottom of the screen tap the version number 5 times. in the console type -  unlock byok,False,"Providing instructions for app settings, not about photo retrieval.",,not_specified,[],[],not_mentioned,,not_applicable,,none_mentioned,unknown,,neutral,yup go to advanced settings at the bottom of the screen tap the version number 5 times.,,
426f5ee50335,reddit_comment,Idk,False,Irrelevant short response.,,not_specified,[],[],not_mentioned,,not_applicable,,none_mentioned,unknown,,neutral,Idk,,
e77a912e6185,reddit_comment,The ui is very neat n pretty. Very calming. And so far the App Is working awesome. This is fantastic idea,False,"UI praise for an app, not about photo retrieval.",,not_specified,[],[],not_mentioned,,not_applicable,,none_mentioned,unknown,,positive,The ui is very neat n pretty.,,
3ff13525d031,reddit_comment,Thanks a lot for your feedback. This means a lot to me. Will keep on improving for you guys.,False,"App developer expressing gratitude, not about photo retrieval.",,not_specified,[],[],not_mentioned,,not_applicable,,none_mentioned,unknown,,positive,Thanks a lot for your feedback.,,
4de32ef8d8c6,reddit_comment,"I will try the app, some little detail I saw is that the language doesn't match the system language and I have to change it manually, but the implementations seems to work well for now, great job!!",False,"App feedback regarding language settings, not about photo retrieval.",,not_specified,[],[],not_mentioned,,not_applicable,,none_mentioned,unknown,,neutral,"I will try the app, some little detail I saw is that the language doesn't match the system language",,
7f86cafe7b80,reddit_comment,It was supposed to automatically use your default language but I will look into it. Thank you for using the app.,False,"App developer acknowledging language bug, not about photo retrieval.",,not_specified,[],[],not_mentioned,,not_applicable,,none_mentioned,unknown,,neutral,It was supposed to automatically use your default language but I will look into it.,,
d325de3100dd,reddit_post,"# MAJOR update 

# 3/15/15: 

# BETTER facebanking

[New facebanking method mostly AUTOMATED](https://www.reddit.com/r/SandersForPresident/comments/49ykor/facebanking_30_wow_it_took_no_time_at_all) an",False,"Political campaigning instructions (facebanking for Bernie Sanders), not about photo retrieval.",,not_specified,[],[],not_mentioned,,not_applicable,,none_mentioned,unknown,,neutral,New facebanking method mostly AUTOMATED and WAY BETTER.,,
0096be61e3d1,reddit_post,"Earlier this year, I purchased a vintage watch on Chrono24 from a private seller. The listing included multiple photos and described the watch as being in “great condition.”

When the watch arrived, I",False,"Complaining about a watch marketplace platform and dispute resolution, not photo retrieval.",,not_specified,[],[],not_mentioned,,not_applicable,,none_mentioned,unknown,,frustrated,"Earlier this year, I purchased a vintage watch on Chrono24 from a private seller.",,
48f57270b268,reddit_comment,"Hey My thread was removed by reddit mods...,

Feel free to use below.

This is the most efficient way to facebank, you can literally cover every state in a single day!!!! 

The current problem: Messag",False,"Discusses political campaign strategies and facebook tagging techniques, unrelated to finding photos.",,not_specified,[],[],not_mentioned,,not_applicable,,none_mentioned,unknown,,neutral,,,
42254a2da84c,reddit_comment,"> Hi jjacks60. Thank you for participating in /r/SandersForPresident. However, your submission did not meet the requirements of the community guidelines and was therefore removed for the following rea",False,"Moderation notice and discussion about post removal, completely unrelated to photo retrieval.",,not_specified,[],[],not_mentioned,,not_applicable,,none_mentioned,unknown,,neutral,,,
cce307ff8723,reddit_comment,"I used Michigan as the location.

Description =

---INVITE YOUR FRIENDS---
To find which friends of yours (and which Mutual Friends of yours) support Bernie Sanders, visit BernieFriendFinder.com! Choo",False,"Political event description mentioning photo ID requirements for voting, but not searching for a photo.",,not_specified,[],[],not_mentioned,,not_applicable,,none_mentioned,unknown,,neutral,,,
ac870c3f7056,reddit_post,"Examples of old comments of mine that the mods tracked down & deleted: [this](https://www.reddit.com/r/worldnews/comments/dfc6qi/disneyowned_espn_forbids_discussion_of_chinese/f32iio0/), [this](https:",False,"Contains lists of companies and articles related to China and censorship, not photo search.",,not_specified,[],[],not_mentioned,,not_applicable,,none_mentioned,unknown,,neutral,,,
7f7f07e4a4bb,reddit_comment,"we all know r/worldnews and r/politics are intolerant garbage subs that sprouts liberal views but when it comes to any other country then America then it's suddenly hate speech, just look at how they ",False,"Political comment about subreddits and censorship, unrelated to photo retrieval.",,not_specified,[],[],not_mentioned,,not_applicable,,none_mentioned,unknown,,neutral,,,
c1cb36784cd2,reddit_post,"Direct copy of u/lebbe 's comment on a trending worldnews post, posting for more awareness. 

Apologies for formatting since im on cellphone.
If you know better subs to post this on go ahead
Business ",False,"List of companies under Chinese censorship orders, unrelated to finding photos.",,not_specified,[],[],not_mentioned,,not_applicable,,none_mentioned,unknown,,neutral,,,
6fbb1fb7ab3e,reddit_post,"**This article is the continuation of** [The Two Jackets Case - Part 1](https://www.reddit.com/r/JFKassasination/s/NmUPFtTUaE)**. Due to the character limit, I had to split the article into two parts.",False,"Historical analysis of the JFK assassination and testimonies, not photo retrieval.",,not_specified,[],[],not_mentioned,,not_applicable,,none_mentioned,unknown,,neutral,,,
1f56c1b45873,reddit_comment,"I’m sorry, but you haven’t read the article and you’re responding with prejudice.

In my article I prove with 100% certainty that Oswald was wearing CE 162 and that he was the one who killed Tippit. T",False,"Discussion about JFK assassination theories, unrelated to photo retrieval.",,not_specified,[],[],not_mentioned,,not_applicable,,none_mentioned,unknown,,neutral,,,
453633987dbc,reddit_comment,"First of all, I want to make it clear that I will reply to every single comment that criticizes my articles, without exception. Any delay depends solely on the length of my response.

I do not use LLM",False,"Debating witness testimonies regarding jackets in the JFK assassination, not searching for user photos.",,not_specified,[],[],not_mentioned,,not_applicable,,none_mentioned,unknown,,neutral,,,
41daf774f03b,reddit_comment,"You didn't spot your contradiction?

First, you say this:

>*Markham, Scoggins, and Barbara Davis thought the jacket (Warren Commission exhibit 162) was a little too light.*

Then you say this:

>acco",False,"Further debate on JFK assassination witness testimonies, unrelated to photo search.",,not_specified,[],[],not_mentioned,,not_applicable,,none_mentioned,unknown,,neutral,,,
1d3aac1fa470,reddit_comment,"Show me exactly which witness supports the Irving–163 scenario.  Have you read my article, so to know what my argument is about? The discussion regarding the location of Tippit's murder is completely ",False,"Historical discourse about JFK assassination evidence and reports, not personal photo search.",,not_specified,[],[],not_mentioned,,not_applicable,,none_mentioned,unknown,,neutral,,,
393b5480f2e9,reddit_post,"While reverse-engineering the Zomato API to build Jomato (the open-source client I shared recently ), I stumbled upon a privacy flaw. It allows anyone to track a user's order history; and by extension",False,"Discusses a privacy vulnerability and API design flaw in Zomato, not photo retrieval.",,not_specified,[],[],not_mentioned,,not_applicable,,none_mentioned,unknown,,neutral,,,
a2c21e6e2e89,reddit_post,"Welcome to /r/DeGoogle!

If you're on the new reddit, please check out our rules in the sidebar or use the following link https://old.reddit.com/r/degoogle/about/rules/

&nbsp;

Ever seen some informa",False,"Advocating for digital privacy and de-googling, unrelated to finding specific photos.",,not_specified,[],[],not_mentioned,,not_applicable,,none_mentioned,unknown,,neutral,,,
c5ec4e28e9a2,reddit_comment,">Namaste!
Thanks for submitting to r/developersIndia. While participating in this thread, please follow the Community [Code of Conduct](https://developersindia.in/code-of-conduct/) and [rules](https:/",False,"Subreddit auto-moderator notice, unrelated to photo retrieval.",,not_specified,[],[],not_mentioned,,not_applicable,,none_mentioned,unknown,,neutral,,,
62d6516a786d,reddit_comment,"I could lie to my manager that I’m sick when I’m actually on a trip to a different city.

Now my manager can use this and find that I was lying.

This is a very valid concern. They must anonymize the ",False,"Discusses privacy concerns regarding order history tracking, not photo search.",,not_specified,[],[],not_mentioned,,not_applicable,,none_mentioned,unknown,,neutral,,,
3a06b16ea100,reddit_comment,"How do you guys deal with the “it’s too late” feeling. They already have everything about me from the last 18 years, including recent personal/private information.  Not using them today doesn’t get ri",False,"The text discusses general privacy concerns and web tracking, not searching for a specific photo.",,not_specified,['none_stated'],['none_stated'],not_mentioned,,not_applicable,,none_mentioned,unknown,,neutral,How do you guys deal with the “it’s too late” feeling.,,
3c7a1660fb7d,reddit_comment,"To me degoogle isn't strictly just about privacy. Allow me to just ramble off the cuff for a bit below.

So to be completely honest, I don't intend to, let alone expect to be able to fully extricate m",False,"The text is about decentralizing digital identity and managing email accounts for privacy, not photo retrieval.",,not_specified,['none_stated'],['none_stated'],not_mentioned,,not_applicable,,none_mentioned,unknown,,neutral,To me degoogle isn't strictly just about privacy.,,
1180fae49c19,reddit_comment,I think it's never too late. Information has value if it's accurate and recent. If you take steps to make your information a bit more private then there is no information to be shared (actually sold).,False,"The text discusses online tracking, filter bubbles, and political propaganda, not photo search.",,not_specified,['none_stated'],['none_stated'],not_mentioned,,not_applicable,,none_mentioned,unknown,,neutral,I think it's never too late.,,
dfe9e1a82c46,reddit_comment,"Personally for me it's not about google knowing shit about me, it's about google deciding what I need to know. I have nothing to hide but the relentless advertising and manipulation of search results ",False,"The text is about platform wars, operating systems, and account usability, not retrieving a photo.",,not_specified,['none_stated'],['none_stated'],not_mentioned,,not_applicable,,none_mentioned,unknown,,neutral,"Personally for me it's not about google knowing shit about me, it's about google deciding what I need to know.",,
560ca67f43b8,reddit_post,"From [https://twitter.com/advadnoun/status/1351038053033406468](https://twitter.com/advadnoun/status/1351038053033406468):

>The Big Sleep  
>  
>Here's the notebook for generating images by using CLI",False,"The text is a guide on using text-to-image AI generation notebooks, not finding existing user photos.",,not_specified,['none_stated'],['none_stated'],not_mentioned,,not_applicable,,none_mentioned,unknown,,neutral,Here's the notebook for generating images by using CLIP to guide BigGAN.,,
93a752f9e550,reddit_comment,"> the outputs so far aren't so hot right now 

I've actually been able to get some pretty impressive results out of this ai, although it takes some time for the images to begin looking particularly ni",False,"The text discusses AI image generation outputs from text prompts, not searching for a photo in a library.",,not_specified,['none_stated'],['none_stated'],not_mentioned,,not_applicable,,none_mentioned,unknown,,positive,I've actually been able to get some pretty impressive results out of this ai,,
5a03fb44c5ca,reddit_post,"I'm copying this post from my blog here (without some of the fluff). If you'd like to read the original, here's a link: http://www.regpaq.com/averaged-317-per-month-amazon-niche-sites-last-year-heres-",False,"The text is an income report and guide on running Amazon affiliate niche sites, not photo retrieval.",,not_specified,['none_stated'],['none_stated'],not_mentioned,,not_applicable,,none_mentioned,unknown,,neutral,I made on average $317/month in passive income last year from two niche sites with the Amazon Associate program.,,
2b07f289699b,reddit_comment,Being able to program allows you to bring an idea into life.  But most often the idea is the most valuable and hardest to find.,False,"The comment is a general remark about programming and software ideas, not photo search.",,not_specified,['none_stated'],['none_stated'],not_mentioned,,not_applicable,,none_mentioned,unknown,,neutral,Being able to program allows you to bring an idea into life.,,
d15ac9869ccf,reddit_comment,"I actually quit my job 3.5 years ago chasing Amazon sites.  I had enough savings and I hated my job, so I went for it... for an entire year I built sites.  I made about 30-40 and found that 10 made an",False,"The comment discusses quitting a job to build Amazon affiliate websites, not photo retrieval.",,not_specified,['none_stated'],['none_stated'],not_mentioned,,not_applicable,,none_mentioned,unknown,,neutral,I actually quit my job 3.5 years ago chasing Amazon sites.,,
